id,term,english,category,alphabet_index,korean_initial,definition,detailed_explanation,related_concepts,source_files,exam_note
CS-001,인수 테스트,Acceptance Test,소프트웨어공학,A,ㅇ,"인수 테스트(인수 테스트)은/는 소프트웨어공학 영역의 핵심 개념으로, 요구사항을 안정적인 소프트웨어로 전환하고 변경 비용을 낮추는 방법론이다.","인수 테스트(인수 테스트)은/는 소프트웨어공학 영역의 핵심 개념으로, 요구사항을 안정적인 소프트웨어로 전환하고 변경 비용을 낮추는 방법론이다. 산출물, 장단점, 적용 상황, 품질 속성에 미치는 영향을 함께 설명하면 면접·논술 답안으로 확장하기 쉽다. 연계 개념은 [[통합 테스트]], [[시스템 테스트]], [[블랙박스 테스트]], [[화이트박스 테스트]], [[테스트]]이며, 학습 시 ""정의 → 동작 원리 → 장단점 → 적용 사례"" 순서로 정리하면 좋다.","[[통합 테스트]], [[시스템 테스트]], [[블랙박스 테스트]], [[화이트박스 테스트]], [[테스트]]",11-02-02-단위-통합-인수테스트.md; 05-14-29-한국은행-2026-컴퓨터공학-학술-4-소프트웨어-공학.md; 11-소프트웨어공학.md,"소프트웨어공학 문제에서는 인수 테스트의 정의만 쓰지 말고 관련 개념(통합 테스트, 시스템 테스트, 블랙박스 테스트)과 비교·차이를 함께 쓰면 가점을 받기 쉽다."
CS-002,접근통제,Access Control,보안,A,ㅈ,접근통제(접근통제)은/는 정보 자산을 보호하거나 공격자가 악용하는 취약 지점을 설명하는 보안 개념이다.,"접근통제(접근통제)은/는 정보 자산을 보호하거나 공격자가 악용하는 취약 지점을 설명하는 보안 개념이다. 공격 원리, 영향, 탐지 단서, 예방·탐지·대응 통제를 구분해 쓰면 금융 보안 답안에 적합하다. 연계 개념은 [[인증]], [[인가]], [[DAC]], [[MAC]], [[암호화]]이며, 학습 시 ""정의 → 동작 원리 → 장단점 → 적용 사례"" 순서로 정리하면 좋다.","[[인증]], [[인가]], [[DAC]], [[MAC]], [[암호화]]",19-1-코스콤-자소서.md; 02-01-기본-전제와-일정.md; 19-3-금융결제원-자소서.md,"보안 문제에서는 접근통제의 정의만 쓰지 말고 관련 개념(인증, 인가, DAC)과 비교·차이를 함께 쓰면 가점을 받기 쉽다."
CS-003,정확도,Accuracy,인공지능·데이터,A,ㅈ,"정확도(정확도)은/는 데이터 기반 예측·분류·분석 과정에서 모델, 학습 방법, 평가 또는 전처리를 설명하는 개념이다.","정확도(정확도)은/는 데이터 기반 예측·분류·분석 과정에서 모델, 학습 방법, 평가 또는 전처리를 설명하는 개념이다. 데이터 누수, 편향, 평가 지표 선택, 운영 중 성능 저하를 함께 고려해야 실제 금융 AI 적용에 적합하다. 연계 개념은 [[테스트 데이터]], [[혼동 행렬]], [[정밀도]], [[재현율]], [[머신러닝]]이며, 학습 시 ""정의 → 동작 원리 → 장단점 → 적용 사례"" 순서로 정리하면 좋다.","[[테스트 데이터]], [[혼동 행렬]], [[정밀도]], [[재현율]], [[머신러닝]]",05-14-33-한국은행-2026-컴퓨터공학-학술-8-머신-러닝.md; 03-08-한국은행-컴퓨터공학-면접-질문-2025.md,"인공지능·데이터 문제에서는 정확도의 정의만 쓰지 말고 관련 개념(테스트 데이터, 혼동 행렬, 정밀도)과 비교·차이를 함께 쓰면 가점을 받기 쉽다."
CS-004,ACID,ACID,데이터베이스,A,A,ACID(ACID)은/는 여러 사용자가 동시에 데이터를 변경해도 결과가 정확하고 장애 후 복구 가능하도록 보장하는 거래 처리 개념이다.,"ACID(ACID)은/는 여러 사용자가 동시에 데이터를 변경해도 결과가 정확하고 장애 후 복구 가능하도록 보장하는 거래 처리 개념이다. 시험에서는 정의만이 아니라 이상현상, 정규화, 인덱스 성능, 트랜잭션 격리 수준과 함께 묶어 서술하는 것이 좋다. 연계 개념은 [[종속성 보존]], [[트랜잭션]], [[원자성]], [[일관성]], [[SQL]]이며, 학습 시 ""정의 → 동작 원리 → 장단점 → 적용 사례"" 순서로 정리하면 좋다.","[[종속성 보존]], [[트랜잭션]], [[원자성]], [[일관성]], [[SQL]]",02-01-기본-전제와-일정.md; 05-14-10-한국은행-2024-컴퓨터공학-학술-파트-I.md; 07-04-트랜잭션과-회복.md,"데이터베이스 문제에서는 ACID의 정의만 쓰지 말고 관련 개념(종속성 보존, 트랜잭션, 원자성)과 비교·차이를 함께 쓰면 가점을 받기 쉽다."
CS-005,AES,AES,보안,A,A,AES(AES)은/는 정보 자산을 보호하거나 공격자가 악용하는 취약 지점을 설명하는 보안 개념이다.,"AES(AES)은/는 정보 자산을 보호하거나 공격자가 악용하는 취약 지점을 설명하는 보안 개념이다. 공격 원리, 영향, 탐지 단서, 예방·탐지·대응 통제를 구분해 쓰면 금융 보안 답안에 적합하다. 연계 개념은 [[대칭키 암호화]], [[비대칭키 암호화]], [[RSA]], [[SHA]], [[인증]]이며, 학습 시 ""정의 → 동작 원리 → 장단점 → 적용 사례"" 순서로 정리하면 좋다.","[[대칭키 암호화]], [[비대칭키 암호화]], [[RSA]], [[SHA]], [[인증]]",04-04-네트워크-프로토콜-보안.md; 03-08-한국은행-컴퓨터공학-면접-질문-2025.md; 05-02-기업은행-기출.md,"보안 문제에서는 AES의 정의만 쓰지 말고 관련 개념(대칭키 암호화, 비대칭키 암호화, RSA)과 비교·차이를 함께 쓰면 가점을 받기 쉽다."
CS-006,애자일,Agile,소프트웨어공학,A,ㅇ,"애자일(Agile)은/는 소프트웨어공학 영역의 핵심 개념으로, 요구사항을 안정적인 소프트웨어로 전환하고 변경 비용을 낮추는 방법론이다.","애자일(Agile)은/는 소프트웨어공학 영역의 핵심 개념으로, 요구사항을 안정적인 소프트웨어로 전환하고 변경 비용을 낮추는 방법론이다. 산출물, 장단점, 적용 상황, 품질 속성에 미치는 영향을 함께 설명하면 면접·논술 답안으로 확장하기 쉽다. 연계 개념은 [[프로토타입 모델]], [[나선형 모델]], [[스크럼]], [[스프린트]], [[테스트]]이며, 학습 시 ""정의 → 동작 원리 → 장단점 → 적용 사례"" 순서로 정리하면 좋다.","[[프로토타입 모델]], [[나선형 모델]], [[스크럼]], [[스프린트]], [[테스트]]",05-08-산업은행-기출.md; 05-03-대구은행-기출.md; 05-14-14-한국은행-2025-컴퓨터공학-학술-4-소프트웨어-공학.md,"소프트웨어공학 문제에서는 애자일의 정의만 쓰지 말고 관련 개념(프로토타입 모델, 나선형 모델, 스크럼)과 비교·차이를 함께 쓰면 가점을 받기 쉽다."
CS-007,AIMD,AIMD,네트워크,A,A,"AIMD(AIMD)은/는 네트워크 통신에서 주소 지정, 경로 선택, 신뢰성, 이름 해석 또는 보안 채널을 구성하는 핵심 요소이다.","AIMD(AIMD)은/는 네트워크 통신에서 주소 지정, 경로 선택, 신뢰성, 이름 해석 또는 보안 채널을 구성하는 핵심 요소이다. 프로토콜의 위치 계층, 헤더에 담기는 식별자, 연결 수립/해제 흐름, 장애 시 진단 명령을 연결해 이해해야 한다. 연계 개념은 [[Go-Back-N]], [[Selective Repeat]], [[Slow Start]], [[HTTP]], [[TCP]]이며, 학습 시 ""정의 → 동작 원리 → 장단점 → 적용 사례"" 순서로 정리하면 좋다.","[[Go-Back-N]], [[Selective Repeat]], [[Slow Start]], [[HTTP]], [[TCP]]",05-06-예탁결제원-기출.md,"네트워크 문제에서는 AIMD의 정의만 쓰지 말고 관련 개념(Go-Back-N, Selective Repeat, Slow Start)과 비교·차이를 함께 쓰면 가점을 받기 쉽다."
CS-008,대체키,Alternate Key,데이터베이스,A,ㄷ,대체키(Alternate Key)은/는 릴레이션에서 튜플을 식별하거나 테이블 간 참조 관계를 유지하는 식별자 개념이다.,"대체키(Alternate Key)은/는 릴레이션에서 튜플을 식별하거나 테이블 간 참조 관계를 유지하는 식별자 개념이다. 시험에서는 정의만이 아니라 이상현상, 정규화, 인덱스 성능, 트랜잭션 격리 수준과 함께 묶어 서술하는 것이 좋다. 연계 개념은 [[후보키]], [[기본키]], [[외래키]], [[복합키]], [[SQL]]이며, 학습 시 ""정의 → 동작 원리 → 장단점 → 적용 사례"" 순서로 정리하면 좋다.","[[후보키]], [[기본키]], [[외래키]], [[복합키]], [[SQL]]",보강 개념(페이지 직접 언급 없음),"데이터베이스 문제에서는 대체키의 정의만 쓰지 말고 관련 개념(후보키, 기본키, 외래키)과 비교·차이를 함께 쓰면 가점을 받기 쉽다."
CS-009,ALU,ALU,컴퓨터구조,A,A,"ALU(ALU)은/는 컴퓨터구조 영역의 핵심 개념으로, 명령어 실행, 캐시, 병렬성, 입출력 병목을 하드웨어 관점에서 설명한다.","ALU(ALU)은/는 컴퓨터구조 영역의 핵심 개념으로, 명령어 실행, 캐시, 병렬성, 입출력 병목을 하드웨어 관점에서 설명한다. 성능 계산에서는 CPI, 히트율, 병렬화 가능 비율처럼 수치화 가능한 요소와 병목 지점을 함께 본다. 연계 개념은 [[컴퓨터구조]], [[CPU]], [[제어장치]], [[레지스터]], [[캐시]]이며, 학습 시 ""정의 → 동작 원리 → 장단점 → 적용 사례"" 순서로 정리하면 좋다.","[[컴퓨터구조]], [[CPU]], [[제어장치]], [[레지스터]], [[캐시]]",05-03-대구은행-기출.md; 04-04-네트워크-프로토콜-보안.md; 02-08-하루-루틴과-주간-점검표.md,"컴퓨터구조 문제에서는 ALU의 정의만 쓰지 말고 관련 개념(컴퓨터구조, CPU, 제어장치)과 비교·차이를 함께 쓰면 가점을 받기 쉽다."
CS-010,AML,AML,금융IT·신기술,A,A,"AML(AML)은/는 금융IT·신기술 영역의 핵심 개념으로, 금융 인프라, 규제, 지급결제, 디지털 자산과 IT 기술의 접점을 설명한다.","AML(AML)은/는 금융IT·신기술 영역의 핵심 개념으로, 금융 인프라, 규제, 지급결제, 디지털 자산과 IT 기술의 접점을 설명한다. 기술적 구조뿐 아니라 규제, 신뢰, 장애 리스크, 소비자 보호 관점을 함께 설명해야 한다. 연계 개념은 [[로보어드바이저]], [[이상거래탐지]], [[KYC]], [[디지털 트윈]], [[전자금융]]이며, 학습 시 ""정의 → 동작 원리 → 장단점 → 적용 사례"" 순서로 정리하면 좋다.","[[로보어드바이저]], [[이상거래탐지]], [[KYC]], [[디지털 트윈]], [[전자금융]]",16-인공지능-기계학습.md; 18-2-RegTech.md; 04-01-빅데이터-블록체인-머신러닝.md,"금융IT·신기술 문제에서는 AML의 정의만 쓰지 말고 관련 개념(로보어드바이저, 이상거래탐지, KYC)과 비교·차이를 함께 쓰면 가점을 받기 쉽다."
CS-011,API 게이트웨이,API 게이트웨이,클라우드·분산시스템,A,A,"API 게이트웨이(API 게이트웨이)은/는 클라우드·분산시스템 영역의 핵심 개념으로, 확장성, 장애 허용, 일관성, 운영 자동화를 다루는 현대 인프라 핵심이다.","API 게이트웨이(API 게이트웨이)은/는 클라우드·분산시스템 영역의 핵심 개념으로, 확장성, 장애 허용, 일관성, 운영 자동화를 다루는 현대 인프라 핵심이다. 단일 노드 설계와 달리 네트워크 분할, 장애 전파, 재시도, 중복 처리, 관측 가능성을 전제로 설계해야 한다. 연계 개념은 [[서버리스]], [[마이크로서비스]], [[서비스 메시]], [[분산 시스템]], [[컨테이너]]이며, 학습 시 ""정의 → 동작 원리 → 장단점 → 적용 사례"" 순서로 정리하면 좋다.","[[서버리스]], [[마이크로서비스]], [[서비스 메시]], [[분산 시스템]], [[컨테이너]]",보강 개념(페이지 직접 언급 없음),"클라우드·분산시스템 문제에서는 API 게이트웨이의 정의만 쓰지 말고 관련 개념(서버리스, 마이크로서비스, 서비스 메시)과 비교·차이를 함께 쓰면 가점을 받기 쉽다."
CS-012,API 경제,API 경제,금융IT·신기술,A,A,"API 경제(API 경제)은/는 금융IT·신기술 영역의 핵심 개념으로, 금융 인프라, 규제, 지급결제, 디지털 자산과 IT 기술의 접점을 설명한다.","API 경제(API 경제)은/는 금융IT·신기술 영역의 핵심 개념으로, 금융 인프라, 규제, 지급결제, 디지털 자산과 IT 기술의 접점을 설명한다. 기술적 구조뿐 아니라 규제, 신뢰, 장애 리스크, 소비자 보호 관점을 함께 설명해야 한다. 연계 개념은 [[메타버스]], [[RPA]], [[오픈 API]], [[양자컴퓨팅]], [[전자금융]]이며, 학습 시 ""정의 → 동작 원리 → 장단점 → 적용 사례"" 순서로 정리하면 좋다.","[[메타버스]], [[RPA]], [[오픈 API]], [[양자컴퓨팅]], [[전자금융]]",보강 개념(페이지 직접 언급 없음),"금융IT·신기술 문제에서는 API 경제의 정의만 쓰지 말고 관련 개념(메타버스, RPA, 오픈 API)과 비교·차이를 함께 쓰면 가점을 받기 쉽다."
CS-013,ARP,ARP,네트워크,A,A,"ARP(ARP)은/는 네트워크 통신에서 주소 지정, 경로 선택, 신뢰성, 이름 해석 또는 보안 채널을 구성하는 핵심 요소이다.","ARP(ARP)은/는 네트워크 통신에서 주소 지정, 경로 선택, 신뢰성, 이름 해석 또는 보안 채널을 구성하는 핵심 요소이다. 프로토콜의 위치 계층, 헤더에 담기는 식별자, 연결 수립/해제 흐름, 장애 시 진단 명령을 연결해 이해해야 한다. 연계 개념은 [[이더넷]], [[MAC 주소]], [[RARP]], [[IP]], [[TCP]]이며, 학습 시 ""정의 → 동작 원리 → 장단점 → 적용 사례"" 순서로 정리하면 좋다.","[[이더넷]], [[MAC 주소]], [[RARP]], [[IP]], [[TCP]]",05-14-10-한국은행-2024-컴퓨터공학-학술-파트-I.md; 04-04-네트워크-프로토콜-보안.md; 05-14-한국은행-기출.md,"네트워크 문제에서는 ARP의 정의만 쓰지 말고 관련 개념(이더넷, MAC 주소, RARP)과 비교·차이를 함께 쓰면 가점을 받기 쉽다."
CS-014,ARP 스푸핑,ARP 스푸핑,보안,A,A,ARP 스푸핑(ARP 스푸핑)은/는 정보 자산을 보호하거나 공격자가 악용하는 취약 지점을 설명하는 보안 개념이다.,"ARP 스푸핑(ARP 스푸핑)은/는 정보 자산을 보호하거나 공격자가 악용하는 취약 지점을 설명하는 보안 개념이다. 공격 원리, 영향, 탐지 단서, 예방·탐지·대응 통제를 구분해 쓰면 금융 보안 답안에 적합하다. 연계 개념은 [[SYN Flood]], [[스머프 공격]], [[DNS 스푸핑]], [[중간자 공격]], [[인증]]이며, 학습 시 ""정의 → 동작 원리 → 장단점 → 적용 사례"" 순서로 정리하면 좋다.","[[SYN Flood]], [[스머프 공격]], [[DNS 스푸핑]], [[중간자 공격]], [[인증]]",05-14-10-한국은행-2024-컴퓨터공학-학술-파트-I.md; 04-04-네트워크-프로토콜-보안.md,"보안 문제에서는 ARP 스푸핑의 정의만 쓰지 말고 관련 개념(SYN Flood, 스머프 공격, DNS 스푸핑)과 비교·차이를 함께 쓰면 가점을 받기 쉽다."
CS-015,배열,Array,자료구조·알고리즘,A,ㅂ,배열(Array)은/는 데이터를 저장·탐색·갱신하거나 문제를 효율적으로 해결하기 위한 구조 또는 절차이다.,"배열(Array)은/는 데이터를 저장·탐색·갱신하거나 문제를 효율적으로 해결하기 위한 구조 또는 절차이다. 구현 아이디어, 평균/최악 시간복잡도, 안정성·제자리성 같은 성질을 함께 정리하면 코딩형과 서술형 모두에 대응된다. 연계 개념은 [[자료구조]], [[연결 리스트]], [[단일 연결 리스트]], [[시간 복잡도]], [[공간 복잡도]]이며, 학습 시 ""정의 → 동작 원리 → 장단점 → 적용 사례"" 순서로 정리하면 좋다.","[[자료구조]], [[연결 리스트]], [[단일 연결 리스트]], [[시간 복잡도]], [[공간 복잡도]]",05-14-06-한국은행-2022-컴퓨터공학-학술-파트-I.md; 05-09-운영체제-기출-모음.md; 05-08-산업은행-기출.md,"자료구조·알고리즘 문제에서는 배열의 정의만 쓰지 말고 관련 개념(자료구조, 연결 리스트, 단일 연결 리스트)과 비교·차이를 함께 쓰면 가점을 받기 쉽다."
CS-016,비대칭키 암호화,Asymmetric Encryption,보안,A,ㅂ,비대칭키 암호화(비대칭키 암호화)은/는 정보 자산을 보호하거나 공격자가 악용하는 취약 지점을 설명하는 보안 개념이다.,"비대칭키 암호화(비대칭키 암호화)은/는 정보 자산을 보호하거나 공격자가 악용하는 취약 지점을 설명하는 보안 개념이다. 공격 원리, 영향, 탐지 단서, 예방·탐지·대응 통제를 구분해 쓰면 금융 보안 답안에 적합하다. 연계 개념은 [[공개키 기반구조]], [[대칭키 암호화]], [[AES]], [[RSA]], [[인증]]이며, 학습 시 ""정의 → 동작 원리 → 장단점 → 적용 사례"" 순서로 정리하면 좋다.","[[공개키 기반구조]], [[대칭키 암호화]], [[AES]], [[RSA]], [[인증]]",보강 개념(페이지 직접 언급 없음),"보안 문제에서는 비대칭키 암호화의 정의만 쓰지 말고 관련 개념(공개키 기반구조, 대칭키 암호화, AES)과 비교·차이를 함께 쓰면 가점을 받기 쉽다."
CS-017,어텐션,Attention,인공지능·데이터,A,ㅇ,"어텐션(어텐션)은/는 데이터 기반 예측·분류·분석 과정에서 모델, 학습 방법, 평가 또는 전처리를 설명하는 개념이다.","어텐션(어텐션)은/는 데이터 기반 예측·분류·분석 과정에서 모델, 학습 방법, 평가 또는 전처리를 설명하는 개념이다. 데이터 누수, 편향, 평가 지표 선택, 운영 중 성능 저하를 함께 고려해야 실제 금융 AI 적용에 적합하다. 연계 개념은 [[LSTM]], [[Transformer]], [[임베딩]], [[자연어 처리]], [[머신러닝]]이며, 학습 시 ""정의 → 동작 원리 → 장단점 → 적용 사례"" 순서로 정리하면 좋다.","[[LSTM]], [[Transformer]], [[임베딩]], [[자연어 처리]], [[머신러닝]]",보강 개념(페이지 직접 언급 없음),"인공지능·데이터 문제에서는 어텐션의 정의만 쓰지 말고 관련 개념(LSTM, Transformer, 임베딩)과 비교·차이를 함께 쓰면 가점을 받기 쉽다."
CS-018,속성,Attribute,데이터베이스,A,ㅅ,"속성(Attribute)은/는 데이터베이스 영역의 핵심 개념으로, 데이터 저장·검색·무결성·동시성의 관점에서 금융권 거래 원장과 고객 데이터 품질을 좌우한다.","속성(Attribute)은/는 데이터베이스 영역의 핵심 개념으로, 데이터 저장·검색·무결성·동시성의 관점에서 금융권 거래 원장과 고객 데이터 품질을 좌우한다. 시험에서는 정의만이 아니라 이상현상, 정규화, 인덱스 성능, 트랜잭션 격리 수준과 함께 묶어 서술하는 것이 좋다. 연계 개념은 [[릴레이션]], [[튜플]], [[도메인]], [[차수]], [[SQL]]이며, 학습 시 ""정의 → 동작 원리 → 장단점 → 적용 사례"" 순서로 정리하면 좋다.","[[릴레이션]], [[튜플]], [[도메인]], [[차수]], [[SQL]]",05-14-06-한국은행-2022-컴퓨터공학-학술-파트-I.md; 05-08-산업은행-기출.md; 07-01-01-릴레이션-튜플-속성.md,"데이터베이스 문제에서는 속성의 정의만 쓰지 말고 관련 개념(릴레이션, 튜플, 도메인)과 비교·차이를 함께 쓰면 가점을 받기 쉽다."
CS-019,인증,Authentication,보안,A,ㅇ,인증(Authentication)은/는 정보 자산을 보호하거나 공격자가 악용하는 취약 지점을 설명하는 보안 개념이다.,"인증(Authentication)은/는 정보 자산을 보호하거나 공격자가 악용하는 취약 지점을 설명하는 보안 개념이다. 공격 원리, 영향, 탐지 단서, 예방·탐지·대응 통제를 구분해 쓰면 금융 보안 답안에 적합하다. 연계 개념은 [[무결성]], [[가용성]], [[인가]], [[접근통제]], [[암호화]]이며, 학습 시 ""정의 → 동작 원리 → 장단점 → 적용 사례"" 순서로 정리하면 좋다.","[[무결성]], [[가용성]], [[인가]], [[접근통제]], [[암호화]]",05-05-SGI서울보증-기출.md; 10-03-01-XSS-SQL-Injection.md; 05-01-우리은행-기출.md,"보안 문제에서는 인증의 정의만 쓰지 말고 관련 개념(무결성, 가용성, 인가)과 비교·차이를 함께 쓰면 가점을 받기 쉽다."
CS-020,인가,Authorization,보안,A,ㅇ,인가(Authorization)은/는 정보 자산을 보호하거나 공격자가 악용하는 취약 지점을 설명하는 보안 개념이다.,"인가(Authorization)은/는 정보 자산을 보호하거나 공격자가 악용하는 취약 지점을 설명하는 보안 개념이다. 공격 원리, 영향, 탐지 단서, 예방·탐지·대응 통제를 구분해 쓰면 금융 보안 답안에 적합하다. 연계 개념은 [[가용성]], [[인증]], [[접근통제]], [[DAC]], [[암호화]]이며, 학습 시 ""정의 → 동작 원리 → 장단점 → 적용 사례"" 순서로 정리하면 좋다.","[[가용성]], [[인증]], [[접근통제]], [[DAC]], [[암호화]]",05-08-산업은행-기출.md; 07-02-00-정규화.md; 05-05-SGI서울보증-기출.md,"보안 문제에서는 인가의 정의만 쓰지 말고 관련 개념(가용성, 인증, 접근통제)과 비교·차이를 함께 쓰면 가점을 받기 쉽다."
CS-021,가용성,Availability,보안,A,ㄱ,가용성(가용성)은/는 정보 자산을 보호하거나 공격자가 악용하는 취약 지점을 설명하는 보안 개념이다.,"가용성(가용성)은/는 정보 자산을 보호하거나 공격자가 악용하는 취약 지점을 설명하는 보안 개념이다. 공격 원리, 영향, 탐지 단서, 예방·탐지·대응 통제를 구분해 쓰면 금융 보안 답안에 적합하다. 연계 개념은 [[기밀성]], [[무결성]], [[인증]], [[인가]], [[암호화]]이며, 학습 시 ""정의 → 동작 원리 → 장단점 → 적용 사례"" 순서로 정리하면 좋다.","[[기밀성]], [[무결성]], [[인증]], [[인가]], [[암호화]]",04-02-프로그래밍-SQL-분산-클라우드.md; 19-1-코스콤-자소서.md; 05-01-우리은행-기출.md,"보안 문제에서는 가용성의 정의만 쓰지 말고 관련 개념(기밀성, 무결성, 인증)과 비교·차이를 함께 쓰면 가점을 받기 쉽다."
CS-022,AVL 트리,AVL 트리,자료구조·알고리즘,A,A,AVL 트리(AVL 트리)은/는 데이터를 저장·탐색·갱신하거나 문제를 효율적으로 해결하기 위한 구조 또는 절차이다.,"AVL 트리(AVL 트리)은/는 데이터를 저장·탐색·갱신하거나 문제를 효율적으로 해결하기 위한 구조 또는 절차이다. 구현 아이디어, 평균/최악 시간복잡도, 안정성·제자리성 같은 성질을 함께 정리하면 코딩형과 서술형 모두에 대응된다. 연계 개념은 [[이진 트리]], [[이진 탐색 트리]], [[레드블랙 트리]], [[B-트리]], [[시간 복잡도]]이며, 학습 시 ""정의 → 동작 원리 → 장단점 → 적용 사례"" 순서로 정리하면 좋다.","[[이진 트리]], [[이진 탐색 트리]], [[레드블랙 트리]], [[B-트리]], [[시간 복잡도]]",보강 개념(페이지 직접 언급 없음),"자료구조·알고리즘 문제에서는 AVL 트리의 정의만 쓰지 말고 관련 개념(이진 트리, 이진 탐색 트리, 레드블랙 트리)과 비교·차이를 함께 쓰면 가점을 받기 쉽다."
CS-023,오픈 API,오픈 API,금융IT·신기술,A,ㅇ,"오픈 API(오픈 API)은/는 금융IT·신기술 영역의 핵심 개념으로, 금융 인프라, 규제, 지급결제, 디지털 자산과 IT 기술의 접점을 설명한다.","오픈 API(오픈 API)은/는 금융IT·신기술 영역의 핵심 개념으로, 금융 인프라, 규제, 지급결제, 디지털 자산과 IT 기술의 접점을 설명한다. 기술적 구조뿐 아니라 규제, 신뢰, 장애 리스크, 소비자 보호 관점을 함께 설명해야 한다. 연계 개념은 [[RPA]], [[API 경제]], [[양자컴퓨팅]], [[양자내성암호]], [[전자금융]]이며, 학습 시 ""정의 → 동작 원리 → 장단점 → 적용 사례"" 순서로 정리하면 좋다.","[[RPA]], [[API 경제]], [[양자컴퓨팅]], [[양자내성암호]], [[전자금융]]",보강 개념(페이지 직접 언급 없음),"금융IT·신기술 문제에서는 오픈 API의 정의만 쓰지 말고 관련 개념(RPA, API 경제, 양자컴퓨팅)과 비교·차이를 함께 쓰면 가점을 받기 쉽다."
CS-024,B+트리,B+트리,데이터베이스,B,B,"B+트리(B+트리)은/는 데이터베이스 영역의 핵심 개념으로, 데이터 저장·검색·무결성·동시성의 관점에서 금융권 거래 원장과 고객 데이터 품질을 좌우한다.","B+트리(B+트리)은/는 데이터베이스 영역의 핵심 개념으로, 데이터 저장·검색·무결성·동시성의 관점에서 금융권 거래 원장과 고객 데이터 품질을 좌우한다. 시험에서는 정의만이 아니라 이상현상, 정규화, 인덱스 성능, 트랜잭션 격리 수준과 함께 묶어 서술하는 것이 좋다. 연계 개념은 [[인덱스]], [[B-트리]], [[해시 인덱스]], [[클러스터드 인덱스]], [[SQL]]이며, 학습 시 ""정의 → 동작 원리 → 장단점 → 적용 사례"" 순서로 정리하면 좋다.","[[인덱스]], [[B-트리]], [[해시 인덱스]], [[클러스터드 인덱스]], [[SQL]]",05-08-산업은행-기출.md,"데이터베이스 문제에서는 B+트리의 정의만 쓰지 말고 관련 개념(인덱스, B-트리, 해시 인덱스)과 비교·차이를 함께 쓰면 가점을 받기 쉽다."
CS-025,B-트리,B-트리,데이터베이스,B,B,"B-트리(B-트리)은/는 데이터베이스 영역의 핵심 개념으로, 데이터 저장·검색·무결성·동시성의 관점에서 금융권 거래 원장과 고객 데이터 품질을 좌우한다.","B-트리(B-트리)은/는 데이터베이스 영역의 핵심 개념으로, 데이터 저장·검색·무결성·동시성의 관점에서 금융권 거래 원장과 고객 데이터 품질을 좌우한다. 시험에서는 정의만이 아니라 이상현상, 정규화, 인덱스 성능, 트랜잭션 격리 수준과 함께 묶어 서술하는 것이 좋다. 연계 개념은 [[체크포인트]], [[인덱스]], [[B+트리]], [[해시 인덱스]], [[SQL]]이며, 학습 시 ""정의 → 동작 원리 → 장단점 → 적용 사례"" 순서로 정리하면 좋다.","[[체크포인트]], [[인덱스]], [[B+트리]], [[해시 인덱스]], [[SQL]]",보강 개념(페이지 직접 언급 없음),"데이터베이스 문제에서는 B-트리의 정의만 쓰지 말고 관련 개념(체크포인트, 인덱스, B+트리)과 비교·차이를 함께 쓰면 가점을 받기 쉽다."
CS-026,역전파,Backpropagation,인공지능·데이터,B,ㅇ,"역전파(역전파)은/는 데이터 기반 예측·분류·분석 과정에서 모델, 학습 방법, 평가 또는 전처리를 설명하는 개념이다.","역전파(역전파)은/는 데이터 기반 예측·분류·분석 과정에서 모델, 학습 방법, 평가 또는 전처리를 설명하는 개념이다. 데이터 누수, 편향, 평가 지표 선택, 운영 중 성능 저하를 함께 고려해야 실제 금융 AI 적용에 적합하다. 연계 개념은 [[학습률]], [[손실 함수]], [[특성 공학]], [[데이터 전처리]], [[머신러닝]]이며, 학습 시 ""정의 → 동작 원리 → 장단점 → 적용 사례"" 순서로 정리하면 좋다.","[[학습률]], [[손실 함수]], [[특성 공학]], [[데이터 전처리]], [[머신러닝]]",04-01-빅데이터-블록체인-머신러닝.md; 05-14-24-한국은행-2025-컴퓨터공학-학술-14-머신러닝.md,"인공지능·데이터 문제에서는 역전파의 정의만 쓰지 말고 관련 개념(학습률, 손실 함수, 특성 공학)과 비교·차이를 함께 쓰면 가점을 받기 쉽다."
CS-027,BASE,BASE,클라우드·분산시스템,B,B,"BASE(BASE)은/는 클라우드·분산시스템 영역의 핵심 개념으로, 확장성, 장애 허용, 일관성, 운영 자동화를 다루는 현대 인프라 핵심이다.","BASE(BASE)은/는 클라우드·분산시스템 영역의 핵심 개념으로, 확장성, 장애 허용, 일관성, 운영 자동화를 다루는 현대 인프라 핵심이다. 단일 노드 설계와 달리 네트워크 분할, 장애 전파, 재시도, 중복 처리, 관측 가능성을 전제로 설계해야 한다. 연계 개념은 [[가용성]], [[분할 허용성]], [[최종 일관성]], [[복제]], [[분산 시스템]]이며, 학습 시 ""정의 → 동작 원리 → 장단점 → 적용 사례"" 순서로 정리하면 좋다.","[[가용성]], [[분할 허용성]], [[최종 일관성]], [[복제]], [[분산 시스템]]",07-01-02-키와-무결성.md; 05-08-산업은행-기출.md; 07-01-01-릴레이션-튜플-속성.md,"클라우드·분산시스템 문제에서는 BASE의 정의만 쓰지 말고 관련 개념(가용성, 분할 허용성, 최종 일관성)과 비교·차이를 함께 쓰면 가점을 받기 쉽다."
CS-028,BCNF,BCNF,데이터베이스,B,B,"BCNF(BCNF)은/는 데이터베이스 영역의 핵심 개념으로, 데이터 저장·검색·무결성·동시성의 관점에서 금융권 거래 원장과 고객 데이터 품질을 좌우한다.","BCNF(BCNF)은/는 데이터베이스 영역의 핵심 개념으로, 데이터 저장·검색·무결성·동시성의 관점에서 금융권 거래 원장과 고객 데이터 품질을 좌우한다. 시험에서는 정의만이 아니라 이상현상, 정규화, 인덱스 성능, 트랜잭션 격리 수준과 함께 묶어 서술하는 것이 좋다. 연계 개념은 [[제2정규형]], [[제3정규형]], [[함수 종속]], [[완전 함수 종속]], [[SQL]]이며, 학습 시 ""정의 → 동작 원리 → 장단점 → 적용 사례"" 순서로 정리하면 좋다.","[[제2정규형]], [[제3정규형]], [[함수 종속]], [[완전 함수 종속]], [[SQL]]",07-02-00-정규화.md; 07-02-02-이상현상과-함수종속.md; 04-05-자료구조-알고리즘-DB-금융IT.md,"데이터베이스 문제에서는 BCNF의 정의만 쓰지 말고 관련 개념(제2정규형, 제3정규형, 함수 종속)과 비교·차이를 함께 쓰면 가점을 받기 쉽다."
CS-029,BFS,BFS,자료구조·알고리즘,B,B,BFS(BFS)은/는 데이터를 저장·탐색·갱신하거나 문제를 효율적으로 해결하기 위한 구조 또는 절차이다.,"BFS(BFS)은/는 데이터를 저장·탐색·갱신하거나 문제를 효율적으로 해결하기 위한 구조 또는 절차이다. 구현 아이디어, 평균/최악 시간복잡도, 안정성·제자리성 같은 성질을 함께 정리하면 코딩형과 서술형 모두에 대응된다. 연계 개념은 [[인접 리스트]], [[DFS]], [[위상 정렬]], [[최단 경로]], [[시간 복잡도]]이며, 학습 시 ""정의 → 동작 원리 → 장단점 → 적용 사례"" 순서로 정리하면 좋다.","[[인접 리스트]], [[DFS]], [[위상 정렬]], [[최단 경로]], [[시간 복잡도]]",05-08-산업은행-기출.md; 02-01-기본-전제와-일정.md; 05-13-알고리즘-기출-모음.md,"자료구조·알고리즘 문제에서는 BFS의 정의만 쓰지 말고 관련 개념(인접 리스트, DFS, 위상 정렬)과 비교·차이를 함께 쓰면 가점을 받기 쉽다."
CS-030,BGP,BGP,네트워크,B,B,"BGP(BGP)은/는 네트워크 통신에서 주소 지정, 경로 선택, 신뢰성, 이름 해석 또는 보안 채널을 구성하는 핵심 요소이다.","BGP(BGP)은/는 네트워크 통신에서 주소 지정, 경로 선택, 신뢰성, 이름 해석 또는 보안 채널을 구성하는 핵심 요소이다. 프로토콜의 위치 계층, 헤더에 담기는 식별자, 연결 수립/해제 흐름, 장애 시 진단 명령을 연결해 이해해야 한다. 연계 개념은 [[RIP]], [[OSPF]], [[NAT]], [[ICMP]], [[TCP]]이며, 학습 시 ""정의 → 동작 원리 → 장단점 → 적용 사례"" 순서로 정리하면 좋다.","[[RIP]], [[OSPF]], [[NAT]], [[ICMP]], [[TCP]]",08-04-라우팅과-서브넷.md,"네트워크 문제에서는 BGP의 정의만 쓰지 말고 관련 개념(RIP, OSPF, NAT)과 비교·차이를 함께 쓰면 가점을 받기 쉽다."
CS-031,빅데이터,Big Data,인공지능·데이터,B,ㅂ,"빅데이터(빅데이터)은/는 데이터 기반 예측·분류·분석 과정에서 모델, 학습 방법, 평가 또는 전처리를 설명하는 개념이다.","빅데이터(빅데이터)은/는 데이터 기반 예측·분류·분석 과정에서 모델, 학습 방법, 평가 또는 전처리를 설명하는 개념이다. 데이터 누수, 편향, 평가 지표 선택, 운영 중 성능 저하를 함께 고려해야 실제 금융 AI 적용에 적합하다. 연계 개념은 [[이상치]], [[결측치]], [[3V]], [[데이터 마이닝]], [[머신러닝]]이며, 학습 시 ""정의 → 동작 원리 → 장단점 → 적용 사례"" 순서로 정리하면 좋다.","[[이상치]], [[결측치]], [[3V]], [[데이터 마이닝]], [[머신러닝]]",04-IT-필기-핵심정리.md; 05-01-우리은행-기출.md; 05-03-대구은행-기출.md,"인공지능·데이터 문제에서는 빅데이터의 정의만 쓰지 말고 관련 개념(이상치, 결측치, 3V)과 비교·차이를 함께 쓰면 가점을 받기 쉽다."
CS-032,블랙박스 테스트,Black-box Test,소프트웨어공학,B,ㅂ,"블랙박스 테스트(블랙박스 테스트)은/는 소프트웨어공학 영역의 핵심 개념으로, 요구사항을 안정적인 소프트웨어로 전환하고 변경 비용을 낮추는 방법론이다.","블랙박스 테스트(블랙박스 테스트)은/는 소프트웨어공학 영역의 핵심 개념으로, 요구사항을 안정적인 소프트웨어로 전환하고 변경 비용을 낮추는 방법론이다. 산출물, 장단점, 적용 상황, 품질 속성에 미치는 영향을 함께 설명하면 면접·논술 답안으로 확장하기 쉽다. 연계 개념은 [[시스템 테스트]], [[인수 테스트]], [[화이트박스 테스트]], [[경계값 분석]], [[테스트]]이며, 학습 시 ""정의 → 동작 원리 → 장단점 → 적용 사례"" 순서로 정리하면 좋다.","[[시스템 테스트]], [[인수 테스트]], [[화이트박스 테스트]], [[경계값 분석]], [[테스트]]",05-08-산업은행-기출.md; 05-14-10-한국은행-2024-컴퓨터공학-학술-파트-I.md; 11-02-01-블랙박스와-화이트박스.md,"소프트웨어공학 문제에서는 블랙박스 테스트의 정의만 쓰지 말고 관련 개념(시스템 테스트, 인수 테스트, 화이트박스 테스트)과 비교·차이를 함께 쓰면 가점을 받기 쉽다."
CS-033,블록체인,Blockchain,금융IT·신기술,B,ㅂ,"블록체인(Blockchain)은/는 금융IT·신기술 영역의 핵심 개념으로, 금융 인프라, 규제, 지급결제, 디지털 자산과 IT 기술의 접점을 설명한다.","블록체인(Blockchain)은/는 금융IT·신기술 영역의 핵심 개념으로, 금융 인프라, 규제, 지급결제, 디지털 자산과 IT 기술의 접점을 설명한다. 기술적 구조뿐 아니라 규제, 신뢰, 장애 리스크, 소비자 보호 관점을 함께 설명해야 한다. 연계 개념은 [[DNS 차액결제]], [[CBDC]], [[분산원장]], [[해시 체인]], [[전자금융]]이며, 학습 시 ""정의 → 동작 원리 → 장단점 → 적용 사례"" 순서로 정리하면 좋다.","[[DNS 차액결제]], [[CBDC]], [[분산원장]], [[해시 체인]], [[전자금융]]",04-IT-필기-핵심정리.md; 05-01-우리은행-기출.md; 05-03-대구은행-기출.md,"금융IT·신기술 문제에서는 블록체인의 정의만 쓰지 말고 관련 개념(DNS 차액결제, CBDC, 분산원장)과 비교·차이를 함께 쓰면 가점을 받기 쉽다."
CS-034,경계값 분석,Boundary Value Analysis,소프트웨어공학,B,ㄱ,"경계값 분석(경계값 분석)은/는 소프트웨어공학 영역의 핵심 개념으로, 요구사항을 안정적인 소프트웨어로 전환하고 변경 비용을 낮추는 방법론이다.","경계값 분석(경계값 분석)은/는 소프트웨어공학 영역의 핵심 개념으로, 요구사항을 안정적인 소프트웨어로 전환하고 변경 비용을 낮추는 방법론이다. 산출물, 장단점, 적용 상황, 품질 속성에 미치는 영향을 함께 설명하면 면접·논술 답안으로 확장하기 쉽다. 연계 개념은 [[블랙박스 테스트]], [[화이트박스 테스트]], [[동등 분할]], [[회귀 테스트]], [[테스트]]이며, 학습 시 ""정의 → 동작 원리 → 장단점 → 적용 사례"" 순서로 정리하면 좋다.","[[블랙박스 테스트]], [[화이트박스 테스트]], [[동등 분할]], [[회귀 테스트]], [[테스트]]",11-02-01-블랙박스와-화이트박스.md; 11-소프트웨어공학.md,"소프트웨어공학 문제에서는 경계값 분석의 정의만 쓰지 말고 관련 개념(블랙박스 테스트, 화이트박스 테스트, 동등 분할)과 비교·차이를 함께 쓰면 가점을 받기 쉽다."
CS-035,브랜치,Branch,소프트웨어공학,B,ㅂ,"브랜치(브랜치)은/는 소프트웨어공학 영역의 핵심 개념으로, 요구사항을 안정적인 소프트웨어로 전환하고 변경 비용을 낮추는 방법론이다.","브랜치(브랜치)은/는 소프트웨어공학 영역의 핵심 개념으로, 요구사항을 안정적인 소프트웨어로 전환하고 변경 비용을 낮추는 방법론이다. 산출물, 장단점, 적용 상황, 품질 속성에 미치는 영향을 함께 설명하면 면접·논술 답안으로 확장하기 쉽다. 연계 개념은 [[형상 관리]], [[Git]], [[리베이스]], [[코드 리뷰]], [[테스트]]이며, 학습 시 ""정의 → 동작 원리 → 장단점 → 적용 사례"" 순서로 정리하면 좋다.","[[형상 관리]], [[Git]], [[리베이스]], [[코드 리뷰]], [[테스트]]",05-03-대구은행-기출.md,"소프트웨어공학 문제에서는 브랜치의 정의만 쓰지 말고 관련 개념(형상 관리, Git, 리베이스)과 비교·차이를 함께 쓰면 가점을 받기 쉽다."
CS-036,C 언어,C 언어,프로그래밍 언어,C,C,"C 언어(C 언어)은/는 프로그래밍 언어 영역의 핵심 개념으로, 코드 실행 방식, 메모리 모델, 객체지향·함수형 추상화를 이해하는 데 필요하다.","C 언어(C 언어)은/는 프로그래밍 언어 영역의 핵심 개념으로, 코드 실행 방식, 메모리 모델, 객체지향·함수형 추상화를 이해하는 데 필요하다. 컴파일/실행 시점, 메모리 할당 위치, 타입 검사 방식, 다형성의 바인딩 시점을 비교해 설명하는 문제가 자주 나온다. 연계 개념은 [[바이트코드]], [[JIT 컴파일]], [[static 변수]], [[전역 변수]], [[컴파일러]]이며, 학습 시 ""정의 → 동작 원리 → 장단점 → 적용 사례"" 순서로 정리하면 좋다.","[[바이트코드]], [[JIT 컴파일]], [[static 변수]], [[전역 변수]], [[컴파일러]]",04-02-프로그래밍-SQL-분산-클라우드.md,"프로그래밍 언어 문제에서는 C 언어의 정의만 쓰지 말고 관련 개념(바이트코드, JIT 컴파일, static 변수)과 비교·차이를 함께 쓰면 가점을 받기 쉽다."
CS-037,CA,CA,네트워크,C,C,"CA(CA)은/는 네트워크 통신에서 주소 지정, 경로 선택, 신뢰성, 이름 해석 또는 보안 채널을 구성하는 핵심 요소이다.","CA(CA)은/는 네트워크 통신에서 주소 지정, 경로 선택, 신뢰성, 이름 해석 또는 보안 채널을 구성하는 핵심 요소이다. 프로토콜의 위치 계층, 헤더에 담기는 식별자, 연결 수립/해제 흐름, 장애 시 진단 명령을 연결해 이해해야 한다. 연계 개념은 [[공개키 암호]], [[인증서]], [[쿠키]], [[세션]], [[TCP]]이며, 학습 시 ""정의 → 동작 원리 → 장단점 → 적용 사례"" 순서로 정리하면 좋다.","[[공개키 암호]], [[인증서]], [[쿠키]], [[세션]], [[TCP]]",05-14-06-한국은행-2022-컴퓨터공학-학술-파트-I.md; 05-08-산업은행-기출.md; 05-14-33-한국은행-2026-컴퓨터공학-학술-8-머신-러닝.md,"네트워크 문제에서는 CA의 정의만 쓰지 말고 관련 개념(공개키 암호, 인증서, 쿠키)과 비교·차이를 함께 쓰면 가점을 받기 쉽다."
CS-038,캐시,Cache,컴퓨터구조,C,ㅋ,"캐시(Cache)은/는 컴퓨터구조 영역의 핵심 개념으로, 명령어 실행, 캐시, 병렬성, 입출력 병목을 하드웨어 관점에서 설명한다.","캐시(Cache)은/는 컴퓨터구조 영역의 핵심 개념으로, 명령어 실행, 캐시, 병렬성, 입출력 병목을 하드웨어 관점에서 설명한다. 성능 계산에서는 CPI, 히트율, 병렬화 가능 비율처럼 수치화 가능한 요소와 병목 지점을 함께 본다. 연계 개념은 [[간접 주소 지정]], [[상대 주소 지정]], [[캐시 히트]], [[캐시 미스]], [[CPU]]이며, 학습 시 ""정의 → 동작 원리 → 장단점 → 적용 사례"" 순서로 정리하면 좋다.","[[간접 주소 지정]], [[상대 주소 지정]], [[캐시 히트]], [[캐시 미스]], [[CPU]]",05-09-운영체제-기출-모음.md; 14-컴퓨터구조-심화.md; 05-08-산업은행-기출.md,"컴퓨터구조 문제에서는 캐시의 정의만 쓰지 말고 관련 개념(간접 주소 지정, 상대 주소 지정, 캐시 히트)과 비교·차이를 함께 쓰면 가점을 받기 쉽다."
CS-039,후보키,Candidate Key,데이터베이스,C,ㅎ,후보키(Candidate Key)은/는 릴레이션에서 튜플을 식별하거나 테이블 간 참조 관계를 유지하는 식별자 개념이다.,"후보키(Candidate Key)은/는 릴레이션에서 튜플을 식별하거나 테이블 간 참조 관계를 유지하는 식별자 개념이다. 시험에서는 정의만이 아니라 이상현상, 정규화, 인덱스 성능, 트랜잭션 격리 수준과 함께 묶어 서술하는 것이 좋다. 연계 개념은 [[키]], [[슈퍼키]], [[기본키]], [[대체키]], [[SQL]]이며, 학습 시 ""정의 → 동작 원리 → 장단점 → 적용 사례"" 순서로 정리하면 좋다.","[[키]], [[슈퍼키]], [[기본키]], [[대체키]], [[SQL]]",07-01-02-키와-무결성.md; 05-08-산업은행-기출.md; 07-02-00-정규화.md,"데이터베이스 문제에서는 후보키의 정의만 쓰지 말고 관련 개념(키, 슈퍼키, 기본키)과 비교·차이를 함께 쓰면 가점을 받기 쉽다."
CS-040,CAP 정리,CAP 정리,클라우드·분산시스템,C,C,"CAP 정리(CAP 정리)은/는 클라우드·분산시스템 영역의 핵심 개념으로, 확장성, 장애 허용, 일관성, 운영 자동화를 다루는 현대 인프라 핵심이다.","CAP 정리(CAP 정리)은/는 클라우드·분산시스템 영역의 핵심 개념으로, 확장성, 장애 허용, 일관성, 운영 자동화를 다루는 현대 인프라 핵심이다. 단일 노드 설계와 달리 네트워크 분할, 장애 전파, 재시도, 중복 처리, 관측 가능성을 전제로 설계해야 한다. 연계 개념은 [[서비스 메시]], [[분산 시스템]], [[일관성]], [[가용성]], [[컨테이너]]이며, 학습 시 ""정의 → 동작 원리 → 장단점 → 적용 사례"" 순서로 정리하면 좋다.","[[서비스 메시]], [[분산 시스템]], [[일관성]], [[가용성]], [[컨테이너]]",17-3-분산-시스템-이론.md,"클라우드·분산시스템 문제에서는 CAP 정리의 정의만 쓰지 말고 관련 개념(서비스 메시, 분산 시스템, 일관성)과 비교·차이를 함께 쓰면 가점을 받기 쉽다."
CS-041,카디널리티,Cardinality,데이터베이스,C,ㅋ,"카디널리티(Cardinality)은/는 데이터베이스 영역의 핵심 개념으로, 데이터 저장·검색·무결성·동시성의 관점에서 금융권 거래 원장과 고객 데이터 품질을 좌우한다.","카디널리티(Cardinality)은/는 데이터베이스 영역의 핵심 개념으로, 데이터 저장·검색·무결성·동시성의 관점에서 금융권 거래 원장과 고객 데이터 품질을 좌우한다. 시험에서는 정의만이 아니라 이상현상, 정규화, 인덱스 성능, 트랜잭션 격리 수준과 함께 묶어 서술하는 것이 좋다. 연계 개념은 [[도메인]], [[차수]], [[키]], [[슈퍼키]], [[SQL]]이며, 학습 시 ""정의 → 동작 원리 → 장단점 → 적용 사례"" 순서로 정리하면 좋다.","[[도메인]], [[차수]], [[키]], [[슈퍼키]], [[SQL]]",13-01-00-SQL-기본.md,"데이터베이스 문제에서는 카디널리티의 정의만 쓰지 말고 관련 개념(도메인, 차수, 키)과 비교·차이를 함께 쓰면 가점을 받기 쉽다."
CS-042,CDN,CDN,네트워크,C,C,"CDN(CDN)은/는 네트워크 통신에서 주소 지정, 경로 선택, 신뢰성, 이름 해석 또는 보안 채널을 구성하는 핵심 요소이다.","CDN(CDN)은/는 네트워크 통신에서 주소 지정, 경로 선택, 신뢰성, 이름 해석 또는 보안 채널을 구성하는 핵심 요소이다. 프로토콜의 위치 계층, 헤더에 담기는 식별자, 연결 수립/해제 흐름, 장애 시 진단 명령을 연결해 이해해야 한다. 연계 개념은 [[프록시]], [[캐시 서버]], [[VPN]], [[터널링]], [[TCP]]이며, 학습 시 ""정의 → 동작 원리 → 장단점 → 적용 사례"" 순서로 정리하면 좋다.","[[프록시]], [[캐시 서버]], [[VPN]], [[터널링]], [[TCP]]",보강 개념(페이지 직접 언급 없음),"네트워크 문제에서는 CDN의 정의만 쓰지 말고 관련 개념(프록시, 캐시 서버, VPN)과 비교·차이를 함께 쓰면 가점을 받기 쉽다."
CS-043,CBDC,Central Bank Digital Currency,금융IT·신기술,C,C,"CBDC(Central Bank Digital Currency)은/는 금융IT·신기술 영역의 핵심 개념으로, 금융 인프라, 규제, 지급결제, 디지털 자산과 IT 기술의 접점을 설명한다.","CBDC(Central Bank Digital Currency)은/는 금융IT·신기술 영역의 핵심 개념으로, 금융 인프라, 규제, 지급결제, 디지털 자산과 IT 기술의 접점을 설명한다. 기술적 구조뿐 아니라 규제, 신뢰, 장애 리스크, 소비자 보호 관점을 함께 설명해야 한다. 연계 개념은 [[RTGS]], [[DNS 차액결제]], [[블록체인]], [[분산원장]], [[전자금융]]이며, 학습 시 ""정의 → 동작 원리 → 장단점 → 적용 사례"" 순서로 정리하면 좋다.","[[RTGS]], [[DNS 차액결제]], [[블록체인]], [[분산원장]], [[전자금융]]",03-01-지원동기.md; 04-IT-필기-핵심정리.md; 05-01-우리은행-기출.md,"금융IT·신기술 문제에서는 CBDC의 정의만 쓰지 말고 관련 개념(RTGS, DNS 차액결제, 블록체인)과 비교·차이를 함께 쓰면 가점을 받기 쉽다."
CS-044,CPU,Central Processing Unit,컴퓨터구조,C,C,"CPU(Central Processing Unit)은/는 컴퓨터구조 영역의 핵심 개념으로, 명령어 실행, 캐시, 병렬성, 입출력 병목을 하드웨어 관점에서 설명한다.","CPU(Central Processing Unit)은/는 컴퓨터구조 영역의 핵심 개념으로, 명령어 실행, 캐시, 병렬성, 입출력 병목을 하드웨어 관점에서 설명한다. 성능 계산에서는 CPI, 히트율, 병렬화 가능 비율처럼 수치화 가능한 요소와 병목 지점을 함께 본다. 연계 개념은 [[컴퓨터구조]], [[ALU]], [[제어장치]], [[캐시]], [[메모리 계층]]이며, 학습 시 ""정의 → 동작 원리 → 장단점 → 적용 사례"" 순서로 정리하면 좋다.","[[컴퓨터구조]], [[ALU]], [[제어장치]], [[캐시]], [[메모리 계층]]",05-09-운영체제-기출-모음.md; 14-컴퓨터구조-심화.md; 06-02-02-선점형과-비선점형.md,"컴퓨터구조 문제에서는 CPU의 정의만 쓰지 말고 관련 개념(컴퓨터구조, ALU, 제어장치)과 비교·차이를 함께 쓰면 가점을 받기 쉽다."
CS-045,CI/CD,CI/CD,소프트웨어공학,C,C,"CI/CD(CI/CD)은/는 소프트웨어공학 영역의 핵심 개념으로, 요구사항을 안정적인 소프트웨어로 전환하고 변경 비용을 낮추는 방법론이다.","CI/CD(CI/CD)은/는 소프트웨어공학 영역의 핵심 개념으로, 요구사항을 안정적인 소프트웨어로 전환하고 변경 비용을 낮추는 방법론이다. 산출물, 장단점, 적용 상황, 품질 속성에 미치는 영향을 함께 설명하면 면접·논술 답안으로 확장하기 쉽다. 연계 개념은 [[칸반]], [[DevOps]], [[요구사항 분석]], [[기능 요구사항]], [[테스트]]이며, 학습 시 ""정의 → 동작 원리 → 장단점 → 적용 사례"" 순서로 정리하면 좋다.","[[칸반]], [[DevOps]], [[요구사항 분석]], [[기능 요구사항]], [[테스트]]",17-2-컨테이너.md,"소프트웨어공학 문제에서는 CI/CD의 정의만 쓰지 말고 관련 개념(칸반, DevOps, 요구사항 분석)과 비교·차이를 함께 쓰면 가점을 받기 쉽다."
CS-046,CIDR,CIDR,네트워크,C,C,"CIDR(CIDR)은/는 네트워크 통신에서 주소 지정, 경로 선택, 신뢰성, 이름 해석 또는 보안 채널을 구성하는 핵심 요소이다.","CIDR(CIDR)은/는 네트워크 통신에서 주소 지정, 경로 선택, 신뢰성, 이름 해석 또는 보안 채널을 구성하는 핵심 요소이다. 프로토콜의 위치 계층, 헤더에 담기는 식별자, 연결 수립/해제 흐름, 장애 시 진단 명령을 연결해 이해해야 한다. 연계 개념은 [[서브넷]], [[서브넷 마스크]], [[라우팅]], [[정적 라우팅]], [[TCP]]이며, 학습 시 ""정의 → 동작 원리 → 장단점 → 적용 사례"" 순서로 정리하면 좋다.","[[서브넷]], [[서브넷 마스크]], [[라우팅]], [[정적 라우팅]], [[TCP]]",08-04-라우팅과-서브넷.md,"네트워크 문제에서는 CIDR의 정의만 쓰지 말고 관련 개념(서브넷, 서브넷 마스크, 라우팅)과 비교·차이를 함께 쓰면 가점을 받기 쉽다."
CS-047,서킷 브레이커,Circuit Breaker,클라우드·분산시스템,C,ㅅ,"서킷 브레이커(서킷 브레이커)은/는 클라우드·분산시스템 영역의 핵심 개념으로, 확장성, 장애 허용, 일관성, 운영 자동화를 다루는 현대 인프라 핵심이다.","서킷 브레이커(서킷 브레이커)은/는 클라우드·분산시스템 영역의 핵심 개념으로, 확장성, 장애 허용, 일관성, 운영 자동화를 다루는 현대 인프라 핵심이다. 단일 노드 설계와 달리 네트워크 분할, 장애 전파, 재시도, 중복 처리, 관측 가능성을 전제로 설계해야 한다. 연계 개념은 [[멱등성]], [[장애 격리]], [[관측성]], [[로그]], [[분산 시스템]]이며, 학습 시 ""정의 → 동작 원리 → 장단점 → 적용 사례"" 순서로 정리하면 좋다.","[[멱등성]], [[장애 격리]], [[관측성]], [[로그]], [[분산 시스템]]",보강 개념(페이지 직접 언급 없음),"클라우드·분산시스템 문제에서는 서킷 브레이커의 정의만 쓰지 말고 관련 개념(멱등성, 장애 격리, 관측성)과 비교·차이를 함께 쓰면 가점을 받기 쉽다."
CS-048,CISC,CISC,컴퓨터구조,C,C,"CISC(CISC)은/는 컴퓨터구조 영역의 핵심 개념으로, 명령어 실행, 캐시, 병렬성, 입출력 병목을 하드웨어 관점에서 설명한다.","CISC(CISC)은/는 컴퓨터구조 영역의 핵심 개념으로, 명령어 실행, 캐시, 병렬성, 입출력 병목을 하드웨어 관점에서 설명한다. 성능 계산에서는 CPI, 히트율, 병렬화 가능 비율처럼 수치화 가능한 요소와 병목 지점을 함께 본다. 연계 개념은 [[구조적 해저드]], [[슈퍼스칼라]], [[RISC]], [[ISA]], [[CPU]]이며, 학습 시 ""정의 → 동작 원리 → 장단점 → 적용 사례"" 순서로 정리하면 좋다.","[[구조적 해저드]], [[슈퍼스칼라]], [[RISC]], [[ISA]], [[CPU]]",14-컴퓨터구조-심화.md; 04-IT-필기-핵심정리.md; 05-14-10-한국은행-2024-컴퓨터공학-학술-파트-I.md,"컴퓨터구조 문제에서는 CISC의 정의만 쓰지 말고 관련 개념(구조적 해저드, 슈퍼스칼라, RISC)과 비교·차이를 함께 쓰면 가점을 받기 쉽다."
CS-049,클래스,Class,프로그래밍 언어,C,ㅋ,"클래스(Class)은/는 프로그래밍 언어 영역의 핵심 개념으로, 코드 실행 방식, 메모리 모델, 객체지향·함수형 추상화를 이해하는 데 필요하다.","클래스(Class)은/는 프로그래밍 언어 영역의 핵심 개념으로, 코드 실행 방식, 메모리 모델, 객체지향·함수형 추상화를 이해하는 데 필요하다. 컴파일/실행 시점, 메모리 할당 위치, 타입 검사 방식, 다형성의 바인딩 시점을 비교해 설명하는 문제가 자주 나온다. 연계 개념은 [[힙 메모리]], [[가비지 컬렉션]], [[객체]], [[캡슐화]], [[컴파일러]]이며, 학습 시 ""정의 → 동작 원리 → 장단점 → 적용 사례"" 순서로 정리하면 좋다.","[[힙 메모리]], [[가비지 컬렉션]], [[객체]], [[캡슐화]], [[컴파일러]]",05-14-06-한국은행-2022-컴퓨터공학-학술-파트-I.md; 03-01-지원동기.md; 04-02-프로그래밍-SQL-분산-클라우드.md,"프로그래밍 언어 문제에서는 클래스의 정의만 쓰지 말고 관련 개념(힙 메모리, 가비지 컬렉션, 객체)과 비교·차이를 함께 쓰면 가점을 받기 쉽다."
CS-050,클래스 다이어그램,Class Diagram,소프트웨어공학,C,ㅋ,"클래스 다이어그램(클래스 다이어그램)은/는 소프트웨어공학 영역의 핵심 개념으로, 요구사항을 안정적인 소프트웨어로 전환하고 변경 비용을 낮추는 방법론이다.","클래스 다이어그램(클래스 다이어그램)은/는 소프트웨어공학 영역의 핵심 개념으로, 요구사항을 안정적인 소프트웨어로 전환하고 변경 비용을 낮추는 방법론이다. 산출물, 장단점, 적용 상황, 품질 속성에 미치는 영향을 함께 설명하면 면접·논술 답안으로 확장하기 쉽다. 연계 개념은 [[유스케이스]], [[UML]], [[시퀀스 다이어그램]], [[아키텍처]], [[테스트]]이며, 학습 시 ""정의 → 동작 원리 → 장단점 → 적용 사례"" 순서로 정리하면 좋다.","[[유스케이스]], [[UML]], [[시퀀스 다이어그램]], [[아키텍처]], [[테스트]]",보강 개념(페이지 직접 언급 없음),"소프트웨어공학 문제에서는 클래스 다이어그램의 정의만 쓰지 말고 관련 개념(유스케이스, UML, 시퀀스 다이어그램)과 비교·차이를 함께 쓰면 가점을 받기 쉽다."
CS-051,분류,Classification,인공지능·데이터,C,ㅂ,"분류(분류)은/는 데이터 기반 예측·분류·분석 과정에서 모델, 학습 방법, 평가 또는 전처리를 설명하는 개념이다.","분류(분류)은/는 데이터 기반 예측·분류·분석 과정에서 모델, 학습 방법, 평가 또는 전처리를 설명하는 개념이다. 데이터 누수, 편향, 평가 지표 선택, 운영 중 성능 저하를 함께 고려해야 실제 금융 AI 적용에 적합하다. 연계 개념은 [[비지도학습]], [[강화학습]], [[회귀]], [[군집화]], [[머신러닝]]이며, 학습 시 ""정의 → 동작 원리 → 장단점 → 적용 사례"" 순서로 정리하면 좋다.","[[비지도학습]], [[강화학습]], [[회귀]], [[군집화]], [[머신러닝]]",05-14-06-한국은행-2022-컴퓨터공학-학술-파트-I.md; 05-14-33-한국은행-2026-컴퓨터공학-학술-8-머신-러닝.md; 04-02-프로그래밍-SQL-분산-클라우드.md,"인공지능·데이터 문제에서는 분류의 정의만 쓰지 말고 관련 개념(비지도학습, 강화학습, 회귀)과 비교·차이를 함께 쓰면 가점을 받기 쉽다."
CS-052,청산,Clearing,금융IT·신기술,C,ㅊ,"청산(청산)은/는 금융IT·신기술 영역의 핵심 개념으로, 금융 인프라, 규제, 지급결제, 디지털 자산과 IT 기술의 접점을 설명한다.","청산(청산)은/는 금융IT·신기술 영역의 핵심 개념으로, 금융 인프라, 규제, 지급결제, 디지털 자산과 IT 기술의 접점을 설명한다. 기술적 구조뿐 아니라 규제, 신뢰, 장애 리스크, 소비자 보호 관점을 함께 설명해야 한다. 연계 개념은 [[전자금융]], [[지급결제]], [[결제]], [[RTGS]], [[보안]]이며, 학습 시 ""정의 → 동작 원리 → 장단점 → 적용 사례"" 순서로 정리하면 좋다.","[[전자금융]], [[지급결제]], [[결제]], [[RTGS]], [[보안]]",15-금융-도메인-지식.md; 19-5-한국거래소-자소서.md; 15-2-결제-인프라.md,"금융IT·신기술 문제에서는 청산의 정의만 쓰지 말고 관련 개념(전자금융, 지급결제, 결제)과 비교·차이를 함께 쓰면 가점을 받기 쉽다."
CS-053,클라우드 컴퓨팅,Cloud Computing,클라우드·분산시스템,C,ㅋ,"클라우드 컴퓨팅(Cloud Computing)은/는 클라우드·분산시스템 영역의 핵심 개념으로, 확장성, 장애 허용, 일관성, 운영 자동화를 다루는 현대 인프라 핵심이다.","클라우드 컴퓨팅(Cloud Computing)은/는 클라우드·분산시스템 영역의 핵심 개념으로, 확장성, 장애 허용, 일관성, 운영 자동화를 다루는 현대 인프라 핵심이다. 단일 노드 설계와 달리 네트워크 분할, 장애 전파, 재시도, 중복 처리, 관측 가능성을 전제로 설계해야 한다. 연계 개념은 [[가상화]], [[하이퍼바이저]], [[분산 시스템]], [[컨테이너]], [[관측성]]이며, 학습 시 ""정의 → 동작 원리 → 장단점 → 적용 사례"" 순서로 정리하면 좋다.","[[가상화]], [[하이퍼바이저]], [[분산 시스템]], [[컨테이너]], [[관측성]]",07-01-02-키와-무결성.md; 04-IT-필기-핵심정리.md; 04-02-프로그래밍-SQL-분산-클라우드.md,"클라우드·분산시스템 문제에서는 클라우드 컴퓨팅의 정의만 쓰지 말고 관련 개념(가상화, 하이퍼바이저, 분산 시스템)과 비교·차이를 함께 쓰면 가점을 받기 쉽다."
CS-054,군집화,Clustering,인공지능·데이터,C,ㄱ,"군집화(군집화)은/는 데이터 기반 예측·분류·분석 과정에서 모델, 학습 방법, 평가 또는 전처리를 설명하는 개념이다.","군집화(군집화)은/는 데이터 기반 예측·분류·분석 과정에서 모델, 학습 방법, 평가 또는 전처리를 설명하는 개념이다. 데이터 누수, 편향, 평가 지표 선택, 운영 중 성능 저하를 함께 고려해야 실제 금융 AI 적용에 적합하다. 연계 개념은 [[분류]], [[회귀]], [[차원 축소]], [[선형 회귀]], [[머신러닝]]이며, 학습 시 ""정의 → 동작 원리 → 장단점 → 적용 사례"" 순서로 정리하면 좋다.","[[분류]], [[회귀]], [[차원 축소]], [[선형 회귀]], [[머신러닝]]",05-14-33-한국은행-2026-컴퓨터공학-학술-8-머신-러닝.md; 04-01-빅데이터-블록체인-머신러닝.md,"인공지능·데이터 문제에서는 군집화의 정의만 쓰지 말고 관련 개념(분류, 회귀, 차원 축소)과 비교·차이를 함께 쓰면 가점을 받기 쉽다."
CS-055,CNN,CNN,인공지능·데이터,C,C,"CNN(CNN)은/는 데이터 기반 예측·분류·분석 과정에서 모델, 학습 방법, 평가 또는 전처리를 설명하는 개념이다.","CNN(CNN)은/는 데이터 기반 예측·분류·분석 과정에서 모델, 학습 방법, 평가 또는 전처리를 설명하는 개념이다. 데이터 누수, 편향, 평가 지표 선택, 운영 중 성능 저하를 함께 고려해야 실제 금융 AI 적용에 적합하다. 연계 개념은 [[퍼셉트론]], [[딥러닝]], [[RNN]], [[LSTM]], [[머신러닝]]이며, 학습 시 ""정의 → 동작 원리 → 장단점 → 적용 사례"" 순서로 정리하면 좋다.","[[퍼셉트론]], [[딥러닝]], [[RNN]], [[LSTM]], [[머신러닝]]",보강 개념(페이지 직접 언급 없음),"인공지능·데이터 문제에서는 CNN의 정의만 쓰지 말고 관련 개념(퍼셉트론, 딥러닝, RNN)과 비교·차이를 함께 쓰면 가점을 받기 쉽다."
CS-056,COCOMO,COCOMO,소프트웨어공학,C,C,"COCOMO(COCOMO)은/는 소프트웨어공학 영역의 핵심 개념으로, 요구사항을 안정적인 소프트웨어로 전환하고 변경 비용을 낮추는 방법론이다.","COCOMO(COCOMO)은/는 소프트웨어공학 영역의 핵심 개념으로, 요구사항을 안정적인 소프트웨어로 전환하고 변경 비용을 낮추는 방법론이다. 산출물, 장단점, 적용 상황, 품질 속성에 미치는 영향을 함께 설명하면 면접·논술 답안으로 확장하기 쉽다. 연계 개념은 [[기술 부채]], [[기능 점수]], [[CPM]], [[PERT]], [[테스트]]이며, 학습 시 ""정의 → 동작 원리 → 장단점 → 적용 사례"" 순서로 정리하면 좋다.","[[기술 부채]], [[기능 점수]], [[CPM]], [[PERT]], [[테스트]]",11-04-형상관리와-비용산정.md; 05-02-기업은행-기출.md; 11-소프트웨어공학.md,"소프트웨어공학 문제에서는 COCOMO의 정의만 쓰지 말고 관련 개념(기술 부채, 기능 점수, CPM)과 비교·차이를 함께 쓰면 가점을 받기 쉽다."
CS-057,코드 리뷰,Code Review,소프트웨어공학,C,ㅋ,"코드 리뷰(코드 리뷰)은/는 소프트웨어공학 영역의 핵심 개념으로, 요구사항을 안정적인 소프트웨어로 전환하고 변경 비용을 낮추는 방법론이다.","코드 리뷰(코드 리뷰)은/는 소프트웨어공학 영역의 핵심 개념으로, 요구사항을 안정적인 소프트웨어로 전환하고 변경 비용을 낮추는 방법론이다. 산출물, 장단점, 적용 상황, 품질 속성에 미치는 영향을 함께 설명하면 면접·논술 답안으로 확장하기 쉽다. 연계 개념은 [[브랜치]], [[리베이스]], [[리팩터링]], [[기술 부채]], [[테스트]]이며, 학습 시 ""정의 → 동작 원리 → 장단점 → 적용 사례"" 순서로 정리하면 좋다.","[[브랜치]], [[리베이스]], [[리팩터링]], [[기술 부채]], [[테스트]]",보강 개념(페이지 직접 언급 없음),"소프트웨어공학 문제에서는 코드 리뷰의 정의만 쓰지 말고 관련 개념(브랜치, 리베이스, 리팩터링)과 비교·차이를 함께 쓰면 가점을 받기 쉽다."
CS-058,응집도,Cohesion,소프트웨어공학,C,ㅇ,"응집도(응집도)은/는 소프트웨어공학 영역의 핵심 개념으로, 요구사항을 안정적인 소프트웨어로 전환하고 변경 비용을 낮추는 방법론이다.","응집도(응집도)은/는 소프트웨어공학 영역의 핵심 개념으로, 요구사항을 안정적인 소프트웨어로 전환하고 변경 비용을 낮추는 방법론이다. 산출물, 장단점, 적용 상황, 품질 속성에 미치는 영향을 함께 설명하면 면접·논술 답안으로 확장하기 쉽다. 연계 개념은 [[모듈화]], [[결합도]], [[정보 은닉]], [[SOLID]], [[테스트]]이며, 학습 시 ""정의 → 동작 원리 → 장단점 → 적용 사례"" 순서로 정리하면 좋다.","[[모듈화]], [[결합도]], [[정보 은닉]], [[SOLID]], [[테스트]]",05-14-06-한국은행-2022-컴퓨터공학-학술-파트-I.md; 05-08-산업은행-기출.md; 11-03-설계-결합도-응집도.md,"소프트웨어공학 문제에서는 응집도의 정의만 쓰지 말고 관련 개념(모듈화, 결합도, 정보 은닉)과 비교·차이를 함께 쓰면 가점을 받기 쉽다."
CS-059,컴파일러,Compiler,프로그래밍 언어,C,ㅋ,"컴파일러(Compiler)은/는 프로그래밍 언어 영역의 핵심 개념으로, 코드 실행 방식, 메모리 모델, 객체지향·함수형 추상화를 이해하는 데 필요하다.","컴파일러(Compiler)은/는 프로그래밍 언어 영역의 핵심 개념으로, 코드 실행 방식, 메모리 모델, 객체지향·함수형 추상화를 이해하는 데 필요하다. 컴파일/실행 시점, 메모리 할당 위치, 타입 검사 방식, 다형성의 바인딩 시점을 비교해 설명하는 문제가 자주 나온다. 연계 개념은 [[프로그래밍 언어]], [[인터프리터]], [[어셈블러]], [[객체]], [[메모리 관리]]이며, 학습 시 ""정의 → 동작 원리 → 장단점 → 적용 사례"" 순서로 정리하면 좋다.","[[프로그래밍 언어]], [[인터프리터]], [[어셈블러]], [[객체]], [[메모리 관리]]",보강 개념(페이지 직접 언급 없음),"프로그래밍 언어 문제에서는 컴파일러의 정의만 쓰지 말고 관련 개념(프로그래밍 언어, 인터프리터, 어셈블러)과 비교·차이를 함께 쓰면 가점을 받기 쉽다."
CS-060,복합키,Composite Key,데이터베이스,C,ㅂ,복합키(Composite Key)은/는 릴레이션에서 튜플을 식별하거나 테이블 간 참조 관계를 유지하는 식별자 개념이다.,"복합키(Composite Key)은/는 릴레이션에서 튜플을 식별하거나 테이블 간 참조 관계를 유지하는 식별자 개념이다. 시험에서는 정의만이 아니라 이상현상, 정규화, 인덱스 성능, 트랜잭션 격리 수준과 함께 묶어 서술하는 것이 좋다. 연계 개념은 [[대체키]], [[외래키]], [[무결성]], [[개체 무결성]], [[SQL]]이며, 학습 시 ""정의 → 동작 원리 → 장단점 → 적용 사례"" 순서로 정리하면 좋다.","[[대체키]], [[외래키]], [[무결성]], [[개체 무결성]], [[SQL]]",07-02-00-정규화.md; 07-02-01-1NF-2NF-3NF.md; 07-02-02-이상현상과-함수종속.md,"데이터베이스 문제에서는 복합키의 정의만 쓰지 말고 관련 개념(대체키, 외래키, 무결성)과 비교·차이를 함께 쓰면 가점을 받기 쉽다."
CS-061,컴퓨터구조,Computer Architecture,컴퓨터구조,C,ㅋ,"컴퓨터구조(Computer Architecture)은/는 컴퓨터구조 영역의 핵심 개념으로, 명령어 실행, 캐시, 병렬성, 입출력 병목을 하드웨어 관점에서 설명한다.","컴퓨터구조(Computer Architecture)은/는 컴퓨터구조 영역의 핵심 개념으로, 명령어 실행, 캐시, 병렬성, 입출력 병목을 하드웨어 관점에서 설명한다. 성능 계산에서는 CPI, 히트율, 병렬화 가능 비율처럼 수치화 가능한 요소와 병목 지점을 함께 본다. 연계 개념은 [[CPU]], [[ALU]], [[캐시]], [[메모리 계층]]이며, 학습 시 ""정의 → 동작 원리 → 장단점 → 적용 사례"" 순서로 정리하면 좋다.","[[CPU]], [[ALU]], [[캐시]], [[메모리 계층]]",14-컴퓨터구조-심화.md; 06-02-02-선점형과-비선점형.md; 05-14-19-한국은행-2025-컴퓨터공학-학술-9-컴퓨터구조-캐시-메모리.md,"컴퓨터구조 문제에서는 컴퓨터구조의 정의만 쓰지 말고 관련 개념(CPU, ALU, 캐시)과 비교·차이를 함께 쓰면 가점을 받기 쉽다."
CS-062,기밀성,Confidentiality,보안,C,ㄱ,기밀성(기밀성)은/는 정보 자산을 보호하거나 공격자가 악용하는 취약 지점을 설명하는 보안 개념이다.,"기밀성(기밀성)은/는 정보 자산을 보호하거나 공격자가 악용하는 취약 지점을 설명하는 보안 개념이다. 공격 원리, 영향, 탐지 단서, 예방·탐지·대응 통제를 구분해 쓰면 금융 보안 답안에 적합하다. 연계 개념은 [[정보보호]], [[무결성]], [[가용성]], [[인증]], [[암호화]]이며, 학습 시 ""정의 → 동작 원리 → 장단점 → 적용 사례"" 순서로 정리하면 좋다.","[[정보보호]], [[무결성]], [[가용성]], [[인증]], [[암호화]]",05-14-02-한국은행-2019-컴퓨터공학-학술-파트-II.md; 04-04-네트워크-프로토콜-보안.md; 04-05-자료구조-알고리즘-DB-금융IT.md,"보안 문제에서는 기밀성의 정의만 쓰지 말고 관련 개념(정보보호, 무결성, 가용성)과 비교·차이를 함께 쓰면 가점을 받기 쉽다."
CS-063,형상 관리,Configuration Management,소프트웨어공학,C,ㅎ,"형상 관리(형상 관리)은/는 소프트웨어공학 영역의 핵심 개념으로, 요구사항을 안정적인 소프트웨어로 전환하고 변경 비용을 낮추는 방법론이다.","형상 관리(형상 관리)은/는 소프트웨어공학 영역의 핵심 개념으로, 요구사항을 안정적인 소프트웨어로 전환하고 변경 비용을 낮추는 방법론이다. 산출물, 장단점, 적용 상황, 품질 속성에 미치는 영향을 함께 설명하면 면접·논술 답안으로 확장하기 쉽다. 연계 개념은 [[동등 분할]], [[회귀 테스트]], [[Git]], [[브랜치]], [[테스트]]이며, 학습 시 ""정의 → 동작 원리 → 장단점 → 적용 사례"" 순서로 정리하면 좋다.","[[동등 분할]], [[회귀 테스트]], [[Git]], [[브랜치]], [[테스트]]",보강 개념(페이지 직접 언급 없음),"소프트웨어공학 문제에서는 형상 관리의 정의만 쓰지 말고 관련 개념(동등 분할, 회귀 테스트, Git)과 비교·차이를 함께 쓰면 가점을 받기 쉽다."
CS-064,혼동 행렬,Confusion Matrix,인공지능·데이터,C,ㅎ,"혼동 행렬(혼동 행렬)은/는 데이터 기반 예측·분류·분석 과정에서 모델, 학습 방법, 평가 또는 전처리를 설명하는 개념이다.","혼동 행렬(혼동 행렬)은/는 데이터 기반 예측·분류·분석 과정에서 모델, 학습 방법, 평가 또는 전처리를 설명하는 개념이다. 데이터 누수, 편향, 평가 지표 선택, 운영 중 성능 저하를 함께 고려해야 실제 금융 AI 적용에 적합하다. 연계 개념은 [[검증 데이터]], [[테스트 데이터]], [[정확도]], [[정밀도]], [[머신러닝]]이며, 학습 시 ""정의 → 동작 원리 → 장단점 → 적용 사례"" 순서로 정리하면 좋다.","[[검증 데이터]], [[테스트 데이터]], [[정확도]], [[정밀도]], [[머신러닝]]",보강 개념(페이지 직접 언급 없음),"인공지능·데이터 문제에서는 혼동 행렬의 정의만 쓰지 말고 관련 개념(검증 데이터, 테스트 데이터, 정확도)과 비교·차이를 함께 쓰면 가점을 받기 쉽다."
CS-065,합의 알고리즘,Consensus Algorithm,금융IT·신기술,C,ㅎ,"합의 알고리즘(합의 알고리즘)은/는 금융IT·신기술 영역의 핵심 개념으로, 금융 인프라, 규제, 지급결제, 디지털 자산과 IT 기술의 접점을 설명한다.","합의 알고리즘(합의 알고리즘)은/는 금융IT·신기술 영역의 핵심 개념으로, 금융 인프라, 규제, 지급결제, 디지털 자산과 IT 기술의 접점을 설명한다. 기술적 구조뿐 아니라 규제, 신뢰, 장애 리스크, 소비자 보호 관점을 함께 설명해야 한다. 연계 개념은 [[해시 체인]], [[머클 트리]], [[작업증명]], [[지분증명]], [[전자금융]]이며, 학습 시 ""정의 → 동작 원리 → 장단점 → 적용 사례"" 순서로 정리하면 좋다.","[[해시 체인]], [[머클 트리]], [[작업증명]], [[지분증명]], [[전자금융]]",05-01-우리은행-기출.md; 05-03-대구은행-기출.md; 04-01-빅데이터-블록체인-머신러닝.md,"금융IT·신기술 문제에서는 합의 알고리즘의 정의만 쓰지 말고 관련 개념(해시 체인, 머클 트리, 작업증명)과 비교·차이를 함께 쓰면 가점을 받기 쉽다."
CS-066,컨테이너,Container,클라우드·분산시스템,C,ㅋ,"컨테이너(Container)은/는 클라우드·분산시스템 영역의 핵심 개념으로, 확장성, 장애 허용, 일관성, 운영 자동화를 다루는 현대 인프라 핵심이다.","컨테이너(Container)은/는 클라우드·분산시스템 영역의 핵심 개념으로, 확장성, 장애 허용, 일관성, 운영 자동화를 다루는 현대 인프라 핵심이다. 단일 노드 설계와 달리 네트워크 분할, 장애 전파, 재시도, 중복 처리, 관측 가능성을 전제로 설계해야 한다. 연계 개념은 [[하이퍼바이저]], [[VM]], [[Docker]], [[Kubernetes]], [[분산 시스템]]이며, 학습 시 ""정의 → 동작 원리 → 장단점 → 적용 사례"" 순서로 정리하면 좋다.","[[하이퍼바이저]], [[VM]], [[Docker]], [[Kubernetes]], [[분산 시스템]]",05-09-운영체제-기출-모음.md; 17-2-컨테이너.md; 05-03-대구은행-기출.md,"클라우드·분산시스템 문제에서는 컨테이너의 정의만 쓰지 말고 관련 개념(하이퍼바이저, VM, Docker)과 비교·차이를 함께 쓰면 가점을 받기 쉽다."
CS-067,문맥 교환,Context Switch,운영체제,C,ㅁ,"문맥 교환(Context Switch)은/는 운영체제 영역의 핵심 개념으로, CPU, 메모리, 파일, 입출력 자원을 공정하고 효율적으로 배분하는 기반 지식이다.","문맥 교환(Context Switch)은/는 운영체제 영역의 핵심 개념으로, CPU, 메모리, 파일, 입출력 자원을 공정하고 효율적으로 배분하는 기반 지식이다. 답안에서는 상태 전이, 자료구조(큐·테이블), 오버헤드와 처리량/응답시간의 트레이드오프를 함께 적으면 완성도가 높다. 연계 개념은 [[멀티스레딩]], [[PCB]], [[프로세스 상태]], [[준비 큐]], [[프로세스]]이며, 학습 시 ""정의 → 동작 원리 → 장단점 → 적용 사례"" 순서로 정리하면 좋다.","[[멀티스레딩]], [[PCB]], [[프로세스 상태]], [[준비 큐]], [[프로세스]]",보강 개념(페이지 직접 언급 없음),"운영체제 문제에서는 문맥 교환의 정의만 쓰지 말고 관련 개념(멀티스레딩, PCB, 프로세스 상태)과 비교·차이를 함께 쓰면 가점을 받기 쉽다."
CS-068,결합도,Coupling,소프트웨어공학,C,ㄱ,"결합도(결합도)은/는 소프트웨어공학 영역의 핵심 개념으로, 요구사항을 안정적인 소프트웨어로 전환하고 변경 비용을 낮추는 방법론이다.","결합도(결합도)은/는 소프트웨어공학 영역의 핵심 개념으로, 요구사항을 안정적인 소프트웨어로 전환하고 변경 비용을 낮추는 방법론이다. 산출물, 장단점, 적용 상황, 품질 속성에 미치는 영향을 함께 설명하면 면접·논술 답안으로 확장하기 쉽다. 연계 개념은 [[아키텍처]], [[모듈화]], [[응집도]], [[정보 은닉]], [[테스트]]이며, 학습 시 ""정의 → 동작 원리 → 장단점 → 적용 사례"" 순서로 정리하면 좋다.","[[아키텍처]], [[모듈화]], [[응집도]], [[정보 은닉]], [[테스트]]",05-14-06-한국은행-2022-컴퓨터공학-학술-파트-I.md; 05-08-산업은행-기출.md; 11-03-설계-결합도-응집도.md,"소프트웨어공학 문제에서는 결합도의 정의만 쓰지 말고 관련 개념(아키텍처, 모듈화, 응집도)과 비교·차이를 함께 쓰면 가점을 받기 쉽다."
CS-069,CPM,CPM,소프트웨어공학,C,C,"CPM(CPM)은/는 소프트웨어공학 영역의 핵심 개념으로, 요구사항을 안정적인 소프트웨어로 전환하고 변경 비용을 낮추는 방법론이다.","CPM(CPM)은/는 소프트웨어공학 영역의 핵심 개념으로, 요구사항을 안정적인 소프트웨어로 전환하고 변경 비용을 낮추는 방법론이다. 산출물, 장단점, 적용 상황, 품질 속성에 미치는 영향을 함께 설명하면 면접·논술 답안으로 확장하기 쉽다. 연계 개념은 [[기능 점수]], [[COCOMO]], [[PERT]], [[테스트]], [[형상 관리]]이며, 학습 시 ""정의 → 동작 원리 → 장단점 → 적용 사례"" 순서로 정리하면 좋다.","[[기능 점수]], [[COCOMO]], [[PERT]], [[테스트]], [[형상 관리]]",05-05-SGI서울보증-기출.md; 05-13-알고리즘-기출-모음.md,"소프트웨어공학 문제에서는 CPM의 정의만 쓰지 말고 관련 개념(기능 점수, COCOMO, PERT)과 비교·차이를 함께 쓰면 가점을 받기 쉽다."
CS-070,CSRF,CSRF,보안,C,C,CSRF(CSRF)은/는 정보 자산을 보호하거나 공격자가 악용하는 취약 지점을 설명하는 보안 개념이다.,"CSRF(CSRF)은/는 정보 자산을 보호하거나 공격자가 악용하는 취약 지점을 설명하는 보안 개념이다. 공격 원리, 영향, 탐지 단서, 예방·탐지·대응 통제를 구분해 쓰면 금융 보안 답안에 적합하다. 연계 개념은 [[XSS]], [[SQL Injection]], [[세션 하이재킹]], [[DDoS]], [[인증]]이며, 학습 시 ""정의 → 동작 원리 → 장단점 → 적용 사례"" 순서로 정리하면 좋다.","[[XSS]], [[SQL Injection]], [[세션 하이재킹]], [[DDoS]], [[인증]]",05-14-32-한국은행-2026-컴퓨터공학-학술-7-보안.md; 20-5-금융보안원-면접.md; 05-14-한국은행-기출.md,"보안 문제에서는 CSRF의 정의만 쓰지 말고 관련 개념(XSS, SQL Injection, 세션 하이재킹)과 비교·차이를 함께 쓰면 가점을 받기 쉽다."
CS-071,DAC,DAC,보안,D,D,DAC(DAC)은/는 정보 자산을 보호하거나 공격자가 악용하는 취약 지점을 설명하는 보안 개념이다.,"DAC(DAC)은/는 정보 자산을 보호하거나 공격자가 악용하는 취약 지점을 설명하는 보안 개념이다. 공격 원리, 영향, 탐지 단서, 예방·탐지·대응 통제를 구분해 쓰면 금융 보안 답안에 적합하다. 연계 개념은 [[인가]], [[접근통제]], [[MAC]], [[RBAC]], [[인증]]이며, 학습 시 ""정의 → 동작 원리 → 장단점 → 적용 사례"" 순서로 정리하면 좋다.","[[인가]], [[접근통제]], [[MAC]], [[RBAC]], [[인증]]",10-02-인증-인가-접근통제.md,"보안 문제에서는 DAC의 정의만 쓰지 말고 관련 개념(인가, 접근통제, MAC)과 비교·차이를 함께 쓰면 가점을 받기 쉽다."
CS-072,데이터 마이닝,Data Mining,인공지능·데이터,D,ㄷ,"데이터 마이닝(데이터 마이닝)은/는 데이터 기반 예측·분류·분석 과정에서 모델, 학습 방법, 평가 또는 전처리를 설명하는 개념이다.","데이터 마이닝(데이터 마이닝)은/는 데이터 기반 예측·분류·분석 과정에서 모델, 학습 방법, 평가 또는 전처리를 설명하는 개념이다. 데이터 누수, 편향, 평가 지표 선택, 운영 중 성능 저하를 함께 고려해야 실제 금융 AI 적용에 적합하다. 연계 개념은 [[빅데이터]], [[3V]], [[머신러닝]], [[훈련 데이터]], [[평가 지표]]이며, 학습 시 ""정의 → 동작 원리 → 장단점 → 적용 사례"" 순서로 정리하면 좋다.","[[빅데이터]], [[3V]], [[머신러닝]], [[훈련 데이터]], [[평가 지표]]",05-03-대구은행-기출.md,"인공지능·데이터 문제에서는 데이터 마이닝의 정의만 쓰지 말고 관련 개념(빅데이터, 3V, 머신러닝)과 비교·차이를 함께 쓰면 가점을 받기 쉽다."
CS-073,데이터 전처리,Data Preprocessing,인공지능·데이터,D,ㄷ,"데이터 전처리(데이터 전처리)은/는 데이터 기반 예측·분류·분석 과정에서 모델, 학습 방법, 평가 또는 전처리를 설명하는 개념이다.","데이터 전처리(데이터 전처리)은/는 데이터 기반 예측·분류·분석 과정에서 모델, 학습 방법, 평가 또는 전처리를 설명하는 개념이다. 데이터 누수, 편향, 평가 지표 선택, 운영 중 성능 저하를 함께 고려해야 실제 금융 AI 적용에 적합하다. 연계 개념은 [[역전파]], [[특성 공학]], [[이상치]], [[결측치]], [[머신러닝]]이며, 학습 시 ""정의 → 동작 원리 → 장단점 → 적용 사례"" 순서로 정리하면 좋다.","[[역전파]], [[특성 공학]], [[이상치]], [[결측치]], [[머신러닝]]",보강 개념(페이지 직접 언급 없음),"인공지능·데이터 문제에서는 데이터 전처리의 정의만 쓰지 말고 관련 개념(역전파, 특성 공학, 이상치)과 비교·차이를 함께 쓰면 가점을 받기 쉽다."
CS-074,자료구조,Data Structure,자료구조·알고리즘,D,ㅈ,자료구조(Data Structure)은/는 데이터를 저장·탐색·갱신하거나 문제를 효율적으로 해결하기 위한 구조 또는 절차이다.,"자료구조(Data Structure)은/는 데이터를 저장·탐색·갱신하거나 문제를 효율적으로 해결하기 위한 구조 또는 절차이다. 구현 아이디어, 평균/최악 시간복잡도, 안정성·제자리성 같은 성질을 함께 정리하면 코딩형과 서술형 모두에 대응된다. 연계 개념은 [[배열]], [[연결 리스트]], [[시간 복잡도]], [[공간 복잡도]]이며, 학습 시 ""정의 → 동작 원리 → 장단점 → 적용 사례"" 순서로 정리하면 좋다.","[[배열]], [[연결 리스트]], [[시간 복잡도]], [[공간 복잡도]]",07-01-02-키와-무결성.md; 05-08-산업은행-기출.md; 07-01-01-릴레이션-튜플-속성.md,"자료구조·알고리즘 문제에서는 자료구조의 정의만 쓰지 말고 관련 개념(배열, 연결 리스트, 시간 복잡도)과 비교·차이를 함께 쓰면 가점을 받기 쉽다."
CS-075,데이터베이스,Database,데이터베이스,D,ㄷ,"데이터베이스(Database)은/는 데이터베이스 영역의 핵심 개념으로, 데이터 저장·검색·무결성·동시성의 관점에서 금융권 거래 원장과 고객 데이터 품질을 좌우한다.","데이터베이스(Database)은/는 데이터베이스 영역의 핵심 개념으로, 데이터 저장·검색·무결성·동시성의 관점에서 금융권 거래 원장과 고객 데이터 품질을 좌우한다. 시험에서는 정의만이 아니라 이상현상, 정규화, 인덱스 성능, 트랜잭션 격리 수준과 함께 묶어 서술하는 것이 좋다. 연계 개념은 [[DBMS]], [[스키마]], [[SQL]], [[트랜잭션]], [[정규화]]이며, 학습 시 ""정의 → 동작 원리 → 장단점 → 적용 사례"" 순서로 정리하면 좋다.","[[DBMS]], [[스키마]], [[SQL]], [[트랜잭션]], [[정규화]]",05-14-06-한국은행-2022-컴퓨터공학-학술-파트-I.md; 05-14-11-한국은행-2025-컴퓨터공학-학술-1-데이터베이스.md; 07-01-02-키와-무결성.md,"데이터베이스 문제에서는 데이터베이스의 정의만 쓰지 말고 관련 개념(DBMS, 스키마, SQL)과 비교·차이를 함께 쓰면 가점을 받기 쉽다."
CS-076,DBMS,Database Management System,데이터베이스,D,D,"DBMS(Database Management System)은/는 데이터베이스 영역의 핵심 개념으로, 데이터 저장·검색·무결성·동시성의 관점에서 금융권 거래 원장과 고객 데이터 품질을 좌우한다.","DBMS(Database Management System)은/는 데이터베이스 영역의 핵심 개념으로, 데이터 저장·검색·무결성·동시성의 관점에서 금융권 거래 원장과 고객 데이터 품질을 좌우한다. 시험에서는 정의만이 아니라 이상현상, 정규화, 인덱스 성능, 트랜잭션 격리 수준과 함께 묶어 서술하는 것이 좋다. 연계 개념은 [[데이터베이스]], [[스키마]], [[인스턴스]], [[SQL]], [[트랜잭션]]이며, 학습 시 ""정의 → 동작 원리 → 장단점 → 적용 사례"" 순서로 정리하면 좋다.","[[데이터베이스]], [[스키마]], [[인스턴스]], [[SQL]], [[트랜잭션]]",10-03-01-XSS-SQL-Injection.md; 13-01-00-SQL-기본.md; 05-10-데이터베이스-기출-모음.md,"데이터베이스 문제에서는 DBMS의 정의만 쓰지 말고 관련 개념(데이터베이스, 스키마, 인스턴스)과 비교·차이를 함께 쓰면 가점을 받기 쉽다."
CS-077,DCL,DCL,데이터베이스,D,D,"DCL(DCL)은/는 데이터베이스 영역의 핵심 개념으로, 데이터 저장·검색·무결성·동시성의 관점에서 금융권 거래 원장과 고객 데이터 품질을 좌우한다.","DCL(DCL)은/는 데이터베이스 영역의 핵심 개념으로, 데이터 저장·검색·무결성·동시성의 관점에서 금융권 거래 원장과 고객 데이터 품질을 좌우한다. 시험에서는 정의만이 아니라 이상현상, 정규화, 인덱스 성능, 트랜잭션 격리 수준과 함께 묶어 서술하는 것이 좋다. 연계 개념은 [[DDL]], [[DML]], [[TCL]], [[SELECT]], [[SQL]]이며, 학습 시 ""정의 → 동작 원리 → 장단점 → 적용 사례"" 순서로 정리하면 좋다.","[[DDL]], [[DML]], [[TCL]], [[SELECT]], [[SQL]]",05-08-산업은행-기출.md; 04-02-프로그래밍-SQL-분산-클라우드.md,"데이터베이스 문제에서는 DCL의 정의만 쓰지 말고 관련 개념(DDL, DML, TCL)과 비교·차이를 함께 쓰면 가점을 받기 쉽다."
CS-078,DDL,DDL,데이터베이스,D,D,"DDL(DDL)은/는 데이터베이스 영역의 핵심 개념으로, 데이터 저장·검색·무결성·동시성의 관점에서 금융권 거래 원장과 고객 데이터 품질을 좌우한다.","DDL(DDL)은/는 데이터베이스 영역의 핵심 개념으로, 데이터 저장·검색·무결성·동시성의 관점에서 금융권 거래 원장과 고객 데이터 품질을 좌우한다. 시험에서는 정의만이 아니라 이상현상, 정규화, 인덱스 성능, 트랜잭션 격리 수준과 함께 묶어 서술하는 것이 좋다. 연계 개념은 [[비클러스터드 인덱스]], [[SQL]], [[DML]], [[DCL]], [[트랜잭션]]이며, 학습 시 ""정의 → 동작 원리 → 장단점 → 적용 사례"" 순서로 정리하면 좋다.","[[비클러스터드 인덱스]], [[SQL]], [[DML]], [[DCL]], [[트랜잭션]]",05-08-산업은행-기출.md; 04-02-프로그래밍-SQL-분산-클라우드.md; 05-04-금융결제원-기출.md,"데이터베이스 문제에서는 DDL의 정의만 쓰지 말고 관련 개념(비클러스터드 인덱스, SQL, DML)과 비교·차이를 함께 쓰면 가점을 받기 쉽다."
CS-079,DDoS,DDoS,보안,D,D,DDoS(DDoS)은/는 정보 자산을 보호하거나 공격자가 악용하는 취약 지점을 설명하는 보안 개념이다.,"DDoS(DDoS)은/는 정보 자산을 보호하거나 공격자가 악용하는 취약 지점을 설명하는 보안 개념이다. 공격 원리, 영향, 탐지 단서, 예방·탐지·대응 통제를 구분해 쓰면 금융 보안 답안에 적합하다. 연계 개념은 [[CSRF]], [[세션 하이재킹]], [[SYN Flood]], [[스머프 공격]], [[인증]]이며, 학습 시 ""정의 → 동작 원리 → 장단점 → 적용 사례"" 순서로 정리하면 좋다.","[[CSRF]], [[세션 하이재킹]], [[SYN Flood]], [[스머프 공격]], [[인증]]",05-14-17-한국은행-2025-컴퓨터공학-학술-7-네트워크-보안.md; 05-01-우리은행-기출.md; 04-04-네트워크-프로토콜-보안.md,"보안 문제에서는 DDoS의 정의만 쓰지 말고 관련 개념(CSRF, 세션 하이재킹, SYN Flood)과 비교·차이를 함께 쓰면 가점을 받기 쉽다."
CS-080,결정 트리,Decision Tree,인공지능·데이터,D,ㄱ,"결정 트리(결정 트리)은/는 데이터 기반 예측·분류·분석 과정에서 모델, 학습 방법, 평가 또는 전처리를 설명하는 개념이다.","결정 트리(결정 트리)은/는 데이터 기반 예측·분류·분석 과정에서 모델, 학습 방법, 평가 또는 전처리를 설명하는 개념이다. 데이터 누수, 편향, 평가 지표 선택, 운영 중 성능 저하를 함께 고려해야 실제 금융 AI 적용에 적합하다. 연계 개념은 [[선형 회귀]], [[로지스틱 회귀]], [[랜덤 포레스트]], [[SVM]], [[머신러닝]]이며, 학습 시 ""정의 → 동작 원리 → 장단점 → 적용 사례"" 순서로 정리하면 좋다.","[[선형 회귀]], [[로지스틱 회귀]], [[랜덤 포레스트]], [[SVM]], [[머신러닝]]",보강 개념(페이지 직접 언급 없음),"인공지능·데이터 문제에서는 결정 트리의 정의만 쓰지 말고 관련 개념(선형 회귀, 로지스틱 회귀, 랜덤 포레스트)과 비교·차이를 함께 쓰면 가점을 받기 쉽다."
CS-081,딥러닝,Deep Learning,인공지능·데이터,D,ㄷ,"딥러닝(Deep Learning)은/는 데이터 기반 예측·분류·분석 과정에서 모델, 학습 방법, 평가 또는 전처리를 설명하는 개념이다.","딥러닝(Deep Learning)은/는 데이터 기반 예측·분류·분석 과정에서 모델, 학습 방법, 평가 또는 전처리를 설명하는 개념이다. 데이터 누수, 편향, 평가 지표 선택, 운영 중 성능 저하를 함께 고려해야 실제 금융 AI 적용에 적합하다. 연계 개념은 [[신경망]], [[퍼셉트론]], [[CNN]], [[RNN]], [[머신러닝]]이며, 학습 시 ""정의 → 동작 원리 → 장단점 → 적용 사례"" 순서로 정리하면 좋다.","[[신경망]], [[퍼셉트론]], [[CNN]], [[RNN]], [[머신러닝]]",05-14-10-한국은행-2024-컴퓨터공학-학술-파트-I.md; 05-03-대구은행-기출.md; 16-인공지능-기계학습.md,"인공지능·데이터 문제에서는 딥러닝의 정의만 쓰지 말고 관련 개념(신경망, 퍼셉트론, CNN)과 비교·차이를 함께 쓰면 가점을 받기 쉽다."
CS-082,DeFi,DeFi,금융IT·신기술,D,D,"DeFi(DeFi)은/는 금융IT·신기술 영역의 핵심 개념으로, 금융 인프라, 규제, 지급결제, 디지털 자산과 IT 기술의 접점을 설명한다.","DeFi(DeFi)은/는 금융IT·신기술 영역의 핵심 개념으로, 금융 인프라, 규제, 지급결제, 디지털 자산과 IT 기술의 접점을 설명한다. 기술적 구조뿐 아니라 규제, 신뢰, 장애 리스크, 소비자 보호 관점을 함께 설명해야 한다. 연계 개념은 [[퍼블릭 블록체인]], [[스마트 컨트랙트]], [[디지털 자산]], [[토큰화]], [[전자금융]]이며, 학습 시 ""정의 → 동작 원리 → 장단점 → 적용 사례"" 순서로 정리하면 좋다.","[[퍼블릭 블록체인]], [[스마트 컨트랙트]], [[디지털 자산]], [[토큰화]], [[전자금융]]",05-08-산업은행-기출.md; 04-02-프로그래밍-SQL-분산-클라우드.md; 05-01-우리은행-기출.md,"금융IT·신기술 문제에서는 DeFi의 정의만 쓰지 말고 관련 개념(퍼블릭 블록체인, 스마트 컨트랙트, 디지털 자산)과 비교·차이를 함께 쓰면 가점을 받기 쉽다."
CS-083,차수,Degree,데이터베이스,D,ㅊ,"차수(Degree)은/는 데이터베이스 영역의 핵심 개념으로, 데이터 저장·검색·무결성·동시성의 관점에서 금융권 거래 원장과 고객 데이터 품질을 좌우한다.","차수(Degree)은/는 데이터베이스 영역의 핵심 개념으로, 데이터 저장·검색·무결성·동시성의 관점에서 금융권 거래 원장과 고객 데이터 품질을 좌우한다. 시험에서는 정의만이 아니라 이상현상, 정규화, 인덱스 성능, 트랜잭션 격리 수준과 함께 묶어 서술하는 것이 좋다. 연계 개념은 [[속성]], [[도메인]], [[카디널리티]], [[키]], [[SQL]]이며, 학습 시 ""정의 → 동작 원리 → 장단점 → 적용 사례"" 순서로 정리하면 좋다.","[[속성]], [[도메인]], [[카디널리티]], [[키]], [[SQL]]",09-02-02-DFS-BFS-최단경로.md,"데이터베이스 문제에서는 차수의 정의만 쓰지 말고 관련 개념(속성, 도메인, 카디널리티)과 비교·차이를 함께 쓰면 가점을 받기 쉽다."
CS-084,디자인 패턴,Design Pattern,소프트웨어공학,D,ㄷ,"디자인 패턴(디자인 패턴)은/는 소프트웨어공학 영역의 핵심 개념으로, 요구사항을 안정적인 소프트웨어로 전환하고 변경 비용을 낮추는 방법론이다.","디자인 패턴(디자인 패턴)은/는 소프트웨어공학 영역의 핵심 개념으로, 요구사항을 안정적인 소프트웨어로 전환하고 변경 비용을 낮추는 방법론이다. 산출물, 장단점, 적용 상황, 품질 속성에 미치는 영향을 함께 설명하면 면접·논술 답안으로 확장하기 쉽다. 연계 개념은 [[인터페이스 분리 원칙]], [[의존성 역전 원칙]], [[싱글턴 패턴]], [[팩토리 패턴]], [[테스트]]이며, 학습 시 ""정의 → 동작 원리 → 장단점 → 적용 사례"" 순서로 정리하면 좋다.","[[인터페이스 분리 원칙]], [[의존성 역전 원칙]], [[싱글턴 패턴]], [[팩토리 패턴]], [[테스트]]",11-03-설계-결합도-응집도.md; 05-14-04-한국은행-2021-컴퓨터공학-학술-파트-I.md,"소프트웨어공학 문제에서는 디자인 패턴의 정의만 쓰지 말고 관련 개념(인터페이스 분리 원칙, 의존성 역전 원칙, 싱글턴 패턴)과 비교·차이를 함께 쓰면 가점을 받기 쉽다."
CS-085,DevOps,DevOps,소프트웨어공학,D,D,"DevOps(DevOps)은/는 소프트웨어공학 영역의 핵심 개념으로, 요구사항을 안정적인 소프트웨어로 전환하고 변경 비용을 낮추는 방법론이다.","DevOps(DevOps)은/는 소프트웨어공학 영역의 핵심 개념으로, 요구사항을 안정적인 소프트웨어로 전환하고 변경 비용을 낮추는 방법론이다. 산출물, 장단점, 적용 상황, 품질 속성에 미치는 영향을 함께 설명하면 면접·논술 답안으로 확장하기 쉽다. 연계 개념은 [[스프린트]], [[칸반]], [[CI/CD]], [[요구사항 분석]], [[테스트]]이며, 학습 시 ""정의 → 동작 원리 → 장단점 → 적용 사례"" 순서로 정리하면 좋다.","[[스프린트]], [[칸반]], [[CI/CD]], [[요구사항 분석]], [[테스트]]",보강 개념(페이지 직접 언급 없음),"소프트웨어공학 문제에서는 DevOps의 정의만 쓰지 말고 관련 개념(스프린트, 칸반, CI/CD)과 비교·차이를 함께 쓰면 가점을 받기 쉽다."
CS-086,DFS,DFS,자료구조·알고리즘,D,D,DFS(DFS)은/는 데이터를 저장·탐색·갱신하거나 문제를 효율적으로 해결하기 위한 구조 또는 절차이다.,"DFS(DFS)은/는 데이터를 저장·탐색·갱신하거나 문제를 효율적으로 해결하기 위한 구조 또는 절차이다. 구현 아이디어, 평균/최악 시간복잡도, 안정성·제자리성 같은 성질을 함께 정리하면 코딩형과 서술형 모두에 대응된다. 연계 개념은 [[인접 행렬]], [[인접 리스트]], [[BFS]], [[위상 정렬]], [[시간 복잡도]]이며, 학습 시 ""정의 → 동작 원리 → 장단점 → 적용 사례"" 순서로 정리하면 좋다.","[[인접 행렬]], [[인접 리스트]], [[BFS]], [[위상 정렬]], [[시간 복잡도]]",05-08-산업은행-기출.md; 02-01-기본-전제와-일정.md; 05-13-알고리즘-기출-모음.md,"자료구조·알고리즘 문제에서는 DFS의 정의만 쓰지 말고 관련 개념(인접 행렬, 인접 리스트, BFS)과 비교·차이를 함께 쓰면 가점을 받기 쉽다."
CS-087,디지털 자산,Digital Asset,금융IT·신기술,D,ㄷ,"디지털 자산(디지털 자산)은/는 금융IT·신기술 영역의 핵심 개념으로, 금융 인프라, 규제, 지급결제, 디지털 자산과 IT 기술의 접점을 설명한다.","디지털 자산(디지털 자산)은/는 금융IT·신기술 영역의 핵심 개념으로, 금융 인프라, 규제, 지급결제, 디지털 자산과 IT 기술의 접점을 설명한다. 기술적 구조뿐 아니라 규제, 신뢰, 장애 리스크, 소비자 보호 관점을 함께 설명해야 한다. 연계 개념은 [[스마트 컨트랙트]], [[DeFi]], [[토큰화]], [[RegTech]], [[전자금융]]이며, 학습 시 ""정의 → 동작 원리 → 장단점 → 적용 사례"" 순서로 정리하면 좋다.","[[스마트 컨트랙트]], [[DeFi]], [[토큰화]], [[RegTech]], [[전자금융]]",04-05-자료구조-알고리즘-DB-금융IT.md,"금융IT·신기술 문제에서는 디지털 자산의 정의만 쓰지 말고 관련 개념(스마트 컨트랙트, DeFi, 토큰화)과 비교·차이를 함께 쓰면 가점을 받기 쉽다."
CS-088,전자서명,Digital Signature,보안,D,ㅈ,전자서명(전자서명)은/는 정보 자산을 보호하거나 공격자가 악용하는 취약 지점을 설명하는 보안 개념이다.,"전자서명(전자서명)은/는 정보 자산을 보호하거나 공격자가 악용하는 취약 지점을 설명하는 보안 개념이다. 공격 원리, 영향, 탐지 단서, 예방·탐지·대응 통제를 구분해 쓰면 금융 보안 답안에 적합하다. 연계 개념은 [[암호화]], [[해시]], [[PKI]], [[공개키 기반구조]], [[인증]]이며, 학습 시 ""정의 → 동작 원리 → 장단점 → 적용 사례"" 순서로 정리하면 좋다.","[[암호화]], [[해시]], [[PKI]], [[공개키 기반구조]], [[인증]]",05-01-우리은행-기출.md; 04-04-네트워크-프로토콜-보안.md; 05-12-보안-기출-모음.md,"보안 문제에서는 전자서명의 정의만 쓰지 말고 관련 개념(암호화, 해시, PKI)과 비교·차이를 함께 쓰면 가점을 받기 쉽다."
CS-089,디지털 트윈,Digital Twin,금융IT·신기술,D,ㄷ,"디지털 트윈(디지털 트윈)은/는 금융IT·신기술 영역의 핵심 개념으로, 금융 인프라, 규제, 지급결제, 디지털 자산과 IT 기술의 접점을 설명한다.","디지털 트윈(디지털 트윈)은/는 금융IT·신기술 영역의 핵심 개념으로, 금융 인프라, 규제, 지급결제, 디지털 자산과 IT 기술의 접점을 설명한다. 기술적 구조뿐 아니라 규제, 신뢰, 장애 리스크, 소비자 보호 관점을 함께 설명해야 한다. 연계 개념은 [[AML]], [[KYC]], [[메타버스]], [[RPA]], [[전자금융]]이며, 학습 시 ""정의 → 동작 원리 → 장단점 → 적용 사례"" 순서로 정리하면 좋다.","[[AML]], [[KYC]], [[메타버스]], [[RPA]], [[전자금융]]",보강 개념(페이지 직접 언급 없음),"금융IT·신기술 문제에서는 디지털 트윈의 정의만 쓰지 말고 관련 개념(AML, KYC, 메타버스)과 비교·차이를 함께 쓰면 가점을 받기 쉽다."
CS-090,차원 축소,Dimensionality Reduction,인공지능·데이터,D,ㅊ,"차원 축소(차원 축소)은/는 데이터 기반 예측·분류·분석 과정에서 모델, 학습 방법, 평가 또는 전처리를 설명하는 개념이다.","차원 축소(차원 축소)은/는 데이터 기반 예측·분류·분석 과정에서 모델, 학습 방법, 평가 또는 전처리를 설명하는 개념이다. 데이터 누수, 편향, 평가 지표 선택, 운영 중 성능 저하를 함께 고려해야 실제 금융 AI 적용에 적합하다. 연계 개념은 [[회귀]], [[군집화]], [[선형 회귀]], [[로지스틱 회귀]], [[머신러닝]]이며, 학습 시 ""정의 → 동작 원리 → 장단점 → 적용 사례"" 순서로 정리하면 좋다.","[[회귀]], [[군집화]], [[선형 회귀]], [[로지스틱 회귀]], [[머신러닝]]",04-01-빅데이터-블록체인-머신러닝.md,"인공지능·데이터 문제에서는 차원 축소의 정의만 쓰지 말고 관련 개념(회귀, 군집화, 선형 회귀)과 비교·차이를 함께 쓰면 가점을 받기 쉽다."
CS-091,분산원장,Distributed Ledger,금융IT·신기술,D,ㅂ,"분산원장(분산원장)은/는 금융IT·신기술 영역의 핵심 개념으로, 금융 인프라, 규제, 지급결제, 디지털 자산과 IT 기술의 접점을 설명한다.","분산원장(분산원장)은/는 금융IT·신기술 영역의 핵심 개념으로, 금융 인프라, 규제, 지급결제, 디지털 자산과 IT 기술의 접점을 설명한다. 기술적 구조뿐 아니라 규제, 신뢰, 장애 리스크, 소비자 보호 관점을 함께 설명해야 한다. 연계 개념은 [[CBDC]], [[블록체인]], [[해시 체인]], [[머클 트리]], [[전자금융]]이며, 학습 시 ""정의 → 동작 원리 → 장단점 → 적용 사례"" 순서로 정리하면 좋다.","[[CBDC]], [[블록체인]], [[해시 체인]], [[머클 트리]], [[전자금융]]",05-03-대구은행-기출.md; 15-5-디지털자산.md; 15-3-CBDC-심화.md,"금융IT·신기술 문제에서는 분산원장의 정의만 쓰지 말고 관련 개념(CBDC, 블록체인, 해시 체인)과 비교·차이를 함께 쓰면 가점을 받기 쉽다."
CS-092,분산 시스템,Distributed System,클라우드·분산시스템,D,ㅂ,"분산 시스템(Distributed System)은/는 클라우드·분산시스템 영역의 핵심 개념으로, 확장성, 장애 허용, 일관성, 운영 자동화를 다루는 현대 인프라 핵심이다.","분산 시스템(Distributed System)은/는 클라우드·분산시스템 영역의 핵심 개념으로, 확장성, 장애 허용, 일관성, 운영 자동화를 다루는 현대 인프라 핵심이다. 단일 노드 설계와 달리 네트워크 분할, 장애 전파, 재시도, 중복 처리, 관측 가능성을 전제로 설계해야 한다. 연계 개념은 [[API 게이트웨이]], [[서비스 메시]], [[CAP 정리]], [[일관성]], [[컨테이너]]이며, 학습 시 ""정의 → 동작 원리 → 장단점 → 적용 사례"" 순서로 정리하면 좋다.","[[API 게이트웨이]], [[서비스 메시]], [[CAP 정리]], [[일관성]], [[컨테이너]]",04-02-프로그래밍-SQL-분산-클라우드.md; 17-클라우드-분산-시스템-심화.md; 17-3-분산-시스템-이론.md,"클라우드·분산시스템 문제에서는 분산 시스템의 정의만 쓰지 말고 관련 개념(API 게이트웨이, 서비스 메시, CAP 정리)과 비교·차이를 함께 쓰면 가점을 받기 쉽다."
CS-093,DMA,DMA,운영체제,D,D,"DMA(DMA)은/는 운영체제 영역의 핵심 개념으로, CPU, 메모리, 파일, 입출력 자원을 공정하고 효율적으로 배분하는 기반 지식이다.","DMA(DMA)은/는 운영체제 영역의 핵심 개념으로, CPU, 메모리, 파일, 입출력 자원을 공정하고 효율적으로 배분하는 기반 지식이다. 답안에서는 상태 전이, 자료구조(큐·테이블), 오버헤드와 처리량/응답시간의 트레이드오프를 함께 적으면 완성도가 높다. 연계 개념은 [[RAID 1]], [[RAID 5]], [[인터럽트]], [[캐시 일관성]], [[프로세스]]이며, 학습 시 ""정의 → 동작 원리 → 장단점 → 적용 사례"" 순서로 정리하면 좋다.","[[RAID 1]], [[RAID 5]], [[인터럽트]], [[캐시 일관성]], [[프로세스]]",05-09-운영체제-기출-모음.md; 14-컴퓨터구조-심화.md; 14-4-입출력-시스템.md,"운영체제 문제에서는 DMA의 정의만 쓰지 말고 관련 개념(RAID 1, RAID 5, 인터럽트)과 비교·차이를 함께 쓰면 가점을 받기 쉽다."
CS-094,DML,DML,데이터베이스,D,D,"DML(DML)은/는 데이터베이스 영역의 핵심 개념으로, 데이터 저장·검색·무결성·동시성의 관점에서 금융권 거래 원장과 고객 데이터 품질을 좌우한다.","DML(DML)은/는 데이터베이스 영역의 핵심 개념으로, 데이터 저장·검색·무결성·동시성의 관점에서 금융권 거래 원장과 고객 데이터 품질을 좌우한다. 시험에서는 정의만이 아니라 이상현상, 정규화, 인덱스 성능, 트랜잭션 격리 수준과 함께 묶어 서술하는 것이 좋다. 연계 개념은 [[SQL]], [[DDL]], [[DCL]], [[TCL]], [[트랜잭션]]이며, 학습 시 ""정의 → 동작 원리 → 장단점 → 적용 사례"" 순서로 정리하면 좋다.","[[SQL]], [[DDL]], [[DCL]], [[TCL]], [[트랜잭션]]",05-08-산업은행-기출.md; 04-02-프로그래밍-SQL-분산-클라우드.md; 05-04-금융결제원-기출.md,"데이터베이스 문제에서는 DML의 정의만 쓰지 말고 관련 개념(SQL, DDL, DCL)과 비교·차이를 함께 쓰면 가점을 받기 쉽다."
CS-095,DNS 스푸핑,DNS 스푸핑,보안,D,D,DNS 스푸핑(DNS 스푸핑)은/는 정보 자산을 보호하거나 공격자가 악용하는 취약 지점을 설명하는 보안 개념이다.,"DNS 스푸핑(DNS 스푸핑)은/는 정보 자산을 보호하거나 공격자가 악용하는 취약 지점을 설명하는 보안 개념이다. 공격 원리, 영향, 탐지 단서, 예방·탐지·대응 통제를 구분해 쓰면 금융 보안 답안에 적합하다. 연계 개념은 [[스머프 공격]], [[ARP 스푸핑]], [[중간자 공격]], [[제로 트러스트]], [[인증]]이며, 학습 시 ""정의 → 동작 원리 → 장단점 → 적용 사례"" 순서로 정리하면 좋다.","[[스머프 공격]], [[ARP 스푸핑]], [[중간자 공격]], [[제로 트러스트]], [[인증]]",04-04-네트워크-프로토콜-보안.md,"보안 문제에서는 DNS 스푸핑의 정의만 쓰지 말고 관련 개념(스머프 공격, ARP 스푸핑, 중간자 공격)과 비교·차이를 함께 쓰면 가점을 받기 쉽다."
CS-096,DNS 차액결제,DNS 차액결제,금융IT·신기술,D,D,"DNS 차액결제(DNS 차액결제)은/는 금융IT·신기술 영역의 핵심 개념으로, 금융 인프라, 규제, 지급결제, 디지털 자산과 IT 기술의 접점을 설명한다.","DNS 차액결제(DNS 차액결제)은/는 금융IT·신기술 영역의 핵심 개념으로, 금융 인프라, 규제, 지급결제, 디지털 자산과 IT 기술의 접점을 설명한다. 기술적 구조뿐 아니라 규제, 신뢰, 장애 리스크, 소비자 보호 관점을 함께 설명해야 한다. 연계 개념은 [[결제]], [[RTGS]], [[CBDC]], [[블록체인]], [[전자금융]]이며, 학습 시 ""정의 → 동작 원리 → 장단점 → 적용 사례"" 순서로 정리하면 좋다.","[[결제]], [[RTGS]], [[CBDC]], [[블록체인]], [[전자금융]]",보강 개념(페이지 직접 언급 없음),"금융IT·신기술 문제에서는 DNS 차액결제의 정의만 쓰지 말고 관련 개념(결제, RTGS, CBDC)과 비교·차이를 함께 쓰면 가점을 받기 쉽다."
CS-097,Docker,Docker,클라우드·분산시스템,D,D,"Docker(Docker)은/는 클라우드·분산시스템 영역의 핵심 개념으로, 확장성, 장애 허용, 일관성, 운영 자동화를 다루는 현대 인프라 핵심이다.","Docker(Docker)은/는 클라우드·분산시스템 영역의 핵심 개념으로, 확장성, 장애 허용, 일관성, 운영 자동화를 다루는 현대 인프라 핵심이다. 단일 노드 설계와 달리 네트워크 분할, 장애 전파, 재시도, 중복 처리, 관측 가능성을 전제로 설계해야 한다. 연계 개념은 [[VM]], [[컨테이너]], [[Kubernetes]], [[오케스트레이션]], [[분산 시스템]]이며, 학습 시 ""정의 → 동작 원리 → 장단점 → 적용 사례"" 순서로 정리하면 좋다.","[[VM]], [[컨테이너]], [[Kubernetes]], [[오케스트레이션]], [[분산 시스템]]",17-2-컨테이너.md; 17-클라우드-분산-시스템-심화.md; 05-14-08-한국은행-2023-컴퓨터공학-학술-파트-I.md,"클라우드·분산시스템 문제에서는 Docker의 정의만 쓰지 말고 관련 개념(VM, 컨테이너, Kubernetes)과 비교·차이를 함께 쓰면 가점을 받기 쉽다."
CS-098,도메인,Domain,데이터베이스,D,ㄷ,"도메인(Domain)은/는 데이터베이스 영역의 핵심 개념으로, 데이터 저장·검색·무결성·동시성의 관점에서 금융권 거래 원장과 고객 데이터 품질을 좌우한다.","도메인(Domain)은/는 데이터베이스 영역의 핵심 개념으로, 데이터 저장·검색·무결성·동시성의 관점에서 금융권 거래 원장과 고객 데이터 품질을 좌우한다. 시험에서는 정의만이 아니라 이상현상, 정규화, 인덱스 성능, 트랜잭션 격리 수준과 함께 묶어 서술하는 것이 좋다. 연계 개념은 [[튜플]], [[속성]], [[차수]], [[카디널리티]], [[SQL]]이며, 학습 시 ""정의 → 동작 원리 → 장단점 → 적용 사례"" 순서로 정리하면 좋다.","[[튜플]], [[속성]], [[차수]], [[카디널리티]], [[SQL]]",07-01-01-릴레이션-튜플-속성.md; 19-1-코스콤-자소서.md; 05-01-우리은행-기출.md,"데이터베이스 문제에서는 도메인의 정의만 쓰지 말고 관련 개념(튜플, 속성, 차수)과 비교·차이를 함께 쓰면 가점을 받기 쉽다."
CS-099,DNS,Domain Name System,네트워크,D,D,"DNS(Domain Name System)은/는 네트워크 통신에서 주소 지정, 경로 선택, 신뢰성, 이름 해석 또는 보안 채널을 구성하는 핵심 요소이다.","DNS(Domain Name System)은/는 네트워크 통신에서 주소 지정, 경로 선택, 신뢰성, 이름 해석 또는 보안 채널을 구성하는 핵심 요소이다. 프로토콜의 위치 계층, 헤더에 담기는 식별자, 연결 수립/해제 흐름, 장애 시 진단 명령을 연결해 이해해야 한다. 연계 개념은 [[HTTP]], [[HTTPS]], [[재귀 질의]], [[반복 질의]], [[TCP]]이며, 학습 시 ""정의 → 동작 원리 → 장단점 → 적용 사례"" 순서로 정리하면 좋다.","[[HTTP]], [[HTTPS]], [[재귀 질의]], [[반복 질의]], [[TCP]]",05-01-우리은행-기출.md; 08-03-HTTP-DNS-TLS.md; 02-01-기본-전제와-일정.md,"네트워크 문제에서는 DNS의 정의만 쓰지 말고 관련 개념(HTTP, HTTPS, 재귀 질의)과 비교·차이를 함께 쓰면 가점을 받기 쉽다."
CS-100,DRAM,DRAM,컴퓨터구조,D,D,"DRAM(DRAM)은/는 컴퓨터구조 영역의 핵심 개념으로, 명령어 실행, 캐시, 병렬성, 입출력 병목을 하드웨어 관점에서 설명한다.","DRAM(DRAM)은/는 컴퓨터구조 영역의 핵심 개념으로, 명령어 실행, 캐시, 병렬성, 입출력 병목을 하드웨어 관점에서 설명한다. 성능 계산에서는 CPI, 히트율, 병렬화 가능 비율처럼 수치화 가능한 요소와 병목 지점을 함께 본다. 연계 개념은 [[ROM]], [[SRAM]], [[플래시 메모리]], [[버스]], [[CPU]]이며, 학습 시 ""정의 → 동작 원리 → 장단점 → 적용 사례"" 순서로 정리하면 좋다.","[[ROM]], [[SRAM]], [[플래시 메모리]], [[버스]], [[CPU]]",보강 개념(페이지 직접 언급 없음),"컴퓨터구조 문제에서는 DRAM의 정의만 쓰지 말고 관련 개념(ROM, SRAM, 플래시 메모리)과 비교·차이를 함께 쓰면 가점을 받기 쉽다."
CS-101,동적 계획법,Dynamic Programming,자료구조·알고리즘,D,ㄷ,동적 계획법(Dynamic Programming)은/는 데이터를 저장·탐색·갱신하거나 문제를 효율적으로 해결하기 위한 구조 또는 절차이다.,"동적 계획법(Dynamic Programming)은/는 데이터를 저장·탐색·갱신하거나 문제를 효율적으로 해결하기 위한 구조 또는 절차이다. 구현 아이디어, 평균/최악 시간복잡도, 안정성·제자리성 같은 성질을 함께 정리하면 코딩형과 서술형 모두에 대응된다. 연계 개념은 [[해시 탐색]], [[분할 정복]], [[탐욕 알고리즘]], [[백트래킹]], [[시간 복잡도]]이며, 학습 시 ""정의 → 동작 원리 → 장단점 → 적용 사례"" 순서로 정리하면 좋다.","[[해시 탐색]], [[분할 정복]], [[탐욕 알고리즘]], [[백트래킹]], [[시간 복잡도]]",05-08-산업은행-기출.md; 05-14-10-한국은행-2024-컴퓨터공학-학술-파트-I.md; 05-13-알고리즘-기출-모음.md,"자료구조·알고리즘 문제에서는 동적 계획법의 정의만 쓰지 말고 관련 개념(해시 탐색, 분할 정복, 탐욕 알고리즘)과 비교·차이를 함께 쓰면 가점을 받기 쉽다."
CS-102,전자금융,Electronic Finance,금융IT·신기술,E,ㅈ,"전자금융(전자금융)은/는 금융IT·신기술 영역의 핵심 개념으로, 금융 인프라, 규제, 지급결제, 디지털 자산과 IT 기술의 접점을 설명한다.","전자금융(전자금융)은/는 금융IT·신기술 영역의 핵심 개념으로, 금융 인프라, 규제, 지급결제, 디지털 자산과 IT 기술의 접점을 설명한다. 기술적 구조뿐 아니라 규제, 신뢰, 장애 리스크, 소비자 보호 관점을 함께 설명해야 한다. 연계 개념은 [[오픈뱅킹]], [[마이데이터]], [[지급결제]], [[청산]], [[보안]]이며, 학습 시 ""정의 → 동작 원리 → 장단점 → 적용 사례"" 순서로 정리하면 좋다.","[[오픈뱅킹]], [[마이데이터]], [[지급결제]], [[청산]], [[보안]]",19-3-금융결제원-자소서.md; 20-5-금융보안원-면접.md; 05-14-한국은행-기출.md,"금융IT·신기술 문제에서는 전자금융의 정의만 쓰지 말고 관련 개념(오픈뱅킹, 마이데이터, 지급결제)과 비교·차이를 함께 쓰면 가점을 받기 쉽다."
CS-103,임베딩,Embedding,인공지능·데이터,E,ㅇ,"임베딩(임베딩)은/는 데이터 기반 예측·분류·분석 과정에서 모델, 학습 방법, 평가 또는 전처리를 설명하는 개념이다.","임베딩(임베딩)은/는 데이터 기반 예측·분류·분석 과정에서 모델, 학습 방법, 평가 또는 전처리를 설명하는 개념이다. 데이터 누수, 편향, 평가 지표 선택, 운영 중 성능 저하를 함께 고려해야 실제 금융 AI 적용에 적합하다. 연계 개념은 [[Transformer]], [[어텐션]], [[자연어 처리]], [[토큰화]], [[머신러닝]]이며, 학습 시 ""정의 → 동작 원리 → 장단점 → 적용 사례"" 순서로 정리하면 좋다.","[[Transformer]], [[어텐션]], [[자연어 처리]], [[토큰화]], [[머신러닝]]",보강 개념(페이지 직접 언급 없음),"인공지능·데이터 문제에서는 임베딩의 정의만 쓰지 말고 관련 개념(Transformer, 어텐션, 자연어 처리)과 비교·차이를 함께 쓰면 가점을 받기 쉽다."
CS-104,암호화,Encryption,보안,E,ㅇ,암호화(Encryption)은/는 정보 자산을 보호하거나 공격자가 악용하는 취약 지점을 설명하는 보안 개념이다.,"암호화(Encryption)은/는 정보 자산을 보호하거나 공격자가 악용하는 취약 지점을 설명하는 보안 개념이다. 공격 원리, 영향, 탐지 단서, 예방·탐지·대응 통제를 구분해 쓰면 금융 보안 답안에 적합하다. 연계 개념은 [[MAC]], [[RBAC]], [[해시]], [[전자서명]], [[인증]]이며, 학습 시 ""정의 → 동작 원리 → 장단점 → 적용 사례"" 순서로 정리하면 좋다.","[[MAC]], [[RBAC]], [[해시]], [[전자서명]], [[인증]]",05-08-산업은행-기출.md; 05-14-32-한국은행-2026-컴퓨터공학-학술-7-보안.md; 05-01-우리은행-기출.md,"보안 문제에서는 암호화의 정의만 쓰지 말고 관련 개념(MAC, RBAC, 해시)과 비교·차이를 함께 쓰면 가점을 받기 쉽다."
CS-105,동등 분할,Equivalence Partitioning,소프트웨어공학,E,ㄷ,"동등 분할(동등 분할)은/는 소프트웨어공학 영역의 핵심 개념으로, 요구사항을 안정적인 소프트웨어로 전환하고 변경 비용을 낮추는 방법론이다.","동등 분할(동등 분할)은/는 소프트웨어공학 영역의 핵심 개념으로, 요구사항을 안정적인 소프트웨어로 전환하고 변경 비용을 낮추는 방법론이다. 산출물, 장단점, 적용 상황, 품질 속성에 미치는 영향을 함께 설명하면 면접·논술 답안으로 확장하기 쉽다. 연계 개념은 [[화이트박스 테스트]], [[경계값 분석]], [[회귀 테스트]], [[형상 관리]], [[테스트]]이며, 학습 시 ""정의 → 동작 원리 → 장단점 → 적용 사례"" 순서로 정리하면 좋다.","[[화이트박스 테스트]], [[경계값 분석]], [[회귀 테스트]], [[형상 관리]], [[테스트]]",보강 개념(페이지 직접 언급 없음),"소프트웨어공학 문제에서는 동등 분할의 정의만 쓰지 말고 관련 개념(화이트박스 테스트, 경계값 분석, 회귀 테스트)과 비교·차이를 함께 쓰면 가점을 받기 쉽다."
CS-106,F1 점수,F1 점수,인공지능·데이터,F,F,"F1 점수(F1 점수)은/는 데이터 기반 예측·분류·분석 과정에서 모델, 학습 방법, 평가 또는 전처리를 설명하는 개념이다.","F1 점수(F1 점수)은/는 데이터 기반 예측·분류·분석 과정에서 모델, 학습 방법, 평가 또는 전처리를 설명하는 개념이다. 데이터 누수, 편향, 평가 지표 선택, 운영 중 성능 저하를 함께 고려해야 실제 금융 AI 적용에 적합하다. 연계 개념은 [[정밀도]], [[재현율]], [[ROC-AUC]], [[경사하강법]], [[머신러닝]]이며, 학습 시 ""정의 → 동작 원리 → 장단점 → 적용 사례"" 순서로 정리하면 좋다.","[[정밀도]], [[재현율]], [[ROC-AUC]], [[경사하강법]], [[머신러닝]]",보강 개념(페이지 직접 언급 없음),"인공지능·데이터 문제에서는 F1 점수의 정의만 쓰지 말고 관련 개념(정밀도, 재현율, ROC-AUC)과 비교·차이를 함께 쓰면 가점을 받기 쉽다."
CS-107,팩토리 패턴,Factory Pattern,소프트웨어공학,F,ㅍ,"팩토리 패턴(팩토리 패턴)은/는 소프트웨어공학 영역의 핵심 개념으로, 요구사항을 안정적인 소프트웨어로 전환하고 변경 비용을 낮추는 방법론이다.","팩토리 패턴(팩토리 패턴)은/는 소프트웨어공학 영역의 핵심 개념으로, 요구사항을 안정적인 소프트웨어로 전환하고 변경 비용을 낮추는 방법론이다. 산출물, 장단점, 적용 상황, 품질 속성에 미치는 영향을 함께 설명하면 면접·논술 답안으로 확장하기 쉽다. 연계 개념은 [[디자인 패턴]], [[싱글턴 패턴]], [[전략 패턴]], [[MVC]], [[테스트]]이며, 학습 시 ""정의 → 동작 원리 → 장단점 → 적용 사례"" 순서로 정리하면 좋다.","[[디자인 패턴]], [[싱글턴 패턴]], [[전략 패턴]], [[MVC]], [[테스트]]",보강 개념(페이지 직접 언급 없음),"소프트웨어공학 문제에서는 팩토리 패턴의 정의만 쓰지 말고 관련 개념(디자인 패턴, 싱글턴 패턴, 전략 패턴)과 비교·차이를 함께 쓰면 가점을 받기 쉽다."
CS-108,장애 격리,Fault Isolation,클라우드·분산시스템,F,ㅈ,"장애 격리(장애 격리)은/는 클라우드·분산시스템 영역의 핵심 개념으로, 확장성, 장애 허용, 일관성, 운영 자동화를 다루는 현대 인프라 핵심이다.","장애 격리(장애 격리)은/는 클라우드·분산시스템 영역의 핵심 개념으로, 확장성, 장애 허용, 일관성, 운영 자동화를 다루는 현대 인프라 핵심이다. 단일 노드 설계와 달리 네트워크 분할, 장애 전파, 재시도, 중복 처리, 관측 가능성을 전제로 설계해야 한다. 연계 개념은 [[사가 패턴]], [[멱등성]], [[서킷 브레이커]], [[관측성]], [[분산 시스템]]이며, 학습 시 ""정의 → 동작 원리 → 장단점 → 적용 사례"" 순서로 정리하면 좋다.","[[사가 패턴]], [[멱등성]], [[서킷 브레이커]], [[관측성]], [[분산 시스템]]",17-4-메시지-큐.md; 17-5-마이크로서비스.md,"클라우드·분산시스템 문제에서는 장애 격리의 정의만 쓰지 말고 관련 개념(사가 패턴, 멱등성, 서킷 브레이커)과 비교·차이를 함께 쓰면 가점을 받기 쉽다."
CS-109,FCFS,FCFS,운영체제,F,F,FCFS(FCFS)은/는 준비 상태의 작업에 CPU를 어떤 순서와 기준으로 배정할지 결정하는 운영체제 정책이다.,"FCFS(FCFS)은/는 준비 상태의 작업에 CPU를 어떤 순서와 기준으로 배정할지 결정하는 운영체제 정책이다. 답안에서는 상태 전이, 자료구조(큐·테이블), 오버헤드와 처리량/응답시간의 트레이드오프를 함께 적으면 완성도가 높다. 연계 개념은 [[선점형 스케줄링]], [[비선점형 스케줄링]], [[SJF]], [[SRTF]], [[프로세스]]이며, 학습 시 ""정의 → 동작 원리 → 장단점 → 적용 사례"" 순서로 정리하면 좋다.","[[선점형 스케줄링]], [[비선점형 스케줄링]], [[SJF]], [[SRTF]], [[프로세스]]",05-09-운영체제-기출-모음.md; 06-02-02-선점형과-비선점형.md; 06-02-00-CPU-스케줄링.md,"운영체제 문제에서는 FCFS의 정의만 쓰지 말고 관련 개념(선점형 스케줄링, 비선점형 스케줄링, SJF)과 비교·차이를 함께 쓰면 가점을 받기 쉽다."
CS-110,FIFO 페이지 교체,FIFO 페이지 교체,운영체제,F,F,"FIFO 페이지 교체(FIFO 페이지 교체)은/는 운영체제 영역의 핵심 개념으로, CPU, 메모리, 파일, 입출력 자원을 공정하고 효율적으로 배분하는 기반 지식이다.","FIFO 페이지 교체(FIFO 페이지 교체)은/는 운영체제 영역의 핵심 개념으로, CPU, 메모리, 파일, 입출력 자원을 공정하고 효율적으로 배분하는 기반 지식이다. 답안에서는 상태 전이, 자료구조(큐·테이블), 오버헤드와 처리량/응답시간의 트레이드오프를 함께 적으면 완성도가 높다. 연계 개념은 [[페이지 폴트]], [[페이지 교체]], [[LRU]], [[Optimal 페이지 교체]], [[프로세스]]이며, 학습 시 ""정의 → 동작 원리 → 장단점 → 적용 사례"" 순서로 정리하면 좋다.","[[페이지 폴트]], [[페이지 교체]], [[LRU]], [[Optimal 페이지 교체]], [[프로세스]]",보강 개념(페이지 직접 언급 없음),"운영체제 문제에서는 FIFO 페이지 교체의 정의만 쓰지 말고 관련 개념(페이지 폴트, 페이지 교체, LRU)과 비교·차이를 함께 쓰면 가점을 받기 쉽다."
CS-111,핀테크,FinTech,금융IT·신기술,F,ㅍ,"핀테크(핀테크)은/는 금융IT·신기술 영역의 핵심 개념으로, 금융 인프라, 규제, 지급결제, 디지털 자산과 IT 기술의 접점을 설명한다.","핀테크(핀테크)은/는 금융IT·신기술 영역의 핵심 개념으로, 금융 인프라, 규제, 지급결제, 디지털 자산과 IT 기술의 접점을 설명한다. 기술적 구조뿐 아니라 규제, 신뢰, 장애 리스크, 소비자 보호 관점을 함께 설명해야 한다. 연계 개념은 [[오픈뱅킹]], [[마이데이터]], [[전자금융]], [[지급결제]], [[보안]]이며, 학습 시 ""정의 → 동작 원리 → 장단점 → 적용 사례"" 순서로 정리하면 좋다.","[[오픈뱅킹]], [[마이데이터]], [[전자금융]], [[지급결제]], [[보안]]",05-01-우리은행-기출.md; 19-3-금융결제원-자소서.md; 15-금융-도메인-지식.md,"금융IT·신기술 문제에서는 핀테크의 정의만 쓰지 말고 관련 개념(오픈뱅킹, 마이데이터, 전자금융)과 비교·차이를 함께 쓰면 가점을 받기 쉽다."
CS-112,방화벽,Firewall,보안,F,ㅂ,방화벽(Firewall)은/는 정보 자산을 보호하거나 공격자가 악용하는 취약 지점을 설명하는 보안 개념이다.,"방화벽(Firewall)은/는 정보 자산을 보호하거나 공격자가 악용하는 취약 지점을 설명하는 보안 개념이다. 공격 원리, 영향, 탐지 단서, 예방·탐지·대응 통제를 구분해 쓰면 금융 보안 답안에 적합하다. 연계 개념은 [[솔트]], [[키 스트레칭]], [[IDS]], [[IPS]], [[인증]]이며, 학습 시 ""정의 → 동작 원리 → 장단점 → 적용 사례"" 순서로 정리하면 좋다.","[[솔트]], [[키 스트레칭]], [[IDS]], [[IPS]], [[인증]]",05-03-대구은행-기출.md; 03-08-한국은행-컴퓨터공학-면접-질문-2025.md; 10-03-00-웹-네트워크-공격.md,"보안 문제에서는 방화벽의 정의만 쓰지 말고 관련 개념(솔트, 키 스트레칭, IDS)과 비교·차이를 함께 쓰면 가점을 받기 쉽다."
CS-113,외래키,Foreign Key,데이터베이스,F,ㅇ,외래키(Foreign Key)은/는 릴레이션에서 튜플을 식별하거나 테이블 간 참조 관계를 유지하는 식별자 개념이다.,"외래키(Foreign Key)은/는 릴레이션에서 튜플을 식별하거나 테이블 간 참조 관계를 유지하는 식별자 개념이다. 시험에서는 정의만이 아니라 이상현상, 정규화, 인덱스 성능, 트랜잭션 격리 수준과 함께 묶어 서술하는 것이 좋다. 연계 개념은 [[기본키]], [[대체키]], [[복합키]], [[무결성]], [[SQL]]이며, 학습 시 ""정의 → 동작 원리 → 장단점 → 적용 사례"" 순서로 정리하면 좋다.","[[기본키]], [[대체키]], [[복합키]], [[무결성]], [[SQL]]",05-14-06-한국은행-2022-컴퓨터공학-학술-파트-I.md; 07-01-02-키와-무결성.md; 05-14-10-한국은행-2024-컴퓨터공학-학술-파트-I.md,"데이터베이스 문제에서는 외래키의 정의만 쓰지 말고 관련 개념(기본키, 대체키, 복합키)과 비교·차이를 함께 쓰면 가점을 받기 쉽다."
CS-114,이상거래탐지,Fraud Detection,금융IT·신기술,F,ㅇ,이상거래탐지(이상거래탐지)은/는 데이터 중복과 갱신 이상을 줄이기 위해 릴레이션 구조와 속성 의존 관계를 분석하는 개념이다.,"이상거래탐지(이상거래탐지)은/는 데이터 중복과 갱신 이상을 줄이기 위해 릴레이션 구조와 속성 의존 관계를 분석하는 개념이다. 기술적 구조뿐 아니라 규제, 신뢰, 장애 리스크, 소비자 보호 관점을 함께 설명해야 한다. 연계 개념은 [[SupTech]], [[로보어드바이저]], [[AML]], [[KYC]], [[전자금융]]이며, 학습 시 ""정의 → 동작 원리 → 장단점 → 적용 사례"" 순서로 정리하면 좋다.","[[SupTech]], [[로보어드바이저]], [[AML]], [[KYC]], [[전자금융]]",18-1-AI-in-Finance.md; 16-인공지능-기계학습.md; 18-최신-IT-트렌드-금융IT-이슈.md,"금융IT·신기술 문제에서는 이상거래탐지의 정의만 쓰지 말고 관련 개념(SupTech, 로보어드바이저, AML)과 비교·차이를 함께 쓰면 가점을 받기 쉽다."
CS-115,Git,Git,소프트웨어공학,G,G,"Git(Git)은/는 소프트웨어공학 영역의 핵심 개념으로, 요구사항을 안정적인 소프트웨어로 전환하고 변경 비용을 낮추는 방법론이다.","Git(Git)은/는 소프트웨어공학 영역의 핵심 개념으로, 요구사항을 안정적인 소프트웨어로 전환하고 변경 비용을 낮추는 방법론이다. 산출물, 장단점, 적용 상황, 품질 속성에 미치는 영향을 함께 설명하면 면접·논술 답안으로 확장하기 쉽다. 연계 개념은 [[회귀 테스트]], [[형상 관리]], [[브랜치]], [[리베이스]], [[테스트]]이며, 학습 시 ""정의 → 동작 원리 → 장단점 → 적용 사례"" 순서로 정리하면 좋다.","[[회귀 테스트]], [[형상 관리]], [[브랜치]], [[리베이스]], [[테스트]]",03-01-지원동기.md; 07-01-02-키와-무결성.md; 14-컴퓨터구조-심화.md,"소프트웨어공학 문제에서는 Git의 정의만 쓰지 말고 관련 개념(회귀 테스트, 형상 관리, 브랜치)과 비교·차이를 함께 쓰면 가점을 받기 쉽다."
CS-116,Go-Back-N,Go-Back-N,네트워크,G,G,"Go-Back-N(Go-Back-N)은/는 네트워크 통신에서 주소 지정, 경로 선택, 신뢰성, 이름 해석 또는 보안 채널을 구성하는 핵심 요소이다.","Go-Back-N(Go-Back-N)은/는 네트워크 통신에서 주소 지정, 경로 선택, 신뢰성, 이름 해석 또는 보안 채널을 구성하는 핵심 요소이다. 프로토콜의 위치 계층, 헤더에 담기는 식별자, 연결 수립/해제 흐름, 장애 시 진단 명령을 연결해 이해해야 한다. 연계 개념은 [[슬라이딩 윈도우]], [[Stop-and-Wait]], [[Selective Repeat]], [[AIMD]], [[TCP]]이며, 학습 시 ""정의 → 동작 원리 → 장단점 → 적용 사례"" 순서로 정리하면 좋다.","[[슬라이딩 윈도우]], [[Stop-and-Wait]], [[Selective Repeat]], [[AIMD]], [[TCP]]",05-14-01-한국은행-2019-컴퓨터공학-학술-파트-I.md,"네트워크 문제에서는 Go-Back-N의 정의만 쓰지 말고 관련 개념(슬라이딩 윈도우, Stop-and-Wait, Selective Repeat)과 비교·차이를 함께 쓰면 가점을 받기 쉽다."
CS-117,경사하강법,Gradient Descent,인공지능·데이터,G,ㄱ,"경사하강법(경사하강법)은/는 데이터 기반 예측·분류·분석 과정에서 모델, 학습 방법, 평가 또는 전처리를 설명하는 개념이다.","경사하강법(경사하강법)은/는 데이터 기반 예측·분류·분석 과정에서 모델, 학습 방법, 평가 또는 전처리를 설명하는 개념이다. 데이터 누수, 편향, 평가 지표 선택, 운영 중 성능 저하를 함께 고려해야 실제 금융 AI 적용에 적합하다. 연계 개념은 [[F1 점수]], [[ROC-AUC]], [[학습률]], [[손실 함수]], [[머신러닝]]이며, 학습 시 ""정의 → 동작 원리 → 장단점 → 적용 사례"" 순서로 정리하면 좋다.","[[F1 점수]], [[ROC-AUC]], [[학습률]], [[손실 함수]], [[머신러닝]]",05-14-08-한국은행-2023-컴퓨터공학-학술-파트-I.md,"인공지능·데이터 문제에서는 경사하강법의 정의만 쓰지 말고 관련 개념(F1 점수, ROC-AUC, 학습률)과 비교·차이를 함께 쓰면 가점을 받기 쉽다."
CS-118,그래프,Graph,자료구조·알고리즘,G,ㄱ,그래프(Graph)은/는 데이터를 저장·탐색·갱신하거나 문제를 효율적으로 해결하기 위한 구조 또는 절차이다.,"그래프(Graph)은/는 데이터를 저장·탐색·갱신하거나 문제를 효율적으로 해결하기 위한 구조 또는 절차이다. 구현 아이디어, 평균/최악 시간복잡도, 안정성·제자리성 같은 성질을 함께 정리하면 코딩형과 서술형 모두에 대응된다. 연계 개념은 [[B-트리]], [[B+트리]], [[정점]], [[간선]], [[시간 복잡도]]이며, 학습 시 ""정의 → 동작 원리 → 장단점 → 적용 사례"" 순서로 정리하면 좋다.","[[B-트리]], [[B+트리]], [[정점]], [[간선]], [[시간 복잡도]]",05-08-산업은행-기출.md; 04-IT-필기-핵심정리.md; 02-01-기본-전제와-일정.md,"자료구조·알고리즘 문제에서는 그래프의 정의만 쓰지 말고 관련 개념(B-트리, B+트리, 정점)과 비교·차이를 함께 쓰면 가점을 받기 쉽다."
CS-119,GROUP BY,GROUP BY,데이터베이스,G,G,"GROUP BY(GROUP BY)은/는 데이터베이스 영역의 핵심 개념으로, 데이터 저장·검색·무결성·동시성의 관점에서 금융권 거래 원장과 고객 데이터 품질을 좌우한다.","GROUP BY(GROUP BY)은/는 데이터베이스 영역의 핵심 개념으로, 데이터 저장·검색·무결성·동시성의 관점에서 금융권 거래 원장과 고객 데이터 품질을 좌우한다. 시험에서는 정의만이 아니라 이상현상, 정규화, 인덱스 성능, 트랜잭션 격리 수준과 함께 묶어 서술하는 것이 좋다. 연계 개념은 [[SELECT]], [[WHERE]], [[HAVING]], [[ORDER BY]], [[SQL]]이며, 학습 시 ""정의 → 동작 원리 → 장단점 → 적용 사례"" 순서로 정리하면 좋다.","[[SELECT]], [[WHERE]], [[HAVING]], [[ORDER BY]], [[SQL]]",02-01-기본-전제와-일정.md; 13-01-00-SQL-기본.md; 13-01-01-SELECT-WHERE-GROUP-BY.md,"데이터베이스 문제에서는 GROUP BY의 정의만 쓰지 말고 관련 개념(SELECT, WHERE, HAVING)과 비교·차이를 함께 쓰면 가점을 받기 쉽다."
CS-120,해시,Hash,보안,H,ㅎ,해시(Hash)은/는 정보 자산을 보호하거나 공격자가 악용하는 취약 지점을 설명하는 보안 개념이다.,"해시(Hash)은/는 정보 자산을 보호하거나 공격자가 악용하는 취약 지점을 설명하는 보안 개념이다. 공격 원리, 영향, 탐지 단서, 예방·탐지·대응 통제를 구분해 쓰면 금융 보안 답안에 적합하다. 연계 개념은 [[RBAC]], [[암호화]], [[전자서명]], [[PKI]], [[인증]]이며, 학습 시 ""정의 → 동작 원리 → 장단점 → 적용 사례"" 순서로 정리하면 좋다.","[[RBAC]], [[암호화]], [[전자서명]], [[PKI]], [[인증]]",04-IT-필기-핵심정리.md; 10-03-01-XSS-SQL-Injection.md; 02-01-기본-전제와-일정.md,"보안 문제에서는 해시의 정의만 쓰지 말고 관련 개념(RBAC, 암호화, 전자서명)과 비교·차이를 함께 쓰면 가점을 받기 쉽다."
CS-121,해시 체인,Hash Chain,금융IT·신기술,H,ㅎ,"해시 체인(해시 체인)은/는 금융IT·신기술 영역의 핵심 개념으로, 금융 인프라, 규제, 지급결제, 디지털 자산과 IT 기술의 접점을 설명한다.","해시 체인(해시 체인)은/는 금융IT·신기술 영역의 핵심 개념으로, 금융 인프라, 규제, 지급결제, 디지털 자산과 IT 기술의 접점을 설명한다. 기술적 구조뿐 아니라 규제, 신뢰, 장애 리스크, 소비자 보호 관점을 함께 설명해야 한다. 연계 개념은 [[블록체인]], [[분산원장]], [[머클 트리]], [[합의 알고리즘]], [[전자금융]]이며, 학습 시 ""정의 → 동작 원리 → 장단점 → 적용 사례"" 순서로 정리하면 좋다.","[[블록체인]], [[분산원장]], [[머클 트리]], [[합의 알고리즘]], [[전자금융]]",보강 개념(페이지 직접 언급 없음),"금융IT·신기술 문제에서는 해시 체인의 정의만 쓰지 말고 관련 개념(블록체인, 분산원장, 머클 트리)과 비교·차이를 함께 쓰면 가점을 받기 쉽다."
CS-122,HAVING,HAVING,데이터베이스,H,H,"HAVING(HAVING)은/는 데이터베이스 영역의 핵심 개념으로, 데이터 저장·검색·무결성·동시성의 관점에서 금융권 거래 원장과 고객 데이터 품질을 좌우한다.","HAVING(HAVING)은/는 데이터베이스 영역의 핵심 개념으로, 데이터 저장·검색·무결성·동시성의 관점에서 금융권 거래 원장과 고객 데이터 품질을 좌우한다. 시험에서는 정의만이 아니라 이상현상, 정규화, 인덱스 성능, 트랜잭션 격리 수준과 함께 묶어 서술하는 것이 좋다. 연계 개념은 [[WHERE]], [[GROUP BY]], [[ORDER BY]], [[JOIN]], [[SQL]]이며, 학습 시 ""정의 → 동작 원리 → 장단점 → 적용 사례"" 순서로 정리하면 좋다.","[[WHERE]], [[GROUP BY]], [[ORDER BY]], [[JOIN]], [[SQL]]",13-01-01-SELECT-WHERE-GROUP-BY.md; 07-03-SQL.md; 05-02-기업은행-기출.md,"데이터베이스 문제에서는 HAVING의 정의만 쓰지 말고 관련 개념(WHERE, GROUP BY, ORDER BY)과 비교·차이를 함께 쓰면 가점을 받기 쉽다."
CS-123,힙,Heap,자료구조·알고리즘,H,ㅎ,힙(Heap)은/는 데이터를 저장·탐색·갱신하거나 문제를 효율적으로 해결하기 위한 구조 또는 절차이다.,"힙(Heap)은/는 데이터를 저장·탐색·갱신하거나 문제를 효율적으로 해결하기 위한 구조 또는 절차이다. 구현 아이디어, 평균/최악 시간복잡도, 안정성·제자리성 같은 성질을 함께 정리하면 코딩형과 서술형 모두에 대응된다. 연계 개념은 [[덱]], [[우선순위 큐]], [[최대 힙]], [[최소 힙]], [[시간 복잡도]]이며, 학습 시 ""정의 → 동작 원리 → 장단점 → 적용 사례"" 순서로 정리하면 좋다.","[[덱]], [[우선순위 큐]], [[최대 힙]], [[최소 힙]], [[시간 복잡도]]",05-08-산업은행-기출.md; 09-03-정렬과-탐색.md; 05-14-10-한국은행-2024-컴퓨터공학-학술-파트-I.md,"자료구조·알고리즘 문제에서는 힙의 정의만 쓰지 말고 관련 개념(덱, 우선순위 큐, 최대 힙)과 비교·차이를 함께 쓰면 가점을 받기 쉽다."
CS-124,동형암호,Homomorphic Encryption,금융IT·신기술,H,ㄷ,"동형암호(동형암호)은/는 금융IT·신기술 영역의 핵심 개념으로, 금융 인프라, 규제, 지급결제, 디지털 자산과 IT 기술의 접점을 설명한다.","동형암호(동형암호)은/는 금융IT·신기술 영역의 핵심 개념으로, 금융 인프라, 규제, 지급결제, 디지털 자산과 IT 기술의 접점을 설명한다. 기술적 구조뿐 아니라 규제, 신뢰, 장애 리스크, 소비자 보호 관점을 함께 설명해야 한다. 연계 개념은 [[양자컴퓨팅]], [[양자내성암호]], [[영지식 증명]], [[전자금융]], [[지급결제]]이며, 학습 시 ""정의 → 동작 원리 → 장단점 → 적용 사례"" 순서로 정리하면 좋다.","[[양자컴퓨팅]], [[양자내성암호]], [[영지식 증명]], [[전자금융]], [[지급결제]]",보강 개념(페이지 직접 언급 없음),"금융IT·신기술 문제에서는 동형암호의 정의만 쓰지 말고 관련 개념(양자컴퓨팅, 양자내성암호, 영지식 증명)과 비교·차이를 함께 쓰면 가점을 받기 쉽다."
CS-125,HRN,HRN,운영체제,H,H,HRN(HRN)은/는 준비 상태의 작업에 CPU를 어떤 순서와 기준으로 배정할지 결정하는 운영체제 정책이다.,"HRN(HRN)은/는 준비 상태의 작업에 CPU를 어떤 순서와 기준으로 배정할지 결정하는 운영체제 정책이다. 답안에서는 상태 전이, 자료구조(큐·테이블), 오버헤드와 처리량/응답시간의 트레이드오프를 함께 적으면 완성도가 높다. 연계 개념은 [[SJF]], [[SRTF]], [[Round Robin]], [[우선순위 스케줄링]], [[프로세스]]이며, 학습 시 ""정의 → 동작 원리 → 장단점 → 적용 사례"" 순서로 정리하면 좋다.","[[SJF]], [[SRTF]], [[Round Robin]], [[우선순위 스케줄링]], [[프로세스]]",05-09-운영체제-기출-모음.md; 06-02-02-선점형과-비선점형.md; 06-02-00-CPU-스케줄링.md,"운영체제 문제에서는 HRN의 정의만 쓰지 말고 관련 개념(SJF, SRTF, Round Robin)과 비교·차이를 함께 쓰면 가점을 받기 쉽다."
CS-126,HTTPS,HTTPS,네트워크,H,H,"HTTPS(HTTPS)은/는 네트워크 통신에서 주소 지정, 경로 선택, 신뢰성, 이름 해석 또는 보안 채널을 구성하는 핵심 요소이다.","HTTPS(HTTPS)은/는 네트워크 통신에서 주소 지정, 경로 선택, 신뢰성, 이름 해석 또는 보안 채널을 구성하는 핵심 요소이다. 프로토콜의 위치 계층, 헤더에 담기는 식별자, 연결 수립/해제 흐름, 장애 시 진단 명령을 연결해 이해해야 한다. 연계 개념은 [[Slow Start]], [[HTTP]], [[DNS]], [[재귀 질의]], [[TCP]]이며, 학습 시 ""정의 → 동작 원리 → 장단점 → 적용 사례"" 순서로 정리하면 좋다.","[[Slow Start]], [[HTTP]], [[DNS]], [[재귀 질의]], [[TCP]]",07-01-02-키와-무결성.md; 14-컴퓨터구조-심화.md; 04-IT-필기-핵심정리.md,"네트워크 문제에서는 HTTPS의 정의만 쓰지 말고 관련 개념(Slow Start, HTTP, DNS)과 비교·차이를 함께 쓰면 가점을 받기 쉽다."
CS-127,하이브리드 클라우드,Hybrid Cloud,클라우드·분산시스템,H,ㅎ,"하이브리드 클라우드(하이브리드 클라우드)은/는 클라우드·분산시스템 영역의 핵심 개념으로, 확장성, 장애 허용, 일관성, 운영 자동화를 다루는 현대 인프라 핵심이다.","하이브리드 클라우드(하이브리드 클라우드)은/는 클라우드·분산시스템 영역의 핵심 개념으로, 확장성, 장애 허용, 일관성, 운영 자동화를 다루는 현대 인프라 핵심이다. 단일 노드 설계와 달리 네트워크 분할, 장애 전파, 재시도, 중복 처리, 관측 가능성을 전제로 설계해야 한다. 연계 개념은 [[퍼블릭 클라우드]], [[프라이빗 클라우드]], [[오토스케일링]], [[서버리스]], [[분산 시스템]]이며, 학습 시 ""정의 → 동작 원리 → 장단점 → 적용 사례"" 순서로 정리하면 좋다.","[[퍼블릭 클라우드]], [[프라이빗 클라우드]], [[오토스케일링]], [[서버리스]], [[분산 시스템]]",04-02-프로그래밍-SQL-분산-클라우드.md; 05-07-금융감독원-기출.md,"클라우드·분산시스템 문제에서는 하이브리드 클라우드의 정의만 쓰지 말고 관련 개념(퍼블릭 클라우드, 프라이빗 클라우드, 오토스케일링)과 비교·차이를 함께 쓰면 가점을 받기 쉽다."
CS-128,HTTP,Hypertext Transfer Protocol,네트워크,H,H,"HTTP(Hypertext Transfer Protocol)은/는 네트워크 통신에서 주소 지정, 경로 선택, 신뢰성, 이름 해석 또는 보안 채널을 구성하는 핵심 요소이다.","HTTP(Hypertext Transfer Protocol)은/는 네트워크 통신에서 주소 지정, 경로 선택, 신뢰성, 이름 해석 또는 보안 채널을 구성하는 핵심 요소이다. 프로토콜의 위치 계층, 헤더에 담기는 식별자, 연결 수립/해제 흐름, 장애 시 진단 명령을 연결해 이해해야 한다. 연계 개념은 [[AIMD]], [[Slow Start]], [[HTTPS]], [[DNS]], [[TCP]]이며, 학습 시 ""정의 → 동작 원리 → 장단점 → 적용 사례"" 순서로 정리하면 좋다.","[[AIMD]], [[Slow Start]], [[HTTPS]], [[DNS]], [[TCP]]",07-01-02-키와-무결성.md; 14-컴퓨터구조-심화.md; 04-IT-필기-핵심정리.md,"네트워크 문제에서는 HTTP의 정의만 쓰지 말고 관련 개념(AIMD, Slow Start, HTTPS)과 비교·차이를 함께 쓰면 가점을 받기 쉽다."
CS-129,하이퍼바이저,Hypervisor,클라우드·분산시스템,H,ㅎ,"하이퍼바이저(하이퍼바이저)은/는 클라우드·분산시스템 영역의 핵심 개념으로, 확장성, 장애 허용, 일관성, 운영 자동화를 다루는 현대 인프라 핵심이다.","하이퍼바이저(하이퍼바이저)은/는 클라우드·분산시스템 영역의 핵심 개념으로, 확장성, 장애 허용, 일관성, 운영 자동화를 다루는 현대 인프라 핵심이다. 단일 노드 설계와 달리 네트워크 분할, 장애 전파, 재시도, 중복 처리, 관측 가능성을 전제로 설계해야 한다. 연계 개념은 [[클라우드 컴퓨팅]], [[가상화]], [[VM]], [[컨테이너]], [[분산 시스템]]이며, 학습 시 ""정의 → 동작 원리 → 장단점 → 적용 사례"" 순서로 정리하면 좋다.","[[클라우드 컴퓨팅]], [[가상화]], [[VM]], [[컨테이너]], [[분산 시스템]]",05-03-대구은행-기출.md; 05-14-08-한국은행-2023-컴퓨터공학-학술-파트-I.md; 04-05-자료구조-알고리즘-DB-금융IT.md,"클라우드·분산시스템 문제에서는 하이퍼바이저의 정의만 쓰지 말고 관련 개념(클라우드 컴퓨팅, 가상화, VM)과 비교·차이를 함께 쓰면 가점을 받기 쉽다."
CS-130,IaaS,IaaS,클라우드·분산시스템,I,I,"IaaS(IaaS)은/는 클라우드·분산시스템 영역의 핵심 개념으로, 확장성, 장애 허용, 일관성, 운영 자동화를 다루는 현대 인프라 핵심이다.","IaaS(IaaS)은/는 클라우드·분산시스템 영역의 핵심 개념으로, 확장성, 장애 허용, 일관성, 운영 자동화를 다루는 현대 인프라 핵심이다. 단일 노드 설계와 달리 네트워크 분할, 장애 전파, 재시도, 중복 처리, 관측 가능성을 전제로 설계해야 한다. 연계 개념은 [[Kubernetes]], [[오케스트레이션]], [[PaaS]], [[SaaS]], [[분산 시스템]]이며, 학습 시 ""정의 → 동작 원리 → 장단점 → 적용 사례"" 순서로 정리하면 좋다.","[[Kubernetes]], [[오케스트레이션]], [[PaaS]], [[SaaS]], [[분산 시스템]]",04-02-프로그래밍-SQL-분산-클라우드.md; 05-03-대구은행-기출.md; 17-클라우드-분산-시스템-심화.md,"클라우드·분산시스템 문제에서는 IaaS의 정의만 쓰지 말고 관련 개념(Kubernetes, 오케스트레이션, PaaS)과 비교·차이를 함께 쓰면 가점을 받기 쉽다."
CS-131,ICMP,ICMP,네트워크,I,I,"ICMP(ICMP)은/는 네트워크 통신에서 주소 지정, 경로 선택, 신뢰성, 이름 해석 또는 보안 채널을 구성하는 핵심 요소이다.","ICMP(ICMP)은/는 네트워크 통신에서 주소 지정, 경로 선택, 신뢰성, 이름 해석 또는 보안 채널을 구성하는 핵심 요소이다. 프로토콜의 위치 계층, 헤더에 담기는 식별자, 연결 수립/해제 흐름, 장애 시 진단 명령을 연결해 이해해야 한다. 연계 개념은 [[BGP]], [[NAT]], [[Ping]], [[TCP]], [[IP]]이며, 학습 시 ""정의 → 동작 원리 → 장단점 → 적용 사례"" 순서로 정리하면 좋다.","[[BGP]], [[NAT]], [[Ping]], [[TCP]], [[IP]]",05-14-15-한국은행-2025-컴퓨터공학-학술-5-데이터-통신.md; 05-06-예탁결제원-기출.md; 08-01-OSI와-TCP-IP.md,"네트워크 문제에서는 ICMP의 정의만 쓰지 말고 관련 개념(BGP, NAT, Ping)과 비교·차이를 함께 쓰면 가점을 받기 쉽다."
CS-132,멱등성,Idempotency,클라우드·분산시스템,I,ㅁ,"멱등성(멱등성)은/는 클라우드·분산시스템 영역의 핵심 개념으로, 확장성, 장애 허용, 일관성, 운영 자동화를 다루는 현대 인프라 핵심이다.","멱등성(멱등성)은/는 클라우드·분산시스템 영역의 핵심 개념으로, 확장성, 장애 허용, 일관성, 운영 자동화를 다루는 현대 인프라 핵심이다. 단일 노드 설계와 달리 네트워크 분할, 장애 전파, 재시도, 중복 처리, 관측 가능성을 전제로 설계해야 한다. 연계 개념은 [[2PC]], [[사가 패턴]], [[장애 격리]], [[서킷 브레이커]], [[분산 시스템]]이며, 학습 시 ""정의 → 동작 원리 → 장단점 → 적용 사례"" 순서로 정리하면 좋다.","[[2PC]], [[사가 패턴]], [[장애 격리]], [[서킷 브레이커]], [[분산 시스템]]",15-2-결제-인프라.md; 20-3-금융결제원-면접.md,"클라우드·분산시스템 문제에서는 멱등성의 정의만 쓰지 말고 관련 개념(2PC, 사가 패턴, 장애 격리)과 비교·차이를 함께 쓰면 가점을 받기 쉽다."
CS-133,IDS,IDS,보안,I,I,IDS(IDS)은/는 정보 자산을 보호하거나 공격자가 악용하는 취약 지점을 설명하는 보안 개념이다.,"IDS(IDS)은/는 정보 자산을 보호하거나 공격자가 악용하는 취약 지점을 설명하는 보안 개념이다. 공격 원리, 영향, 탐지 단서, 예방·탐지·대응 통제를 구분해 쓰면 금융 보안 답안에 적합하다. 연계 개념은 [[키 스트레칭]], [[방화벽]], [[IPS]], [[SIEM]], [[인증]]이며, 학습 시 ""정의 → 동작 원리 → 장단점 → 적용 사례"" 순서로 정리하면 좋다.","[[키 스트레칭]], [[방화벽]], [[IPS]], [[SIEM]], [[인증]]",07-01-02-키와-무결성.md; 14-컴퓨터구조-심화.md; 05-08-산업은행-기출.md,"보안 문제에서는 IDS의 정의만 쓰지 말고 관련 개념(키 스트레칭, 방화벽, IPS)과 비교·차이를 함께 쓰면 가점을 받기 쉽다."
CS-134,인덱스,Index,데이터베이스,I,ㅇ,"인덱스(Index)은/는 데이터베이스 영역의 핵심 개념으로, 데이터 저장·검색·무결성·동시성의 관점에서 금융권 거래 원장과 고객 데이터 품질을 좌우한다.","인덱스(Index)은/는 데이터베이스 영역의 핵심 개념으로, 데이터 저장·검색·무결성·동시성의 관점에서 금융권 거래 원장과 고객 데이터 품질을 좌우한다. 시험에서는 정의만이 아니라 이상현상, 정규화, 인덱스 성능, 트랜잭션 격리 수준과 함께 묶어 서술하는 것이 좋다. 연계 개념은 [[REDO]], [[체크포인트]], [[B-트리]], [[B+트리]], [[SQL]]이며, 학습 시 ""정의 → 동작 원리 → 장단점 → 적용 사례"" 순서로 정리하면 좋다.","[[REDO]], [[체크포인트]], [[B-트리]], [[B+트리]], [[SQL]]",05-08-산업은행-기출.md; 04-02-프로그래밍-SQL-분산-클라우드.md; 02-01-기본-전제와-일정.md,"데이터베이스 문제에서는 인덱스의 정의만 쓰지 말고 관련 개념(REDO, 체크포인트, B-트리)과 비교·차이를 함께 쓰면 가점을 받기 쉽다."
CS-135,정보보호,Information Security,보안,I,ㅈ,정보보호(Information Security)은/는 정보 자산을 보호하거나 공격자가 악용하는 취약 지점을 설명하는 보안 개념이다.,"정보보호(Information Security)은/는 정보 자산을 보호하거나 공격자가 악용하는 취약 지점을 설명하는 보안 개념이다. 공격 원리, 영향, 탐지 단서, 예방·탐지·대응 통제를 구분해 쓰면 금융 보안 답안에 적합하다. 연계 개념은 [[기밀성]], [[무결성]], [[인증]], [[암호화]], [[접근통제]]이며, 학습 시 ""정의 → 동작 원리 → 장단점 → 적용 사례"" 순서로 정리하면 좋다.","[[기밀성]], [[무결성]], [[인증]], [[암호화]], [[접근통제]]",05-14-02-한국은행-2019-컴퓨터공학-학술-파트-II.md; 02-11-한국은행-컴퓨터공학-직렬-입행-수기.md; 05-14-한국은행-기출.md,"보안 문제에서는 정보보호의 정의만 쓰지 말고 관련 개념(기밀성, 무결성, 인증)과 비교·차이를 함께 쓰면 가점을 받기 쉽다."
CS-136,상속,Inheritance,프로그래밍 언어,I,ㅅ,"상속(Inheritance)은/는 프로그래밍 언어 영역의 핵심 개념으로, 코드 실행 방식, 메모리 모델, 객체지향·함수형 추상화를 이해하는 데 필요하다.","상속(Inheritance)은/는 프로그래밍 언어 영역의 핵심 개념으로, 코드 실행 방식, 메모리 모델, 객체지향·함수형 추상화를 이해하는 데 필요하다. 컴파일/실행 시점, 메모리 할당 위치, 타입 검사 방식, 다형성의 바인딩 시점을 비교해 설명하는 문제가 자주 나온다. 연계 개념은 [[객체]], [[캡슐화]], [[다형성]], [[추상화]], [[컴파일러]]이며, 학습 시 ""정의 → 동작 원리 → 장단점 → 적용 사례"" 순서로 정리하면 좋다.","[[객체]], [[캡슐화]], [[다형성]], [[추상화]], [[컴파일러]]",04-02-프로그래밍-SQL-분산-클라우드.md; 05-14-12-한국은행-2025-컴퓨터공학-학술-2-프로그래밍-언어-객체지향-개념.md; 05-03-대구은행-기출.md,"프로그래밍 언어 문제에서는 상속의 정의만 쓰지 말고 관련 개념(객체, 캡슐화, 다형성)과 비교·차이를 함께 쓰면 가점을 받기 쉽다."
CS-137,입력 검증,Input Validation,보안,I,ㅇ,입력 검증(입력 검증)은/는 정보 자산을 보호하거나 공격자가 악용하는 취약 지점을 설명하는 보안 개념이다.,"입력 검증(입력 검증)은/는 정보 자산을 보호하거나 공격자가 악용하는 취약 지점을 설명하는 보안 개념이다. 공격 원리, 영향, 탐지 단서, 예방·탐지·대응 통제를 구분해 쓰면 금융 보안 답안에 적합하다. 연계 개념은 [[TLS]], [[보안 코딩]], [[출력 인코딩]], [[최소 권한 원칙]], [[인증]]이며, 학습 시 ""정의 → 동작 원리 → 장단점 → 적용 사례"" 순서로 정리하면 좋다.","[[TLS]], [[보안 코딩]], [[출력 인코딩]], [[최소 권한 원칙]], [[인증]]",10-03-01-XSS-SQL-Injection.md,"보안 문제에서는 입력 검증의 정의만 쓰지 말고 관련 개념(TLS, 보안 코딩, 출력 인코딩)과 비교·차이를 함께 쓰면 가점을 받기 쉽다."
CS-138,통합 테스트,Integration Test,소프트웨어공학,I,ㅌ,"통합 테스트(통합 테스트)은/는 소프트웨어공학 영역의 핵심 개념으로, 요구사항을 안정적인 소프트웨어로 전환하고 변경 비용을 낮추는 방법론이다.","통합 테스트(통합 테스트)은/는 소프트웨어공학 영역의 핵심 개념으로, 요구사항을 안정적인 소프트웨어로 전환하고 변경 비용을 낮추는 방법론이다. 산출물, 장단점, 적용 상황, 품질 속성에 미치는 영향을 함께 설명하면 면접·논술 답안으로 확장하기 쉽다. 연계 개념은 [[테스트]], [[단위 테스트]], [[시스템 테스트]], [[인수 테스트]], [[형상 관리]]이며, 학습 시 ""정의 → 동작 원리 → 장단점 → 적용 사례"" 순서로 정리하면 좋다.","[[테스트]], [[단위 테스트]], [[시스템 테스트]], [[인수 테스트]], [[형상 관리]]",11-02-02-단위-통합-인수테스트.md; 11-02-01-블랙박스와-화이트박스.md; 04-05-자료구조-알고리즘-DB-금융IT.md,"소프트웨어공학 문제에서는 통합 테스트의 정의만 쓰지 말고 관련 개념(테스트, 단위 테스트, 시스템 테스트)과 비교·차이를 함께 쓰면 가점을 받기 쉽다."
CS-139,무결성,Integrity,데이터베이스,I,ㅁ,"무결성(Integrity)은/는 데이터베이스 영역의 핵심 개념으로, 데이터 저장·검색·무결성·동시성의 관점에서 금융권 거래 원장과 고객 데이터 품질을 좌우한다.","무결성(Integrity)은/는 데이터베이스 영역의 핵심 개념으로, 데이터 저장·검색·무결성·동시성의 관점에서 금융권 거래 원장과 고객 데이터 품질을 좌우한다. 시험에서는 정의만이 아니라 이상현상, 정규화, 인덱스 성능, 트랜잭션 격리 수준과 함께 묶어 서술하는 것이 좋다. 연계 개념은 [[외래키]], [[복합키]], [[개체 무결성]], [[참조 무결성]], [[SQL]]이며, 학습 시 ""정의 → 동작 원리 → 장단점 → 적용 사례"" 순서로 정리하면 좋다.","[[외래키]], [[복합키]], [[개체 무결성]], [[참조 무결성]], [[SQL]]",07-01-02-키와-무결성.md; 19-4-예탁결제원-자소서.md; 05-04-금융결제원-기출.md,"데이터베이스 문제에서는 무결성의 정의만 쓰지 말고 관련 개념(외래키, 복합키, 개체 무결성)과 비교·차이를 함께 쓰면 가점을 받기 쉽다."
CS-140,인터프리터,Interpreter,프로그래밍 언어,I,ㅇ,"인터프리터(Interpreter)은/는 프로그래밍 언어 영역의 핵심 개념으로, 코드 실행 방식, 메모리 모델, 객체지향·함수형 추상화를 이해하는 데 필요하다.","인터프리터(Interpreter)은/는 프로그래밍 언어 영역의 핵심 개념으로, 코드 실행 방식, 메모리 모델, 객체지향·함수형 추상화를 이해하는 데 필요하다. 컴파일/실행 시점, 메모리 할당 위치, 타입 검사 방식, 다형성의 바인딩 시점을 비교해 설명하는 문제가 자주 나온다. 연계 개념은 [[프로그래밍 언어]], [[컴파일러]], [[어셈블러]], [[링커]], [[객체]]이며, 학습 시 ""정의 → 동작 원리 → 장단점 → 적용 사례"" 순서로 정리하면 좋다.","[[프로그래밍 언어]], [[컴파일러]], [[어셈블러]], [[링커]], [[객체]]",04-02-프로그래밍-SQL-분산-클라우드.md,"프로그래밍 언어 문제에서는 인터프리터의 정의만 쓰지 말고 관련 개념(프로그래밍 언어, 컴파일러, 어셈블러)과 비교·차이를 함께 쓰면 가점을 받기 쉽다."
CS-141,IP,IP,네트워크,I,I,"IP(IP)은/는 네트워크 통신에서 주소 지정, 경로 선택, 신뢰성, 이름 해석 또는 보안 채널을 구성하는 핵심 요소이다.","IP(IP)은/는 네트워크 통신에서 주소 지정, 경로 선택, 신뢰성, 이름 해석 또는 보안 채널을 구성하는 핵심 요소이다. 프로토콜의 위치 계층, 헤더에 담기는 식별자, 연결 수립/해제 흐름, 장애 시 진단 명령을 연결해 이해해야 한다. 연계 개념은 [[ARP]], [[RARP]], [[IPv4]], [[IPv6]], [[TCP]]이며, 학습 시 ""정의 → 동작 원리 → 장단점 → 적용 사례"" 순서로 정리하면 좋다.","[[ARP]], [[RARP]], [[IPv4]], [[IPv6]], [[TCP]]",05-14-06-한국은행-2022-컴퓨터공학-학술-파트-I.md; 05-08-산업은행-기출.md; 04-02-프로그래밍-SQL-분산-클라우드.md,"네트워크 문제에서는 IP의 정의만 쓰지 말고 관련 개념(ARP, RARP, IPv4)과 비교·차이를 함께 쓰면 가점을 받기 쉽다."
CS-142,IPS,IPS,보안,I,I,IPS(IPS)은/는 정보 자산을 보호하거나 공격자가 악용하는 취약 지점을 설명하는 보안 개념이다.,"IPS(IPS)은/는 정보 자산을 보호하거나 공격자가 악용하는 취약 지점을 설명하는 보안 개념이다. 공격 원리, 영향, 탐지 단서, 예방·탐지·대응 통제를 구분해 쓰면 금융 보안 답안에 적합하다. 연계 개념은 [[방화벽]], [[IDS]], [[SIEM]], [[로그 감사]], [[인증]]이며, 학습 시 ""정의 → 동작 원리 → 장단점 → 적용 사례"" 순서로 정리하면 좋다.","[[방화벽]], [[IDS]], [[SIEM]], [[로그 감사]], [[인증]]",05-08-산업은행-기출.md; 05-14-17-한국은행-2025-컴퓨터공학-학술-7-네트워크-보안.md; 05-14-02-한국은행-2019-컴퓨터공학-학술-파트-II.md,"보안 문제에서는 IPS의 정의만 쓰지 말고 관련 개념(방화벽, IDS, SIEM)과 비교·차이를 함께 쓰면 가점을 받기 쉽다."
CS-143,IPv4,IPv4,네트워크,I,I,"IPv4(IPv4)은/는 네트워크 통신에서 주소 지정, 경로 선택, 신뢰성, 이름 해석 또는 보안 채널을 구성하는 핵심 요소이다.","IPv4(IPv4)은/는 네트워크 통신에서 주소 지정, 경로 선택, 신뢰성, 이름 해석 또는 보안 채널을 구성하는 핵심 요소이다. 프로토콜의 위치 계층, 헤더에 담기는 식별자, 연결 수립/해제 흐름, 장애 시 진단 명령을 연결해 이해해야 한다. 연계 개념은 [[RARP]], [[IP]], [[IPv6]], [[서브넷]], [[TCP]]이며, 학습 시 ""정의 → 동작 원리 → 장단점 → 적용 사례"" 순서로 정리하면 좋다.","[[RARP]], [[IP]], [[IPv6]], [[서브넷]], [[TCP]]",04-04-네트워크-프로토콜-보안.md; 08-04-라우팅과-서브넷.md; 08-01-OSI와-TCP-IP.md,"네트워크 문제에서는 IPv4의 정의만 쓰지 말고 관련 개념(RARP, IP, IPv6)과 비교·차이를 함께 쓰면 가점을 받기 쉽다."
CS-144,IPv6,IPv6,네트워크,I,I,"IPv6(IPv6)은/는 네트워크 통신에서 주소 지정, 경로 선택, 신뢰성, 이름 해석 또는 보안 채널을 구성하는 핵심 요소이다.","IPv6(IPv6)은/는 네트워크 통신에서 주소 지정, 경로 선택, 신뢰성, 이름 해석 또는 보안 채널을 구성하는 핵심 요소이다. 프로토콜의 위치 계층, 헤더에 담기는 식별자, 연결 수립/해제 흐름, 장애 시 진단 명령을 연결해 이해해야 한다. 연계 개념은 [[IP]], [[IPv4]], [[서브넷]], [[서브넷 마스크]], [[TCP]]이며, 학습 시 ""정의 → 동작 원리 → 장단점 → 적용 사례"" 순서로 정리하면 좋다.","[[IP]], [[IPv4]], [[서브넷]], [[서브넷 마스크]], [[TCP]]",04-04-네트워크-프로토콜-보안.md; 05-14-16-한국은행-2025-컴퓨터공학-학술-6-DNS.md; 05-14-04-한국은행-2021-컴퓨터공학-학술-파트-I.md,"네트워크 문제에서는 IPv6의 정의만 쓰지 말고 관련 개념(IP, IPv4, 서브넷)과 비교·차이를 함께 쓰면 가점을 받기 쉽다."
CS-145,ISA,ISA,컴퓨터구조,I,I,"ISA(ISA)은/는 컴퓨터구조 영역의 핵심 개념으로, 명령어 실행, 캐시, 병렬성, 입출력 병목을 하드웨어 관점에서 설명한다.","ISA(ISA)은/는 컴퓨터구조 영역의 핵심 개념으로, 명령어 실행, 캐시, 병렬성, 입출력 병목을 하드웨어 관점에서 설명한다. 성능 계산에서는 CPI, 히트율, 병렬화 가능 비율처럼 수치화 가능한 요소와 병목 지점을 함께 본다. 연계 개념은 [[CISC]], [[RISC]], [[주소 지정 방식]], [[즉시 주소 지정]], [[CPU]]이며, 학습 시 ""정의 → 동작 원리 → 장단점 → 적용 사례"" 순서로 정리하면 좋다.","[[CISC]], [[RISC]], [[주소 지정 방식]], [[즉시 주소 지정]], [[CPU]]",14-3-명령어-세트.md,"컴퓨터구조 문제에서는 ISA의 정의만 쓰지 말고 관련 개념(CISC, RISC, 주소 지정 방식)과 비교·차이를 함께 쓰면 가점을 받기 쉽다."
CS-146,Java,Java,프로그래밍 언어,J,J,"Java(Java)은/는 프로그래밍 언어 영역의 핵심 개념으로, 코드 실행 방식, 메모리 모델, 객체지향·함수형 추상화를 이해하는 데 필요하다.","Java(Java)은/는 프로그래밍 언어 영역의 핵심 개념으로, 코드 실행 방식, 메모리 모델, 객체지향·함수형 추상화를 이해하는 데 필요하다. 컴파일/실행 시점, 메모리 할당 위치, 타입 검사 방식, 다형성의 바인딩 시점을 비교해 설명하는 문제가 자주 나온다. 연계 개념은 [[고차 함수]], [[불변성]], [[JVM]], [[바이트코드]], [[컴파일러]]이며, 학습 시 ""정의 → 동작 원리 → 장단점 → 적용 사례"" 순서로 정리하면 좋다.","[[고차 함수]], [[불변성]], [[JVM]], [[바이트코드]], [[컴파일러]]",05-08-산업은행-기출.md; 04-02-프로그래밍-SQL-분산-클라우드.md; 10-03-01-XSS-SQL-Injection.md,"프로그래밍 언어 문제에서는 Java의 정의만 쓰지 말고 관련 개념(고차 함수, 불변성, JVM)과 비교·차이를 함께 쓰면 가점을 받기 쉽다."
CS-147,JIT 컴파일,JIT 컴파일,프로그래밍 언어,J,J,"JIT 컴파일(JIT 컴파일)은/는 프로그래밍 언어 영역의 핵심 개념으로, 코드 실행 방식, 메모리 모델, 객체지향·함수형 추상화를 이해하는 데 필요하다.","JIT 컴파일(JIT 컴파일)은/는 프로그래밍 언어 영역의 핵심 개념으로, 코드 실행 방식, 메모리 모델, 객체지향·함수형 추상화를 이해하는 데 필요하다. 컴파일/실행 시점, 메모리 할당 위치, 타입 검사 방식, 다형성의 바인딩 시점을 비교해 설명하는 문제가 자주 나온다. 연계 개념은 [[JVM]], [[바이트코드]], [[C 언어]], [[static 변수]], [[컴파일러]]이며, 학습 시 ""정의 → 동작 원리 → 장단점 → 적용 사례"" 순서로 정리하면 좋다.","[[JVM]], [[바이트코드]], [[C 언어]], [[static 변수]], [[컴파일러]]",보강 개념(페이지 직접 언급 없음),"프로그래밍 언어 문제에서는 JIT 컴파일의 정의만 쓰지 말고 관련 개념(JVM, 바이트코드, C 언어)과 비교·차이를 함께 쓰면 가점을 받기 쉽다."
CS-148,JOIN,JOIN,데이터베이스,J,J,"JOIN(JOIN)은/는 데이터베이스 영역의 핵심 개념으로, 데이터 저장·검색·무결성·동시성의 관점에서 금융권 거래 원장과 고객 데이터 품질을 좌우한다.","JOIN(JOIN)은/는 데이터베이스 영역의 핵심 개념으로, 데이터 저장·검색·무결성·동시성의 관점에서 금융권 거래 원장과 고객 데이터 품질을 좌우한다. 시험에서는 정의만이 아니라 이상현상, 정규화, 인덱스 성능, 트랜잭션 격리 수준과 함께 묶어 서술하는 것이 좋다. 연계 개념은 [[HAVING]], [[ORDER BY]], [[서브쿼리]], [[뷰]], [[SQL]]이며, 학습 시 ""정의 → 동작 원리 → 장단점 → 적용 사례"" 순서로 정리하면 좋다.","[[HAVING]], [[ORDER BY]], [[서브쿼리]], [[뷰]], [[SQL]]",05-05-SGI서울보증-기출.md; 02-01-기본-전제와-일정.md; 13-01-00-SQL-기본.md,"데이터베이스 문제에서는 JOIN의 정의만 쓰지 말고 관련 개념(HAVING, ORDER BY, 서브쿼리)과 비교·차이를 함께 쓰면 가점을 받기 쉽다."
CS-149,JVM,JVM,프로그래밍 언어,J,J,"JVM(JVM)은/는 프로그래밍 언어 영역의 핵심 개념으로, 코드 실행 방식, 메모리 모델, 객체지향·함수형 추상화를 이해하는 데 필요하다.","JVM(JVM)은/는 프로그래밍 언어 영역의 핵심 개념으로, 코드 실행 방식, 메모리 모델, 객체지향·함수형 추상화를 이해하는 데 필요하다. 컴파일/실행 시점, 메모리 할당 위치, 타입 검사 방식, 다형성의 바인딩 시점을 비교해 설명하는 문제가 자주 나온다. 연계 개념은 [[불변성]], [[Java]], [[바이트코드]], [[JIT 컴파일]], [[컴파일러]]이며, 학습 시 ""정의 → 동작 원리 → 장단점 → 적용 사례"" 순서로 정리하면 좋다.","[[불변성]], [[Java]], [[바이트코드]], [[JIT 컴파일]], [[컴파일러]]",05-08-산업은행-기출.md,"프로그래밍 언어 문제에서는 JVM의 정의만 쓰지 말고 관련 개념(불변성, Java, 바이트코드)과 비교·차이를 함께 쓰면 가점을 받기 쉽다."
CS-150,Kafka,Kafka,클라우드·분산시스템,K,K,"Kafka(Kafka)은/는 클라우드·분산시스템 영역의 핵심 개념으로, 확장성, 장애 허용, 일관성, 운영 자동화를 다루는 현대 인프라 핵심이다.","Kafka(Kafka)은/는 클라우드·분산시스템 영역의 핵심 개념으로, 확장성, 장애 허용, 일관성, 운영 자동화를 다루는 현대 인프라 핵심이다. 단일 노드 설계와 달리 네트워크 분할, 장애 전파, 재시도, 중복 처리, 관측 가능성을 전제로 설계해야 한다. 연계 개념은 [[로드 밸런싱]], [[메시지 큐]], [[RabbitMQ]], [[이벤트 기반 아키텍처]], [[분산 시스템]]이며, 학습 시 ""정의 → 동작 원리 → 장단점 → 적용 사례"" 순서로 정리하면 좋다.","[[로드 밸런싱]], [[메시지 큐]], [[RabbitMQ]], [[이벤트 기반 아키텍처]], [[분산 시스템]]",17-클라우드-분산-시스템-심화.md; 17-4-메시지-큐.md; 03-08-한국은행-컴퓨터공학-면접-질문-2025.md,"클라우드·분산시스템 문제에서는 Kafka의 정의만 쓰지 말고 관련 개념(로드 밸런싱, 메시지 큐, RabbitMQ)과 비교·차이를 함께 쓰면 가점을 받기 쉽다."
CS-151,칸반,Kanban,소프트웨어공학,K,ㅋ,"칸반(칸반)은/는 소프트웨어공학 영역의 핵심 개념으로, 요구사항을 안정적인 소프트웨어로 전환하고 변경 비용을 낮추는 방법론이다.","칸반(칸반)은/는 소프트웨어공학 영역의 핵심 개념으로, 요구사항을 안정적인 소프트웨어로 전환하고 변경 비용을 낮추는 방법론이다. 산출물, 장단점, 적용 상황, 품질 속성에 미치는 영향을 함께 설명하면 면접·논술 답안으로 확장하기 쉽다. 연계 개념은 [[스크럼]], [[스프린트]], [[DevOps]], [[CI/CD]], [[테스트]]이며, 학습 시 ""정의 → 동작 원리 → 장단점 → 적용 사례"" 순서로 정리하면 좋다.","[[스크럼]], [[스프린트]], [[DevOps]], [[CI/CD]], [[테스트]]",11-01-개발방법론.md; 11-소프트웨어공학.md,"소프트웨어공학 문제에서는 칸반의 정의만 쓰지 말고 관련 개념(스크럼, 스프린트, DevOps)과 비교·차이를 함께 쓰면 가점을 받기 쉽다."
CS-152,커널,Kernel,운영체제,K,ㅋ,"커널(Kernel)은/는 운영체제 영역의 핵심 개념으로, CPU, 메모리, 파일, 입출력 자원을 공정하고 효율적으로 배분하는 기반 지식이다.","커널(Kernel)은/는 운영체제 영역의 핵심 개념으로, CPU, 메모리, 파일, 입출력 자원을 공정하고 효율적으로 배분하는 기반 지식이다. 답안에서는 상태 전이, 자료구조(큐·테이블), 오버헤드와 처리량/응답시간의 트레이드오프를 함께 적으면 완성도가 높다. 연계 개념은 [[운영체제]], [[시스템 콜]], [[프로세스]], [[스레드]], [[메모리 관리]]이며, 학습 시 ""정의 → 동작 원리 → 장단점 → 적용 사례"" 순서로 정리하면 좋다.","[[운영체제]], [[시스템 콜]], [[프로세스]], [[스레드]], [[메모리 관리]]",17-2-컨테이너.md; 06-02-02-선점형과-비선점형.md; 06-01-00-프로세스와-스레드.md,"운영체제 문제에서는 커널의 정의만 쓰지 말고 관련 개념(운영체제, 시스템 콜, 프로세스)과 비교·차이를 함께 쓰면 가점을 받기 쉽다."
CS-153,키,Key,데이터베이스,K,ㅋ,키(Key)은/는 릴레이션에서 튜플을 식별하거나 테이블 간 참조 관계를 유지하는 식별자 개념이다.,"키(Key)은/는 릴레이션에서 튜플을 식별하거나 테이블 간 참조 관계를 유지하는 식별자 개념이다. 시험에서는 정의만이 아니라 이상현상, 정규화, 인덱스 성능, 트랜잭션 격리 수준과 함께 묶어 서술하는 것이 좋다. 연계 개념은 [[차수]], [[카디널리티]], [[슈퍼키]], [[후보키]], [[SQL]]이며, 학습 시 ""정의 → 동작 원리 → 장단점 → 적용 사례"" 순서로 정리하면 좋다.","[[차수]], [[카디널리티]], [[슈퍼키]], [[후보키]], [[SQL]]",05-14-06-한국은행-2022-컴퓨터공학-학술-파트-I.md; 05-14-11-한국은행-2025-컴퓨터공학-학술-1-데이터베이스.md; 05-09-운영체제-기출-모음.md,"데이터베이스 문제에서는 키의 정의만 쓰지 말고 관련 개념(차수, 카디널리티, 슈퍼키)과 비교·차이를 함께 쓰면 가점을 받기 쉽다."
CS-154,키 스트레칭,Key Stretching,보안,K,ㅋ,키 스트레칭(키 스트레칭)은/는 정보 자산을 보호하거나 공격자가 악용하는 취약 지점을 설명하는 보안 개념이다.,"키 스트레칭(키 스트레칭)은/는 정보 자산을 보호하거나 공격자가 악용하는 취약 지점을 설명하는 보안 개념이다. 공격 원리, 영향, 탐지 단서, 예방·탐지·대응 통제를 구분해 쓰면 금융 보안 답안에 적합하다. 연계 개념은 [[SHA]], [[솔트]], [[방화벽]], [[IDS]], [[인증]]이며, 학습 시 ""정의 → 동작 원리 → 장단점 → 적용 사례"" 순서로 정리하면 좋다.","[[SHA]], [[솔트]], [[방화벽]], [[IDS]], [[인증]]",보강 개념(페이지 직접 언급 없음),"보안 문제에서는 키 스트레칭의 정의만 쓰지 말고 관련 개념(SHA, 솔트, 방화벽)과 비교·차이를 함께 쓰면 가점을 받기 쉽다."
CS-155,KNN,KNN,인공지능·데이터,K,K,"KNN(KNN)은/는 데이터 기반 예측·분류·분석 과정에서 모델, 학습 방법, 평가 또는 전처리를 설명하는 개념이다.","KNN(KNN)은/는 데이터 기반 예측·분류·분석 과정에서 모델, 학습 방법, 평가 또는 전처리를 설명하는 개념이다. 데이터 누수, 편향, 평가 지표 선택, 운영 중 성능 저하를 함께 고려해야 실제 금융 AI 적용에 적합하다. 연계 개념은 [[랜덤 포레스트]], [[SVM]], [[나이브 베이즈]], [[신경망]], [[머신러닝]]이며, 학습 시 ""정의 → 동작 원리 → 장단점 → 적용 사례"" 순서로 정리하면 좋다.","[[랜덤 포레스트]], [[SVM]], [[나이브 베이즈]], [[신경망]], [[머신러닝]]",04-01-빅데이터-블록체인-머신러닝.md,"인공지능·데이터 문제에서는 KNN의 정의만 쓰지 말고 관련 개념(랜덤 포레스트, SVM, 나이브 베이즈)과 비교·차이를 함께 쓰면 가점을 받기 쉽다."
CS-156,Kubernetes,Kubernetes,클라우드·분산시스템,K,K,"Kubernetes(Kubernetes)은/는 클라우드·분산시스템 영역의 핵심 개념으로, 확장성, 장애 허용, 일관성, 운영 자동화를 다루는 현대 인프라 핵심이다.","Kubernetes(Kubernetes)은/는 클라우드·분산시스템 영역의 핵심 개념으로, 확장성, 장애 허용, 일관성, 운영 자동화를 다루는 현대 인프라 핵심이다. 단일 노드 설계와 달리 네트워크 분할, 장애 전파, 재시도, 중복 처리, 관측 가능성을 전제로 설계해야 한다. 연계 개념은 [[컨테이너]], [[Docker]], [[오케스트레이션]], [[IaaS]], [[분산 시스템]]이며, 학습 시 ""정의 → 동작 원리 → 장단점 → 적용 사례"" 순서로 정리하면 좋다.","[[컨테이너]], [[Docker]], [[오케스트레이션]], [[IaaS]], [[분산 시스템]]",17-2-컨테이너.md; 17-클라우드-분산-시스템-심화.md,"클라우드·분산시스템 문제에서는 Kubernetes의 정의만 쓰지 말고 관련 개념(컨테이너, Docker, 오케스트레이션)과 비교·차이를 함께 쓰면 가점을 받기 쉽다."
CS-157,KYC,KYC,금융IT·신기술,K,K,"KYC(KYC)은/는 금융IT·신기술 영역의 핵심 개념으로, 금융 인프라, 규제, 지급결제, 디지털 자산과 IT 기술의 접점을 설명한다.","KYC(KYC)은/는 금융IT·신기술 영역의 핵심 개념으로, 금융 인프라, 규제, 지급결제, 디지털 자산과 IT 기술의 접점을 설명한다. 기술적 구조뿐 아니라 규제, 신뢰, 장애 리스크, 소비자 보호 관점을 함께 설명해야 한다. 연계 개념은 [[이상거래탐지]], [[AML]], [[디지털 트윈]], [[메타버스]], [[전자금융]]이며, 학습 시 ""정의 → 동작 원리 → 장단점 → 적용 사례"" 순서로 정리하면 좋다.","[[이상거래탐지]], [[AML]], [[디지털 트윈]], [[메타버스]], [[전자금융]]",18-2-RegTech.md; 15-5-디지털자산.md; 18-최신-IT-트렌드-금융IT-이슈.md,"금융IT·신기술 문제에서는 KYC의 정의만 쓰지 말고 관련 개념(이상거래탐지, AML, 디지털 트윈)과 비교·차이를 함께 쓰면 가점을 받기 쉽다."
CS-158,연결 리스트,Linked List,자료구조·알고리즘,L,ㅇ,연결 리스트(Linked List)은/는 데이터를 저장·탐색·갱신하거나 문제를 효율적으로 해결하기 위한 구조 또는 절차이다.,"연결 리스트(Linked List)은/는 데이터를 저장·탐색·갱신하거나 문제를 효율적으로 해결하기 위한 구조 또는 절차이다. 구현 아이디어, 평균/최악 시간복잡도, 안정성·제자리성 같은 성질을 함께 정리하면 코딩형과 서술형 모두에 대응된다. 연계 개념은 [[자료구조]], [[배열]], [[단일 연결 리스트]], [[이중 연결 리스트]], [[시간 복잡도]]이며, 학습 시 ""정의 → 동작 원리 → 장단점 → 적용 사례"" 순서로 정리하면 좋다.","[[자료구조]], [[배열]], [[단일 연결 리스트]], [[이중 연결 리스트]], [[시간 복잡도]]",05-08-산업은행-기출.md; 09-01-02-연결리스트.md; 14-2-캐시와-메모리-계층.md,"자료구조·알고리즘 문제에서는 연결 리스트의 정의만 쓰지 말고 관련 개념(자료구조, 배열, 단일 연결 리스트)과 비교·차이를 함께 쓰면 가점을 받기 쉽다."
CS-159,로그 감사,Log Audit,보안,L,ㄹ,로그 감사(로그 감사)은/는 정보 자산을 보호하거나 공격자가 악용하는 취약 지점을 설명하는 보안 개념이다.,"로그 감사(로그 감사)은/는 정보 자산을 보호하거나 공격자가 악용하는 취약 지점을 설명하는 보안 개념이다. 공격 원리, 영향, 탐지 단서, 예방·탐지·대응 통제를 구분해 쓰면 금융 보안 답안에 적합하다. 연계 개념은 [[IPS]], [[SIEM]], [[취약점]], [[위협]], [[인증]]이며, 학습 시 ""정의 → 동작 원리 → 장단점 → 적용 사례"" 순서로 정리하면 좋다.","[[IPS]], [[SIEM]], [[취약점]], [[위협]], [[인증]]",19-1-코스콤-자소서.md; 20-5-금융보안원-면접.md; 10-보안.md,"보안 문제에서는 로그 감사의 정의만 쓰지 말고 관련 개념(IPS, SIEM, 취약점)과 비교·차이를 함께 쓰면 가점을 받기 쉽다."
CS-160,손실 함수,Loss Function,인공지능·데이터,L,ㅅ,"손실 함수(손실 함수)은/는 데이터 기반 예측·분류·분석 과정에서 모델, 학습 방법, 평가 또는 전처리를 설명하는 개념이다.","손실 함수(손실 함수)은/는 데이터 기반 예측·분류·분석 과정에서 모델, 학습 방법, 평가 또는 전처리를 설명하는 개념이다. 데이터 누수, 편향, 평가 지표 선택, 운영 중 성능 저하를 함께 고려해야 실제 금융 AI 적용에 적합하다. 연계 개념은 [[경사하강법]], [[학습률]], [[역전파]], [[특성 공학]], [[머신러닝]]이며, 학습 시 ""정의 → 동작 원리 → 장단점 → 적용 사례"" 순서로 정리하면 좋다.","[[경사하강법]], [[학습률]], [[역전파]], [[특성 공학]], [[머신러닝]]",보강 개념(페이지 직접 언급 없음),"인공지능·데이터 문제에서는 손실 함수의 정의만 쓰지 말고 관련 개념(경사하강법, 학습률, 역전파)과 비교·차이를 함께 쓰면 가점을 받기 쉽다."
CS-161,LRU,LRU,운영체제,L,L,LRU(LRU)은/는 물리 메모리보다 큰 주소 공간을 효율적으로 제공하고 주소 변환 비용을 관리하는 메모리 관리 개념이다.,"LRU(LRU)은/는 물리 메모리보다 큰 주소 공간을 효율적으로 제공하고 주소 변환 비용을 관리하는 메모리 관리 개념이다. 답안에서는 상태 전이, 자료구조(큐·테이블), 오버헤드와 처리량/응답시간의 트레이드오프를 함께 적으면 완성도가 높다. 연계 개념은 [[페이지 교체]], [[FIFO 페이지 교체]], [[Optimal 페이지 교체]], [[스래싱]], [[프로세스]]이며, 학습 시 ""정의 → 동작 원리 → 장단점 → 적용 사례"" 순서로 정리하면 좋다.","[[페이지 교체]], [[FIFO 페이지 교체]], [[Optimal 페이지 교체]], [[스래싱]], [[프로세스]]",05-09-운영체제-기출-모음.md; 06-04-메모리와-가상메모리.md; 05-14-08-한국은행-2023-컴퓨터공학-학술-파트-I.md,"운영체제 문제에서는 LRU의 정의만 쓰지 말고 관련 개념(페이지 교체, FIFO 페이지 교체, Optimal 페이지 교체)과 비교·차이를 함께 쓰면 가점을 받기 쉽다."
CS-162,LSTM,LSTM,인공지능·데이터,L,L,"LSTM(LSTM)은/는 데이터 기반 예측·분류·분석 과정에서 모델, 학습 방법, 평가 또는 전처리를 설명하는 개념이다.","LSTM(LSTM)은/는 데이터 기반 예측·분류·분석 과정에서 모델, 학습 방법, 평가 또는 전처리를 설명하는 개념이다. 데이터 누수, 편향, 평가 지표 선택, 운영 중 성능 저하를 함께 고려해야 실제 금융 AI 적용에 적합하다. 연계 개념은 [[CNN]], [[RNN]], [[Transformer]], [[어텐션]], [[머신러닝]]이며, 학습 시 ""정의 → 동작 원리 → 장단점 → 적용 사례"" 순서로 정리하면 좋다.","[[CNN]], [[RNN]], [[Transformer]], [[어텐션]], [[머신러닝]]",보강 개념(페이지 직접 언급 없음),"인공지능·데이터 문제에서는 LSTM의 정의만 쓰지 말고 관련 개념(CNN, RNN, Transformer)과 비교·차이를 함께 쓰면 가점을 받기 쉽다."
CS-163,MAC,MAC,보안,M,M,MAC(MAC)은/는 정보 자산을 보호하거나 공격자가 악용하는 취약 지점을 설명하는 보안 개념이다.,"MAC(MAC)은/는 정보 자산을 보호하거나 공격자가 악용하는 취약 지점을 설명하는 보안 개념이다. 공격 원리, 영향, 탐지 단서, 예방·탐지·대응 통제를 구분해 쓰면 금융 보안 답안에 적합하다. 연계 개념은 [[접근통제]], [[DAC]], [[RBAC]], [[암호화]], [[인증]]이며, 학습 시 ""정의 → 동작 원리 → 장단점 → 적용 사례"" 순서로 정리하면 좋다.","[[접근통제]], [[DAC]], [[RBAC]], [[암호화]], [[인증]]",05-14-06-한국은행-2022-컴퓨터공학-학술-파트-I.md; 06-01-01-프로세스-상태와-PCB.md; 11-02-02-단위-통합-인수테스트.md,"보안 문제에서는 MAC의 정의만 쓰지 말고 관련 개념(접근통제, DAC, RBAC)과 비교·차이를 함께 쓰면 가점을 받기 쉽다."
CS-164,MAC 주소,MAC 주소,네트워크,M,M,"MAC 주소(MAC 주소)은/는 네트워크 통신에서 주소 지정, 경로 선택, 신뢰성, 이름 해석 또는 보안 채널을 구성하는 핵심 요소이다.","MAC 주소(MAC 주소)은/는 네트워크 통신에서 주소 지정, 경로 선택, 신뢰성, 이름 해석 또는 보안 채널을 구성하는 핵심 요소이다. 프로토콜의 위치 계층, 헤더에 담기는 식별자, 연결 수립/해제 흐름, 장애 시 진단 명령을 연결해 이해해야 한다. 연계 개념은 [[응용 계층]], [[이더넷]], [[ARP]], [[RARP]], [[TCP]]이며, 학습 시 ""정의 → 동작 원리 → 장단점 → 적용 사례"" 순서로 정리하면 좋다.","[[응용 계층]], [[이더넷]], [[ARP]], [[RARP]], [[TCP]]",04-04-네트워크-프로토콜-보안.md; 08-04-라우팅과-서브넷.md; 08-01-OSI와-TCP-IP.md,"네트워크 문제에서는 MAC 주소의 정의만 쓰지 말고 관련 개념(응용 계층, 이더넷, ARP)과 비교·차이를 함께 쓰면 가점을 받기 쉽다."
CS-165,머신러닝,Machine Learning,인공지능·데이터,M,ㅁ,"머신러닝(Machine Learning)은/는 데이터 기반 예측·분류·분석 과정에서 모델, 학습 방법, 평가 또는 전처리를 설명하는 개념이다.","머신러닝(Machine Learning)은/는 데이터 기반 예측·분류·분석 과정에서 모델, 학습 방법, 평가 또는 전처리를 설명하는 개념이다. 데이터 누수, 편향, 평가 지표 선택, 운영 중 성능 저하를 함께 고려해야 실제 금융 AI 적용에 적합하다. 연계 개념은 [[인공지능]], [[지도학습]], [[비지도학습]], [[훈련 데이터]], [[평가 지표]]이며, 학습 시 ""정의 → 동작 원리 → 장단점 → 적용 사례"" 순서로 정리하면 좋다.","[[인공지능]], [[지도학습]], [[비지도학습]], [[훈련 데이터]], [[평가 지표]]",05-14-06-한국은행-2022-컴퓨터공학-학술-파트-I.md; 04-IT-필기-핵심정리.md; 05-01-우리은행-기출.md,"인공지능·데이터 문제에서는 머신러닝의 정의만 쓰지 말고 관련 개념(인공지능, 지도학습, 비지도학습)과 비교·차이를 함께 쓰면 가점을 받기 쉽다."
CS-166,악성코드,Malware,보안,M,ㅇ,악성코드(악성코드)은/는 정보 자산을 보호하거나 공격자가 악용하는 취약 지점을 설명하는 보안 개념이다.,"악성코드(악성코드)은/는 정보 자산을 보호하거나 공격자가 악용하는 취약 지점을 설명하는 보안 개념이다. 공격 원리, 영향, 탐지 단서, 예방·탐지·대응 통제를 구분해 쓰면 금융 보안 답안에 적합하다. 연계 개념은 [[위협]], [[위험]], [[바이러스]], [[웜]], [[인증]]이며, 학습 시 ""정의 → 동작 원리 → 장단점 → 적용 사례"" 순서로 정리하면 좋다.","[[위협]], [[위험]], [[바이러스]], [[웜]], [[인증]]",05-01-우리은행-기출.md; 04-04-네트워크-프로토콜-보안.md; 05-02-기업은행-기출.md,"보안 문제에서는 악성코드의 정의만 쓰지 말고 관련 개념(위협, 위험, 바이러스)과 비교·차이를 함께 쓰면 가점을 받기 쉽다."
CS-167,중간자 공격,Man-in-the-Middle Attack,보안,M,ㅈ,중간자 공격(중간자 공격)은/는 정보 자산을 보호하거나 공격자가 악용하는 취약 지점을 설명하는 보안 개념이다.,"중간자 공격(중간자 공격)은/는 정보 자산을 보호하거나 공격자가 악용하는 취약 지점을 설명하는 보안 개념이다. 공격 원리, 영향, 탐지 단서, 예방·탐지·대응 통제를 구분해 쓰면 금융 보안 답안에 적합하다. 연계 개념은 [[ARP 스푸핑]], [[DNS 스푸핑]], [[제로 트러스트]], [[VPN]], [[인증]]이며, 학습 시 ""정의 → 동작 원리 → 장단점 → 적용 사례"" 순서로 정리하면 좋다.","[[ARP 스푸핑]], [[DNS 스푸핑]], [[제로 트러스트]], [[VPN]], [[인증]]",04-IT-필기-핵심정리.md; 04-04-네트워크-프로토콜-보안.md; 05-12-보안-기출-모음.md,"보안 문제에서는 중간자 공격의 정의만 쓰지 말고 관련 개념(ARP 스푸핑, DNS 스푸핑, 제로 트러스트)과 비교·차이를 함께 쓰면 가점을 받기 쉽다."
CS-168,메모리 계층,Memory Hierarchy,컴퓨터구조,M,ㅁ,"메모리 계층(Memory Hierarchy)은/는 컴퓨터구조 영역의 핵심 개념으로, 명령어 실행, 캐시, 병렬성, 입출력 병목을 하드웨어 관점에서 설명한다.","메모리 계층(Memory Hierarchy)은/는 컴퓨터구조 영역의 핵심 개념으로, 명령어 실행, 캐시, 병렬성, 입출력 병목을 하드웨어 관점에서 설명한다. 성능 계산에서는 CPI, 히트율, 병렬화 가능 비율처럼 수치화 가능한 요소와 병목 지점을 함께 본다. 연계 개념은 [[쓰기 스루]], [[쓰기 백]], [[RAM]], [[ROM]], [[CPU]]이며, 학습 시 ""정의 → 동작 원리 → 장단점 → 적용 사례"" 순서로 정리하면 좋다.","[[쓰기 스루]], [[쓰기 백]], [[RAM]], [[ROM]], [[CPU]]",05-09-운영체제-기출-모음.md; 14-컴퓨터구조-심화.md; 02-01-기본-전제와-일정.md,"컴퓨터구조 문제에서는 메모리 계층의 정의만 쓰지 말고 관련 개념(쓰기 스루, 쓰기 백, RAM)과 비교·차이를 함께 쓰면 가점을 받기 쉽다."
CS-169,머클 트리,Merkle Tree,금융IT·신기술,M,ㅁ,"머클 트리(머클 트리)은/는 금융IT·신기술 영역의 핵심 개념으로, 금융 인프라, 규제, 지급결제, 디지털 자산과 IT 기술의 접점을 설명한다.","머클 트리(머클 트리)은/는 금융IT·신기술 영역의 핵심 개념으로, 금융 인프라, 규제, 지급결제, 디지털 자산과 IT 기술의 접점을 설명한다. 기술적 구조뿐 아니라 규제, 신뢰, 장애 리스크, 소비자 보호 관점을 함께 설명해야 한다. 연계 개념은 [[분산원장]], [[해시 체인]], [[합의 알고리즘]], [[작업증명]], [[전자금융]]이며, 학습 시 ""정의 → 동작 원리 → 장단점 → 적용 사례"" 순서로 정리하면 좋다.","[[분산원장]], [[해시 체인]], [[합의 알고리즘]], [[작업증명]], [[전자금융]]",보강 개념(페이지 직접 언급 없음),"금융IT·신기술 문제에서는 머클 트리의 정의만 쓰지 말고 관련 개념(분산원장, 해시 체인, 합의 알고리즘)과 비교·차이를 함께 쓰면 가점을 받기 쉽다."
CS-170,메시지 큐,Message Queue,클라우드·분산시스템,M,ㅁ,"메시지 큐(메시지 큐)은/는 클라우드·분산시스템 영역의 핵심 개념으로, 확장성, 장애 허용, 일관성, 운영 자동화를 다루는 현대 인프라 핵심이다.","메시지 큐(메시지 큐)은/는 클라우드·분산시스템 영역의 핵심 개념으로, 확장성, 장애 허용, 일관성, 운영 자동화를 다루는 현대 인프라 핵심이다. 단일 노드 설계와 달리 네트워크 분할, 장애 전파, 재시도, 중복 처리, 관측 가능성을 전제로 설계해야 한다. 연계 개념은 [[파티셔닝]], [[로드 밸런싱]], [[Kafka]], [[RabbitMQ]], [[분산 시스템]]이며, 학습 시 ""정의 → 동작 원리 → 장단점 → 적용 사례"" 순서로 정리하면 좋다.","[[파티셔닝]], [[로드 밸런싱]], [[Kafka]], [[RabbitMQ]], [[분산 시스템]]",06-01-00-프로세스와-스레드.md; 17-클라우드-분산-시스템-심화.md; 17-4-메시지-큐.md,"클라우드·분산시스템 문제에서는 메시지 큐의 정의만 쓰지 말고 관련 개념(파티셔닝, 로드 밸런싱, Kafka)과 비교·차이를 함께 쓰면 가점을 받기 쉽다."
CS-171,메타버스,Metaverse,금융IT·신기술,M,ㅁ,"메타버스(메타버스)은/는 금융IT·신기술 영역의 핵심 개념으로, 금융 인프라, 규제, 지급결제, 디지털 자산과 IT 기술의 접점을 설명한다.","메타버스(메타버스)은/는 금융IT·신기술 영역의 핵심 개념으로, 금융 인프라, 규제, 지급결제, 디지털 자산과 IT 기술의 접점을 설명한다. 기술적 구조뿐 아니라 규제, 신뢰, 장애 리스크, 소비자 보호 관점을 함께 설명해야 한다. 연계 개념은 [[KYC]], [[디지털 트윈]], [[RPA]], [[API 경제]], [[전자금융]]이며, 학습 시 ""정의 → 동작 원리 → 장단점 → 적용 사례"" 순서로 정리하면 좋다.","[[KYC]], [[디지털 트윈]], [[RPA]], [[API 경제]], [[전자금융]]",05-01-우리은행-기출.md; 05-03-대구은행-기출.md,"금융IT·신기술 문제에서는 메타버스의 정의만 쓰지 말고 관련 개념(KYC, 디지털 트윈, RPA)과 비교·차이를 함께 쓰면 가점을 받기 쉽다."
CS-172,메트릭,Metrics,클라우드·분산시스템,M,ㅁ,"메트릭(메트릭)은/는 클라우드·분산시스템 영역의 핵심 개념으로, 확장성, 장애 허용, 일관성, 운영 자동화를 다루는 현대 인프라 핵심이다.","메트릭(메트릭)은/는 클라우드·분산시스템 영역의 핵심 개념으로, 확장성, 장애 허용, 일관성, 운영 자동화를 다루는 현대 인프라 핵심이다. 단일 노드 설계와 달리 네트워크 분할, 장애 전파, 재시도, 중복 처리, 관측 가능성을 전제로 설계해야 한다. 연계 개념은 [[관측성]], [[로그]], [[트레이싱]], [[분산 시스템]], [[컨테이너]]이며, 학습 시 ""정의 → 동작 원리 → 장단점 → 적용 사례"" 순서로 정리하면 좋다.","[[관측성]], [[로그]], [[트레이싱]], [[분산 시스템]], [[컨테이너]]",02-08-하루-루틴과-주간-점검표.md,"클라우드·분산시스템 문제에서는 메트릭의 정의만 쓰지 말고 관련 개념(관측성, 로그, 트레이싱)과 비교·차이를 함께 쓰면 가점을 받기 쉽다."
CS-173,마이크로서비스,Microservices,클라우드·분산시스템,M,ㅁ,"마이크로서비스(마이크로서비스)은/는 클라우드·분산시스템 영역의 핵심 개념으로, 확장성, 장애 허용, 일관성, 운영 자동화를 다루는 현대 인프라 핵심이다.","마이크로서비스(마이크로서비스)은/는 클라우드·분산시스템 영역의 핵심 개념으로, 확장성, 장애 허용, 일관성, 운영 자동화를 다루는 현대 인프라 핵심이다. 단일 노드 설계와 달리 네트워크 분할, 장애 전파, 재시도, 중복 처리, 관측 가능성을 전제로 설계해야 한다. 연계 개념은 [[오토스케일링]], [[서버리스]], [[API 게이트웨이]], [[서비스 메시]], [[분산 시스템]]이며, 학습 시 ""정의 → 동작 원리 → 장단점 → 적용 사례"" 순서로 정리하면 좋다.","[[오토스케일링]], [[서버리스]], [[API 게이트웨이]], [[서비스 메시]], [[분산 시스템]]",17-클라우드-분산-시스템-심화.md; 17-5-마이크로서비스.md,"클라우드·분산시스템 문제에서는 마이크로서비스의 정의만 쓰지 말고 관련 개념(오토스케일링, 서버리스, API 게이트웨이)과 비교·차이를 함께 쓰면 가점을 받기 쉽다."
CS-174,결측치,Missing Value,인공지능·데이터,M,ㄱ,"결측치(결측치)은/는 데이터 기반 예측·분류·분석 과정에서 모델, 학습 방법, 평가 또는 전처리를 설명하는 개념이다.","결측치(결측치)은/는 데이터 기반 예측·분류·분석 과정에서 모델, 학습 방법, 평가 또는 전처리를 설명하는 개념이다. 데이터 누수, 편향, 평가 지표 선택, 운영 중 성능 저하를 함께 고려해야 실제 금융 AI 적용에 적합하다. 연계 개념은 [[데이터 전처리]], [[이상치]], [[빅데이터]], [[3V]], [[머신러닝]]이며, 학습 시 ""정의 → 동작 원리 → 장단점 → 적용 사례"" 순서로 정리하면 좋다.","[[데이터 전처리]], [[이상치]], [[빅데이터]], [[3V]], [[머신러닝]]",보강 개념(페이지 직접 언급 없음),"인공지능·데이터 문제에서는 결측치의 정의만 쓰지 말고 관련 개념(데이터 전처리, 이상치, 빅데이터)과 비교·차이를 함께 쓰면 가점을 받기 쉽다."
CS-175,MVC,MVC,소프트웨어공학,M,M,"MVC(MVC)은/는 소프트웨어공학 영역의 핵심 개념으로, 요구사항을 안정적인 소프트웨어로 전환하고 변경 비용을 낮추는 방법론이다.","MVC(MVC)은/는 소프트웨어공학 영역의 핵심 개념으로, 요구사항을 안정적인 소프트웨어로 전환하고 변경 비용을 낮추는 방법론이다. 산출물, 장단점, 적용 상황, 품질 속성에 미치는 영향을 함께 설명하면 면접·논술 답안으로 확장하기 쉽다. 연계 개념은 [[팩토리 패턴]], [[전략 패턴]], [[테스트]], [[단위 테스트]], [[형상 관리]]이며, 학습 시 ""정의 → 동작 원리 → 장단점 → 적용 사례"" 순서로 정리하면 좋다.","[[팩토리 패턴]], [[전략 패턴]], [[테스트]], [[단위 테스트]], [[형상 관리]]",07-05-인덱스와-동시성.md; 11-03-설계-결합도-응집도.md; 05-14-04-한국은행-2021-컴퓨터공학-학술-파트-I.md,"소프트웨어공학 문제에서는 MVC의 정의만 쓰지 말고 관련 개념(팩토리 패턴, 전략 패턴, 테스트)과 비교·차이를 함께 쓰면 가점을 받기 쉽다."
CS-176,MVCC,MVCC,데이터베이스,M,M,MVCC(MVCC)은/는 여러 사용자가 동시에 데이터를 변경해도 결과가 정확하고 장애 후 복구 가능하도록 보장하는 거래 처리 개념이다.,"MVCC(MVCC)은/는 여러 사용자가 동시에 데이터를 변경해도 결과가 정확하고 장애 후 복구 가능하도록 보장하는 거래 처리 개념이다. 시험에서는 정의만이 아니라 이상현상, 정규화, 인덱스 성능, 트랜잭션 격리 수준과 함께 묶어 서술하는 것이 좋다. 연계 개념은 [[타임스탬프 기법]], [[낙관적 병행제어]], [[회복]], [[로그]], [[SQL]]이며, 학습 시 ""정의 → 동작 원리 → 장단점 → 적용 사례"" 순서로 정리하면 좋다.","[[타임스탬프 기법]], [[낙관적 병행제어]], [[회복]], [[로그]], [[SQL]]",07-05-인덱스와-동시성.md,"데이터베이스 문제에서는 MVCC의 정의만 쓰지 말고 관련 개념(타임스탬프 기법, 낙관적 병행제어, 회복)과 비교·차이를 함께 쓰면 가점을 받기 쉽다."
CS-177,마이데이터,MyData,금융IT·신기술,M,ㅁ,"마이데이터(마이데이터)은/는 금융IT·신기술 영역의 핵심 개념으로, 금융 인프라, 규제, 지급결제, 디지털 자산과 IT 기술의 접점을 설명한다.","마이데이터(마이데이터)은/는 금융IT·신기술 영역의 핵심 개념으로, 금융 인프라, 규제, 지급결제, 디지털 자산과 IT 기술의 접점을 설명한다. 기술적 구조뿐 아니라 규제, 신뢰, 장애 리스크, 소비자 보호 관점을 함께 설명해야 한다. 연계 개념은 [[핀테크]], [[오픈뱅킹]], [[전자금융]], [[지급결제]], [[보안]]이며, 학습 시 ""정의 → 동작 원리 → 장단점 → 적용 사례"" 순서로 정리하면 좋다.","[[핀테크]], [[오픈뱅킹]], [[전자금융]], [[지급결제]], [[보안]]",15-1-핀테크-오픈뱅킹-마이데이터.md,"금융IT·신기술 문제에서는 마이데이터의 정의만 쓰지 말고 관련 개념(핀테크, 오픈뱅킹, 전자금융)과 비교·차이를 함께 쓰면 가점을 받기 쉽다."
CS-178,NAT,NAT,네트워크,N,N,"NAT(NAT)은/는 네트워크 통신에서 주소 지정, 경로 선택, 신뢰성, 이름 해석 또는 보안 채널을 구성하는 핵심 요소이다.","NAT(NAT)은/는 네트워크 통신에서 주소 지정, 경로 선택, 신뢰성, 이름 해석 또는 보안 채널을 구성하는 핵심 요소이다. 프로토콜의 위치 계층, 헤더에 담기는 식별자, 연결 수립/해제 흐름, 장애 시 진단 명령을 연결해 이해해야 한다. 연계 개념은 [[OSPF]], [[BGP]], [[ICMP]], [[Ping]], [[TCP]]이며, 학습 시 ""정의 → 동작 원리 → 장단점 → 적용 사례"" 순서로 정리하면 좋다.","[[OSPF]], [[BGP]], [[ICMP]], [[Ping]], [[TCP]]",05-14-06-한국은행-2022-컴퓨터공학-학술-파트-I.md; 12-04-실전-오답노트.md; 02-01-기본-전제와-일정.md,"네트워크 문제에서는 NAT의 정의만 쓰지 말고 관련 개념(OSPF, BGP, ICMP)과 비교·차이를 함께 쓰면 가점을 받기 쉽다."
CS-179,신경망,Neural Network,인공지능·데이터,N,ㅅ,"신경망(신경망)은/는 데이터 기반 예측·분류·분석 과정에서 모델, 학습 방법, 평가 또는 전처리를 설명하는 개념이다.","신경망(신경망)은/는 데이터 기반 예측·분류·분석 과정에서 모델, 학습 방법, 평가 또는 전처리를 설명하는 개념이다. 데이터 누수, 편향, 평가 지표 선택, 운영 중 성능 저하를 함께 고려해야 실제 금융 AI 적용에 적합하다. 연계 개념은 [[KNN]], [[나이브 베이즈]], [[퍼셉트론]], [[딥러닝]], [[머신러닝]]이며, 학습 시 ""정의 → 동작 원리 → 장단점 → 적용 사례"" 순서로 정리하면 좋다.","[[KNN]], [[나이브 베이즈]], [[퍼셉트론]], [[딥러닝]], [[머신러닝]]",05-03-대구은행-기출.md; 16-인공지능-기계학습.md; 04-01-빅데이터-블록체인-머신러닝.md,"인공지능·데이터 문제에서는 신경망의 정의만 쓰지 말고 관련 개념(KNN, 나이브 베이즈, 퍼셉트론)과 비교·차이를 함께 쓰면 가점을 받기 쉽다."
CS-180,정규화,Normalization,데이터베이스,N,ㅈ,정규화(Normalization)은/는 데이터 중복과 갱신 이상을 줄이기 위해 릴레이션 구조와 속성 의존 관계를 분석하는 개념이다.,"정규화(Normalization)은/는 데이터 중복과 갱신 이상을 줄이기 위해 릴레이션 구조와 속성 의존 관계를 분석하는 개념이다. 시험에서는 정의만이 아니라 이상현상, 정규화, 인덱스 성능, 트랜잭션 격리 수준과 함께 묶어 서술하는 것이 좋다. 연계 개념은 [[자연 조인]], [[외부 조인]], [[제1정규형]], [[제2정규형]], [[SQL]]이며, 학습 시 ""정의 → 동작 원리 → 장단점 → 적용 사례"" 순서로 정리하면 좋다.","[[자연 조인]], [[외부 조인]], [[제1정규형]], [[제2정규형]], [[SQL]]",05-14-06-한국은행-2022-컴퓨터공학-학술-파트-I.md; 05-14-11-한국은행-2025-컴퓨터공학-학술-1-데이터베이스.md; 07-02-00-정규화.md,"데이터베이스 문제에서는 정규화의 정의만 쓰지 말고 관련 개념(자연 조인, 외부 조인, 제1정규형)과 비교·차이를 함께 쓰면 가점을 받기 쉽다."
CS-181,NP-완전,NP-완전,자료구조·알고리즘,N,N,NP-완전(NP-완전)은/는 데이터를 저장·탐색·갱신하거나 문제를 효율적으로 해결하기 위한 구조 또는 절차이다.,"NP-완전(NP-완전)은/는 데이터를 저장·탐색·갱신하거나 문제를 효율적으로 해결하기 위한 구조 또는 절차이다. 구현 아이디어, 평균/최악 시간복잡도, 안정성·제자리성 같은 성질을 함께 정리하면 코딩형과 서술형 모두에 대응된다. 연계 개념은 [[공간 복잡도]], [[빅오 표기법]], [[시간 복잡도]], [[자료구조]]이며, 학습 시 ""정의 → 동작 원리 → 장단점 → 적용 사례"" 순서로 정리하면 좋다.","[[공간 복잡도]], [[빅오 표기법]], [[시간 복잡도]], [[자료구조]]",보강 개념(페이지 직접 언급 없음),"자료구조·알고리즘 문제에서는 NP-완전의 정의만 쓰지 말고 관련 개념(공간 복잡도, 빅오 표기법, 시간 복잡도)과 비교·차이를 함께 쓰면 가점을 받기 쉽다."
CS-182,객체,Object,프로그래밍 언어,O,ㄱ,"객체(Object)은/는 프로그래밍 언어 영역의 핵심 개념으로, 코드 실행 방식, 메모리 모델, 객체지향·함수형 추상화를 이해하는 데 필요하다.","객체(Object)은/는 프로그래밍 언어 영역의 핵심 개념으로, 코드 실행 방식, 메모리 모델, 객체지향·함수형 추상화를 이해하는 데 필요하다. 컴파일/실행 시점, 메모리 할당 위치, 타입 검사 방식, 다형성의 바인딩 시점을 비교해 설명하는 문제가 자주 나온다. 연계 개념은 [[가비지 컬렉션]], [[클래스]], [[캡슐화]], [[상속]], [[컴파일러]]이며, 학습 시 ""정의 → 동작 원리 → 장단점 → 적용 사례"" 순서로 정리하면 좋다.","[[가비지 컬렉션]], [[클래스]], [[캡슐화]], [[상속]], [[컴파일러]]",04-02-프로그래밍-SQL-분산-클라우드.md; 10-03-01-XSS-SQL-Injection.md; 05-14-12-한국은행-2025-컴퓨터공학-학술-2-프로그래밍-언어-객체지향-개념.md,"프로그래밍 언어 문제에서는 객체의 정의만 쓰지 말고 관련 개념(가비지 컬렉션, 클래스, 캡슐화)과 비교·차이를 함께 쓰면 가점을 받기 쉽다."
CS-183,관측성,Observability,클라우드·분산시스템,O,ㄱ,"관측성(관측성)은/는 클라우드·분산시스템 영역의 핵심 개념으로, 확장성, 장애 허용, 일관성, 운영 자동화를 다루는 현대 인프라 핵심이다.","관측성(관측성)은/는 클라우드·분산시스템 영역의 핵심 개념으로, 확장성, 장애 허용, 일관성, 운영 자동화를 다루는 현대 인프라 핵심이다. 단일 노드 설계와 달리 네트워크 분할, 장애 전파, 재시도, 중복 처리, 관측 가능성을 전제로 설계해야 한다. 연계 개념은 [[장애 격리]], [[서킷 브레이커]], [[로그]], [[메트릭]], [[분산 시스템]]이며, 학습 시 ""정의 → 동작 원리 → 장단점 → 적용 사례"" 순서로 정리하면 좋다.","[[장애 격리]], [[서킷 브레이커]], [[로그]], [[메트릭]], [[분산 시스템]]",17-5-마이크로서비스.md,"클라우드·분산시스템 문제에서는 관측성의 정의만 쓰지 말고 관련 개념(장애 격리, 서킷 브레이커, 로그)과 비교·차이를 함께 쓰면 가점을 받기 쉽다."
CS-184,오픈뱅킹,Open Banking,금융IT·신기술,O,ㅇ,"오픈뱅킹(오픈뱅킹)은/는 금융IT·신기술 영역의 핵심 개념으로, 금융 인프라, 규제, 지급결제, 디지털 자산과 IT 기술의 접점을 설명한다.","오픈뱅킹(오픈뱅킹)은/는 금융IT·신기술 영역의 핵심 개념으로, 금융 인프라, 규제, 지급결제, 디지털 자산과 IT 기술의 접점을 설명한다. 기술적 구조뿐 아니라 규제, 신뢰, 장애 리스크, 소비자 보호 관점을 함께 설명해야 한다. 연계 개념은 [[핀테크]], [[마이데이터]], [[전자금융]], [[지급결제]], [[보안]]이며, 학습 시 ""정의 → 동작 원리 → 장단점 → 적용 사례"" 순서로 정리하면 좋다.","[[핀테크]], [[마이데이터]], [[전자금융]], [[지급결제]], [[보안]]",15-1-핀테크-오픈뱅킹-마이데이터.md; 18-4-금융IT-미래-이슈.md; 20-3-금융결제원-면접.md,"금융IT·신기술 문제에서는 오픈뱅킹의 정의만 쓰지 말고 관련 개념(핀테크, 마이데이터, 전자금융)과 비교·차이를 함께 쓰면 가점을 받기 쉽다."
CS-185,운영체제,Operating System,운영체제,O,ㅇ,"운영체제(Operating System)은/는 운영체제 영역의 핵심 개념으로, CPU, 메모리, 파일, 입출력 자원을 공정하고 효율적으로 배분하는 기반 지식이다.","운영체제(Operating System)은/는 운영체제 영역의 핵심 개념으로, CPU, 메모리, 파일, 입출력 자원을 공정하고 효율적으로 배분하는 기반 지식이다. 답안에서는 상태 전이, 자료구조(큐·테이블), 오버헤드와 처리량/응답시간의 트레이드오프를 함께 적으면 완성도가 높다. 연계 개념은 [[커널]], [[시스템 콜]], [[프로세스]], [[스레드]], [[메모리 관리]]이며, 학습 시 ""정의 → 동작 원리 → 장단점 → 적용 사례"" 순서로 정리하면 좋다.","[[커널]], [[시스템 콜]], [[프로세스]], [[스레드]], [[메모리 관리]]",05-09-운영체제-기출-모음.md; 14-컴퓨터구조-심화.md; 04-IT-필기-핵심정리.md,"운영체제 문제에서는 운영체제의 정의만 쓰지 말고 관련 개념(커널, 시스템 콜, 프로세스)과 비교·차이를 함께 쓰면 가점을 받기 쉽다."
CS-186,Optimal 페이지 교체,Optimal 페이지 교체,운영체제,O,O,"Optimal 페이지 교체(Optimal 페이지 교체)은/는 운영체제 영역의 핵심 개념으로, CPU, 메모리, 파일, 입출력 자원을 공정하고 효율적으로 배분하는 기반 지식이다.","Optimal 페이지 교체(Optimal 페이지 교체)은/는 운영체제 영역의 핵심 개념으로, CPU, 메모리, 파일, 입출력 자원을 공정하고 효율적으로 배분하는 기반 지식이다. 답안에서는 상태 전이, 자료구조(큐·테이블), 오버헤드와 처리량/응답시간의 트레이드오프를 함께 적으면 완성도가 높다. 연계 개념은 [[FIFO 페이지 교체]], [[LRU]], [[스래싱]], [[워킹 세트]], [[프로세스]]이며, 학습 시 ""정의 → 동작 원리 → 장단점 → 적용 사례"" 순서로 정리하면 좋다.","[[FIFO 페이지 교체]], [[LRU]], [[스래싱]], [[워킹 세트]], [[프로세스]]",보강 개념(페이지 직접 언급 없음),"운영체제 문제에서는 Optimal 페이지 교체의 정의만 쓰지 말고 관련 개념(FIFO 페이지 교체, LRU, 스래싱)과 비교·차이를 함께 쓰면 가점을 받기 쉽다."
CS-187,오케스트레이션,Orchestration,클라우드·분산시스템,O,ㅇ,"오케스트레이션(오케스트레이션)은/는 클라우드·분산시스템 영역의 핵심 개념으로, 확장성, 장애 허용, 일관성, 운영 자동화를 다루는 현대 인프라 핵심이다.","오케스트레이션(오케스트레이션)은/는 클라우드·분산시스템 영역의 핵심 개념으로, 확장성, 장애 허용, 일관성, 운영 자동화를 다루는 현대 인프라 핵심이다. 단일 노드 설계와 달리 네트워크 분할, 장애 전파, 재시도, 중복 처리, 관측 가능성을 전제로 설계해야 한다. 연계 개념은 [[Docker]], [[Kubernetes]], [[IaaS]], [[PaaS]], [[분산 시스템]]이며, 학습 시 ""정의 → 동작 원리 → 장단점 → 적용 사례"" 순서로 정리하면 좋다.","[[Docker]], [[Kubernetes]], [[IaaS]], [[PaaS]], [[분산 시스템]]",17-2-컨테이너.md; 17-클라우드-분산-시스템-심화.md,"클라우드·분산시스템 문제에서는 오케스트레이션의 정의만 쓰지 말고 관련 개념(Docker, Kubernetes, IaaS)과 비교·차이를 함께 쓰면 가점을 받기 쉽다."
CS-188,ORDER BY,ORDER BY,데이터베이스,O,O,"ORDER BY(ORDER BY)은/는 데이터베이스 영역의 핵심 개념으로, 데이터 저장·검색·무결성·동시성의 관점에서 금융권 거래 원장과 고객 데이터 품질을 좌우한다.","ORDER BY(ORDER BY)은/는 데이터베이스 영역의 핵심 개념으로, 데이터 저장·검색·무결성·동시성의 관점에서 금융권 거래 원장과 고객 데이터 품질을 좌우한다. 시험에서는 정의만이 아니라 이상현상, 정규화, 인덱스 성능, 트랜잭션 격리 수준과 함께 묶어 서술하는 것이 좋다. 연계 개념은 [[GROUP BY]], [[HAVING]], [[JOIN]], [[서브쿼리]], [[SQL]]이며, 학습 시 ""정의 → 동작 원리 → 장단점 → 적용 사례"" 순서로 정리하면 좋다.","[[GROUP BY]], [[HAVING]], [[JOIN]], [[서브쿼리]], [[SQL]]",07-05-인덱스와-동시성.md; 07-03-SQL.md; 05-02-기업은행-기출.md,"데이터베이스 문제에서는 ORDER BY의 정의만 쓰지 말고 관련 개념(GROUP BY, HAVING, JOIN)과 비교·차이를 함께 쓰면 가점을 받기 쉽다."
CS-189,OSI 7계층,OSI Seven Layers,네트워크,O,O,"OSI 7계층(OSI Seven Layers)은/는 네트워크 통신에서 주소 지정, 경로 선택, 신뢰성, 이름 해석 또는 보안 채널을 구성하는 핵심 요소이다.","OSI 7계층(OSI Seven Layers)은/는 네트워크 통신에서 주소 지정, 경로 선택, 신뢰성, 이름 해석 또는 보안 채널을 구성하는 핵심 요소이다. 프로토콜의 위치 계층, 헤더에 담기는 식별자, 연결 수립/해제 흐름, 장애 시 진단 명령을 연결해 이해해야 한다. 연계 개념은 [[TCP/IP 모델]], [[물리 계층]], [[TCP]], [[IP]], [[DNS]]이며, 학습 시 ""정의 → 동작 원리 → 장단점 → 적용 사례"" 순서로 정리하면 좋다.","[[TCP/IP 모델]], [[물리 계층]], [[TCP]], [[IP]], [[DNS]]",04-04-네트워크-프로토콜-보안.md; 08-01-OSI와-TCP-IP.md; 08-네트워크.md,"네트워크 문제에서는 OSI 7계층의 정의만 쓰지 말고 관련 개념(TCP/IP 모델, 물리 계층, TCP)과 비교·차이를 함께 쓰면 가점을 받기 쉽다."
CS-190,OSPF,OSPF,네트워크,O,O,"OSPF(OSPF)은/는 네트워크 통신에서 주소 지정, 경로 선택, 신뢰성, 이름 해석 또는 보안 채널을 구성하는 핵심 요소이다.","OSPF(OSPF)은/는 네트워크 통신에서 주소 지정, 경로 선택, 신뢰성, 이름 해석 또는 보안 채널을 구성하는 핵심 요소이다. 프로토콜의 위치 계층, 헤더에 담기는 식별자, 연결 수립/해제 흐름, 장애 시 진단 명령을 연결해 이해해야 한다. 연계 개념은 [[동적 라우팅]], [[RIP]], [[BGP]], [[NAT]], [[TCP]]이며, 학습 시 ""정의 → 동작 원리 → 장단점 → 적용 사례"" 순서로 정리하면 좋다.","[[동적 라우팅]], [[RIP]], [[BGP]], [[NAT]], [[TCP]]",08-04-라우팅과-서브넷.md; 05-11-네트워크-기출-모음.md; 05-02-기업은행-기출.md,"네트워크 문제에서는 OSPF의 정의만 쓰지 말고 관련 개념(동적 라우팅, RIP, BGP)과 비교·차이를 함께 쓰면 가점을 받기 쉽다."
CS-191,이상치,Outlier,인공지능·데이터,O,ㅇ,이상치(이상치)은/는 데이터 중복과 갱신 이상을 줄이기 위해 릴레이션 구조와 속성 의존 관계를 분석하는 개념이다.,"이상치(이상치)은/는 데이터 중복과 갱신 이상을 줄이기 위해 릴레이션 구조와 속성 의존 관계를 분석하는 개념이다. 데이터 누수, 편향, 평가 지표 선택, 운영 중 성능 저하를 함께 고려해야 실제 금융 AI 적용에 적합하다. 연계 개념은 [[특성 공학]], [[데이터 전처리]], [[결측치]], [[빅데이터]], [[머신러닝]]이며, 학습 시 ""정의 → 동작 원리 → 장단점 → 적용 사례"" 순서로 정리하면 좋다.","[[특성 공학]], [[데이터 전처리]], [[결측치]], [[빅데이터]], [[머신러닝]]",19-5-한국거래소-자소서.md,"인공지능·데이터 문제에서는 이상치의 정의만 쓰지 말고 관련 개념(특성 공학, 데이터 전처리, 결측치)과 비교·차이를 함께 쓰면 가점을 받기 쉽다."
CS-192,출력 인코딩,Output Encoding,보안,O,ㅊ,출력 인코딩(출력 인코딩)은/는 정보 자산을 보호하거나 공격자가 악용하는 취약 지점을 설명하는 보안 개념이다.,"출력 인코딩(출력 인코딩)은/는 정보 자산을 보호하거나 공격자가 악용하는 취약 지점을 설명하는 보안 개념이다. 공격 원리, 영향, 탐지 단서, 예방·탐지·대응 통제를 구분해 쓰면 금융 보안 답안에 적합하다. 연계 개념은 [[보안 코딩]], [[입력 검증]], [[최소 권한 원칙]], [[인증]], [[암호화]]이며, 학습 시 ""정의 → 동작 원리 → 장단점 → 적용 사례"" 순서로 정리하면 좋다.","[[보안 코딩]], [[입력 검증]], [[최소 권한 원칙]], [[인증]], [[암호화]]",10-03-01-XSS-SQL-Injection.md; 10-03-00-웹-네트워크-공격.md,"보안 문제에서는 출력 인코딩의 정의만 쓰지 말고 관련 개념(보안 코딩, 입력 검증, 최소 권한 원칙)과 비교·차이를 함께 쓰면 가점을 받기 쉽다."
CS-193,과적합,Overfitting,인공지능·데이터,O,ㄱ,"과적합(과적합)은/는 데이터 기반 예측·분류·분석 과정에서 모델, 학습 방법, 평가 또는 전처리를 설명하는 개념이다.","과적합(과적합)은/는 데이터 기반 예측·분류·분석 과정에서 모델, 학습 방법, 평가 또는 전처리를 설명하는 개념이다. 데이터 누수, 편향, 평가 지표 선택, 운영 중 성능 저하를 함께 고려해야 실제 금융 AI 적용에 적합하다. 연계 개념은 [[텍스트 마이닝]], [[추천 시스템]], [[과소적합]], [[정규화 기법]], [[머신러닝]]이며, 학습 시 ""정의 → 동작 원리 → 장단점 → 적용 사례"" 순서로 정리하면 좋다.","[[텍스트 마이닝]], [[추천 시스템]], [[과소적합]], [[정규화 기법]], [[머신러닝]]",02-01-기본-전제와-일정.md; 16-인공지능-기계학습.md,"인공지능·데이터 문제에서는 과적합의 정의만 쓰지 말고 관련 개념(텍스트 마이닝, 추천 시스템, 과소적합)과 비교·차이를 함께 쓰면 가점을 받기 쉽다."
CS-194,2PC,2PC,클라우드·분산시스템,P,2,"2PC(2PC)은/는 클라우드·분산시스템 영역의 핵심 개념으로, 확장성, 장애 허용, 일관성, 운영 자동화를 다루는 현대 인프라 핵심이다.","2PC(2PC)은/는 클라우드·분산시스템 영역의 핵심 개념으로, 확장성, 장애 허용, 일관성, 운영 자동화를 다루는 현대 인프라 핵심이다. 단일 노드 설계와 달리 네트워크 분할, 장애 전파, 재시도, 중복 처리, 관측 가능성을 전제로 설계해야 한다. 연계 개념은 [[이벤트 기반 아키텍처]], [[분산 트랜잭션]], [[사가 패턴]], [[멱등성]], [[분산 시스템]]이며, 학습 시 ""정의 → 동작 원리 → 장단점 → 적용 사례"" 순서로 정리하면 좋다.","[[이벤트 기반 아키텍처]], [[분산 트랜잭션]], [[사가 패턴]], [[멱등성]], [[분산 시스템]]",17-클라우드-분산-시스템-심화.md; 17-3-분산-시스템-이론.md,"클라우드·분산시스템 문제에서는 2PC의 정의만 쓰지 말고 관련 개념(이벤트 기반 아키텍처, 분산 트랜잭션, 사가 패턴)과 비교·차이를 함께 쓰면 가점을 받기 쉽다."
CS-195,PaaS,PaaS,클라우드·분산시스템,P,P,"PaaS(PaaS)은/는 클라우드·분산시스템 영역의 핵심 개념으로, 확장성, 장애 허용, 일관성, 운영 자동화를 다루는 현대 인프라 핵심이다.","PaaS(PaaS)은/는 클라우드·분산시스템 영역의 핵심 개념으로, 확장성, 장애 허용, 일관성, 운영 자동화를 다루는 현대 인프라 핵심이다. 단일 노드 설계와 달리 네트워크 분할, 장애 전파, 재시도, 중복 처리, 관측 가능성을 전제로 설계해야 한다. 연계 개념은 [[오케스트레이션]], [[IaaS]], [[SaaS]], [[퍼블릭 클라우드]], [[분산 시스템]]이며, 학습 시 ""정의 → 동작 원리 → 장단점 → 적용 사례"" 순서로 정리하면 좋다.","[[오케스트레이션]], [[IaaS]], [[SaaS]], [[퍼블릭 클라우드]], [[분산 시스템]]",04-02-프로그래밍-SQL-분산-클라우드.md; 05-03-대구은행-기출.md; 17-클라우드-분산-시스템-심화.md,"클라우드·분산시스템 문제에서는 PaaS의 정의만 쓰지 말고 관련 개념(오케스트레이션, IaaS, SaaS)과 비교·차이를 함께 쓰면 가점을 받기 쉽다."
CS-196,페이지 폴트,Page Fault,운영체제,P,ㅍ,페이지 폴트(Page Fault)은/는 물리 메모리보다 큰 주소 공간을 효율적으로 제공하고 주소 변환 비용을 관리하는 메모리 관리 개념이다.,"페이지 폴트(Page Fault)은/는 물리 메모리보다 큰 주소 공간을 효율적으로 제공하고 주소 변환 비용을 관리하는 메모리 관리 개념이다. 답안에서는 상태 전이, 자료구조(큐·테이블), 오버헤드와 처리량/응답시간의 트레이드오프를 함께 적으면 완성도가 높다. 연계 개념은 [[가상 메모리]], [[요구 페이징]], [[페이지 교체]], [[FIFO 페이지 교체]], [[프로세스]]이며, 학습 시 ""정의 → 동작 원리 → 장단점 → 적용 사례"" 순서로 정리하면 좋다.","[[가상 메모리]], [[요구 페이징]], [[페이지 교체]], [[FIFO 페이지 교체]], [[프로세스]]",05-09-운영체제-기출-모음.md; 05-08-산업은행-기출.md; 06-01-00-프로세스와-스레드.md,"운영체제 문제에서는 페이지 폴트의 정의만 쓰지 말고 관련 개념(가상 메모리, 요구 페이징, 페이지 교체)과 비교·차이를 함께 쓰면 가점을 받기 쉽다."
CS-197,페이징,Paging,운영체제,P,ㅍ,페이징(Paging)은/는 물리 메모리보다 큰 주소 공간을 효율적으로 제공하고 주소 변환 비용을 관리하는 메모리 관리 개념이다.,"페이징(Paging)은/는 물리 메모리보다 큰 주소 공간을 효율적으로 제공하고 주소 변환 비용을 관리하는 메모리 관리 개념이다. 답안에서는 상태 전이, 자료구조(큐·테이블), 오버헤드와 처리량/응답시간의 트레이드오프를 함께 적으면 완성도가 높다. 연계 개념은 [[논리 주소]], [[물리 주소]], [[페이지]], [[프레임]], [[프로세스]]이며, 학습 시 ""정의 → 동작 원리 → 장단점 → 적용 사례"" 순서로 정리하면 좋다.","[[논리 주소]], [[물리 주소]], [[페이지]], [[프레임]], [[프로세스]]",05-14-06-한국은행-2022-컴퓨터공학-학술-파트-I.md; 05-09-운영체제-기출-모음.md; 05-08-산업은행-기출.md,"운영체제 문제에서는 페이징의 정의만 쓰지 말고 관련 개념(논리 주소, 물리 주소, 페이지)과 비교·차이를 함께 쓰면 가점을 받기 쉽다."
CS-198,파티셔닝,Partitioning,클라우드·분산시스템,P,ㅍ,"파티셔닝(파티셔닝)은/는 클라우드·분산시스템 영역의 핵심 개념으로, 확장성, 장애 허용, 일관성, 운영 자동화를 다루는 현대 인프라 핵심이다.","파티셔닝(파티셔닝)은/는 클라우드·분산시스템 영역의 핵심 개념으로, 확장성, 장애 허용, 일관성, 운영 자동화를 다루는 현대 인프라 핵심이다. 단일 노드 설계와 달리 네트워크 분할, 장애 전파, 재시도, 중복 처리, 관측 가능성을 전제로 설계해야 한다. 연계 개념은 [[복제]], [[샤딩]], [[로드 밸런싱]], [[메시지 큐]], [[분산 시스템]]이며, 학습 시 ""정의 → 동작 원리 → 장단점 → 적용 사례"" 순서로 정리하면 좋다.","[[복제]], [[샤딩]], [[로드 밸런싱]], [[메시지 큐]], [[분산 시스템]]",보강 개념(페이지 직접 언급 없음),"클라우드·분산시스템 문제에서는 파티셔닝의 정의만 쓰지 말고 관련 개념(복제, 샤딩, 로드 밸런싱)과 비교·차이를 함께 쓰면 가점을 받기 쉽다."
CS-199,지급결제,Payment and Settlement,금융IT·신기술,P,ㅈ,"지급결제(지급결제)은/는 금융IT·신기술 영역의 핵심 개념으로, 금융 인프라, 규제, 지급결제, 디지털 자산과 IT 기술의 접점을 설명한다.","지급결제(지급결제)은/는 금융IT·신기술 영역의 핵심 개념으로, 금융 인프라, 규제, 지급결제, 디지털 자산과 IT 기술의 접점을 설명한다. 기술적 구조뿐 아니라 규제, 신뢰, 장애 리스크, 소비자 보호 관점을 함께 설명해야 한다. 연계 개념은 [[마이데이터]], [[전자금융]], [[청산]], [[결제]], [[보안]]이며, 학습 시 ""정의 → 동작 원리 → 장단점 → 적용 사례"" 순서로 정리하면 좋다.","[[마이데이터]], [[전자금융]], [[청산]], [[결제]], [[보안]]",03-01-지원동기.md; 19-3-금융결제원-자소서.md; 15-금융-도메인-지식.md,"금융IT·신기술 문제에서는 지급결제의 정의만 쓰지 말고 관련 개념(마이데이터, 전자금융, 청산)과 비교·차이를 함께 쓰면 가점을 받기 쉽다."
CS-200,PCB,PCB,운영체제,P,P,"PCB(PCB)은/는 운영체제 영역의 핵심 개념으로, CPU, 메모리, 파일, 입출력 자원을 공정하고 효율적으로 배분하는 기반 지식이다.","PCB(PCB)은/는 운영체제 영역의 핵심 개념으로, CPU, 메모리, 파일, 입출력 자원을 공정하고 효율적으로 배분하는 기반 지식이다. 답안에서는 상태 전이, 자료구조(큐·테이블), 오버헤드와 처리량/응답시간의 트레이드오프를 함께 적으면 완성도가 높다. 연계 개념은 [[스레드]], [[멀티스레딩]], [[문맥 교환]], [[프로세스 상태]], [[프로세스]]이며, 학습 시 ""정의 → 동작 원리 → 장단점 → 적용 사례"" 순서로 정리하면 좋다.","[[스레드]], [[멀티스레딩]], [[문맥 교환]], [[프로세스 상태]], [[프로세스]]",06-02-02-선점형과-비선점형.md; 06-01-00-프로세스와-스레드.md; 06-01-01-프로세스-상태와-PCB.md,"운영체제 문제에서는 PCB의 정의만 쓰지 말고 관련 개념(스레드, 멀티스레딩, 문맥 교환)과 비교·차이를 함께 쓰면 가점을 받기 쉽다."
CS-201,퍼셉트론,Perceptron,인공지능·데이터,P,ㅍ,"퍼셉트론(퍼셉트론)은/는 데이터 기반 예측·분류·분석 과정에서 모델, 학습 방법, 평가 또는 전처리를 설명하는 개념이다.","퍼셉트론(퍼셉트론)은/는 데이터 기반 예측·분류·분석 과정에서 모델, 학습 방법, 평가 또는 전처리를 설명하는 개념이다. 데이터 누수, 편향, 평가 지표 선택, 운영 중 성능 저하를 함께 고려해야 실제 금융 AI 적용에 적합하다. 연계 개념은 [[나이브 베이즈]], [[신경망]], [[딥러닝]], [[CNN]], [[머신러닝]]이며, 학습 시 ""정의 → 동작 원리 → 장단점 → 적용 사례"" 순서로 정리하면 좋다.","[[나이브 베이즈]], [[신경망]], [[딥러닝]], [[CNN]], [[머신러닝]]",04-01-빅데이터-블록체인-머신러닝.md; 05-14-08-한국은행-2023-컴퓨터공학-학술-파트-I.md,"인공지능·데이터 문제에서는 퍼셉트론의 정의만 쓰지 말고 관련 개념(나이브 베이즈, 신경망, 딥러닝)과 비교·차이를 함께 쓰면 가점을 받기 쉽다."
CS-202,PERT,PERT,소프트웨어공학,P,P,"PERT(PERT)은/는 소프트웨어공학 영역의 핵심 개념으로, 요구사항을 안정적인 소프트웨어로 전환하고 변경 비용을 낮추는 방법론이다.","PERT(PERT)은/는 소프트웨어공학 영역의 핵심 개념으로, 요구사항을 안정적인 소프트웨어로 전환하고 변경 비용을 낮추는 방법론이다. 산출물, 장단점, 적용 상황, 품질 속성에 미치는 영향을 함께 설명하면 면접·논술 답안으로 확장하기 쉽다. 연계 개념은 [[COCOMO]], [[CPM]], [[테스트]], [[형상 관리]], [[요구사항 분석]]이며, 학습 시 ""정의 → 동작 원리 → 장단점 → 적용 사례"" 순서로 정리하면 좋다.","[[COCOMO]], [[CPM]], [[테스트]], [[형상 관리]], [[요구사항 분석]]",04-IT-필기-핵심정리.md; 08-03-HTTP-DNS-TLS.md; 02-01-기본-전제와-일정.md,"소프트웨어공학 문제에서는 PERT의 정의만 쓰지 말고 관련 개념(COCOMO, CPM, 테스트)과 비교·차이를 함께 쓰면 가점을 받기 쉽다."
CS-203,파밍,Pharming,보안,P,ㅍ,파밍(파밍)은/는 정보 자산을 보호하거나 공격자가 악용하는 취약 지점을 설명하는 보안 개념이다.,"파밍(파밍)은/는 정보 자산을 보호하거나 공격자가 악용하는 취약 지점을 설명하는 보안 개념이다. 공격 원리, 영향, 탐지 단서, 예방·탐지·대응 통제를 구분해 쓰면 금융 보안 답안에 적합하다. 연계 개념은 [[피싱]], [[스미싱]], [[사회공학]], [[XSS]], [[인증]]이며, 학습 시 ""정의 → 동작 원리 → 장단점 → 적용 사례"" 순서로 정리하면 좋다.","[[피싱]], [[스미싱]], [[사회공학]], [[XSS]], [[인증]]",05-01-우리은행-기출.md; 04-04-네트워크-프로토콜-보안.md; 05-12-보안-기출-모음.md,"보안 문제에서는 파밍의 정의만 쓰지 말고 관련 개념(피싱, 스미싱, 사회공학)과 비교·차이를 함께 쓰면 가점을 받기 쉽다."
CS-204,피싱,Phishing,보안,P,ㅍ,피싱(피싱)은/는 정보 자산을 보호하거나 공격자가 악용하는 취약 지점을 설명하는 보안 개념이다.,"피싱(피싱)은/는 정보 자산을 보호하거나 공격자가 악용하는 취약 지점을 설명하는 보안 개념이다. 공격 원리, 영향, 탐지 단서, 예방·탐지·대응 통제를 구분해 쓰면 금융 보안 답안에 적합하다. 연계 개념은 [[트로이목마]], [[랜섬웨어]], [[스미싱]], [[파밍]], [[인증]]이며, 학습 시 ""정의 → 동작 원리 → 장단점 → 적용 사례"" 순서로 정리하면 좋다.","[[트로이목마]], [[랜섬웨어]], [[스미싱]], [[파밍]], [[인증]]",10-03-01-XSS-SQL-Injection.md; 05-01-우리은행-기출.md; 04-04-네트워크-프로토콜-보안.md,"보안 문제에서는 피싱의 정의만 쓰지 말고 관련 개념(트로이목마, 랜섬웨어, 스미싱)과 비교·차이를 함께 쓰면 가점을 받기 쉽다."
CS-205,Ping,Ping,네트워크,P,P,"Ping(Ping)은/는 네트워크 통신에서 주소 지정, 경로 선택, 신뢰성, 이름 해석 또는 보안 채널을 구성하는 핵심 요소이다.","Ping(Ping)은/는 네트워크 통신에서 주소 지정, 경로 선택, 신뢰성, 이름 해석 또는 보안 채널을 구성하는 핵심 요소이다. 프로토콜의 위치 계층, 헤더에 담기는 식별자, 연결 수립/해제 흐름, 장애 시 진단 명령을 연결해 이해해야 한다. 연계 개념은 [[NAT]], [[ICMP]], [[TCP]], [[UDP]], [[IP]]이며, 학습 시 ""정의 → 동작 원리 → 장단점 → 적용 사례"" 순서로 정리하면 좋다.","[[NAT]], [[ICMP]], [[TCP]], [[UDP]], [[IP]]",05-14-06-한국은행-2022-컴퓨터공학-학술-파트-I.md; 05-08-산업은행-기출.md; 14-4-입출력-시스템.md,"네트워크 문제에서는 Ping의 정의만 쓰지 말고 관련 개념(NAT, ICMP, TCP)과 비교·차이를 함께 쓰면 가점을 받기 쉽다."
CS-206,PKI,PKI,보안,P,P,PKI(PKI)은/는 정보 자산을 보호하거나 공격자가 악용하는 취약 지점을 설명하는 보안 개념이다.,"PKI(PKI)은/는 정보 자산을 보호하거나 공격자가 악용하는 취약 지점을 설명하는 보안 개념이다. 공격 원리, 영향, 탐지 단서, 예방·탐지·대응 통제를 구분해 쓰면 금융 보안 답안에 적합하다. 연계 개념은 [[해시]], [[전자서명]], [[공개키 기반구조]], [[대칭키 암호화]], [[인증]]이며, 학습 시 ""정의 → 동작 원리 → 장단점 → 적용 사례"" 순서로 정리하면 좋다.","[[해시]], [[전자서명]], [[공개키 기반구조]], [[대칭키 암호화]], [[인증]]",10-02-인증-인가-접근통제.md,"보안 문제에서는 PKI의 정의만 쓰지 말고 관련 개념(해시, 전자서명, 공개키 기반구조)과 비교·차이를 함께 쓰면 가점을 받기 쉽다."
CS-207,다형성,Polymorphism,프로그래밍 언어,P,ㄷ,"다형성(Polymorphism)은/는 프로그래밍 언어 영역의 핵심 개념으로, 코드 실행 방식, 메모리 모델, 객체지향·함수형 추상화를 이해하는 데 필요하다.","다형성(Polymorphism)은/는 프로그래밍 언어 영역의 핵심 개념으로, 코드 실행 방식, 메모리 모델, 객체지향·함수형 추상화를 이해하는 데 필요하다. 컴파일/실행 시점, 메모리 할당 위치, 타입 검사 방식, 다형성의 바인딩 시점을 비교해 설명하는 문제가 자주 나온다. 연계 개념은 [[캡슐화]], [[상속]], [[추상화]], [[오버로딩]], [[컴파일러]]이며, 학습 시 ""정의 → 동작 원리 → 장단점 → 적용 사례"" 순서로 정리하면 좋다.","[[캡슐화]], [[상속]], [[추상화]], [[오버로딩]], [[컴파일러]]",05-14-12-한국은행-2025-컴퓨터공학-학술-2-프로그래밍-언어-객체지향-개념.md,"프로그래밍 언어 문제에서는 다형성의 정의만 쓰지 말고 관련 개념(캡슐화, 상속, 추상화)과 비교·차이를 함께 쓰면 가점을 받기 쉽다."
CS-208,양자내성암호,Post-Quantum Cryptography,금융IT·신기술,P,ㅇ,"양자내성암호(양자내성암호)은/는 금융IT·신기술 영역의 핵심 개념으로, 금융 인프라, 규제, 지급결제, 디지털 자산과 IT 기술의 접점을 설명한다.","양자내성암호(양자내성암호)은/는 금융IT·신기술 영역의 핵심 개념으로, 금융 인프라, 규제, 지급결제, 디지털 자산과 IT 기술의 접점을 설명한다. 기술적 구조뿐 아니라 규제, 신뢰, 장애 리스크, 소비자 보호 관점을 함께 설명해야 한다. 연계 개념은 [[오픈 API]], [[양자컴퓨팅]], [[동형암호]], [[영지식 증명]], [[전자금융]]이며, 학습 시 ""정의 → 동작 원리 → 장단점 → 적용 사례"" 순서로 정리하면 좋다.","[[오픈 API]], [[양자컴퓨팅]], [[동형암호]], [[영지식 증명]], [[전자금융]]",18-최신-IT-트렌드-금융IT-이슈.md,"금융IT·신기술 문제에서는 양자내성암호의 정의만 쓰지 말고 관련 개념(오픈 API, 양자컴퓨팅, 동형암호)과 비교·차이를 함께 쓰면 가점을 받기 쉽다."
CS-209,정밀도,Precision,인공지능·데이터,P,ㅈ,"정밀도(정밀도)은/는 데이터 기반 예측·분류·분석 과정에서 모델, 학습 방법, 평가 또는 전처리를 설명하는 개념이다.","정밀도(정밀도)은/는 데이터 기반 예측·분류·분석 과정에서 모델, 학습 방법, 평가 또는 전처리를 설명하는 개념이다. 데이터 누수, 편향, 평가 지표 선택, 운영 중 성능 저하를 함께 고려해야 실제 금융 AI 적용에 적합하다. 연계 개념은 [[혼동 행렬]], [[정확도]], [[재현율]], [[F1 점수]], [[머신러닝]]이며, 학습 시 ""정의 → 동작 원리 → 장단점 → 적용 사례"" 순서로 정리하면 좋다.","[[혼동 행렬]], [[정확도]], [[재현율]], [[F1 점수]], [[머신러닝]]",05-14-33-한국은행-2026-컴퓨터공학-학술-8-머신-러닝.md,"인공지능·데이터 문제에서는 정밀도의 정의만 쓰지 말고 관련 개념(혼동 행렬, 정확도, 재현율)과 비교·차이를 함께 쓰면 가점을 받기 쉽다."
CS-210,기본키,Primary Key,데이터베이스,P,ㄱ,기본키(Primary Key)은/는 릴레이션에서 튜플을 식별하거나 테이블 간 참조 관계를 유지하는 식별자 개념이다.,"기본키(Primary Key)은/는 릴레이션에서 튜플을 식별하거나 테이블 간 참조 관계를 유지하는 식별자 개념이다. 시험에서는 정의만이 아니라 이상현상, 정규화, 인덱스 성능, 트랜잭션 격리 수준과 함께 묶어 서술하는 것이 좋다. 연계 개념은 [[슈퍼키]], [[후보키]], [[대체키]], [[외래키]], [[SQL]]이며, 학습 시 ""정의 → 동작 원리 → 장단점 → 적용 사례"" 순서로 정리하면 좋다.","[[슈퍼키]], [[후보키]], [[대체키]], [[외래키]], [[SQL]]",05-14-06-한국은행-2022-컴퓨터공학-학술-파트-I.md; 05-14-11-한국은행-2025-컴퓨터공학-학술-1-데이터베이스.md; 07-01-02-키와-무결성.md,"데이터베이스 문제에서는 기본키의 정의만 쓰지 말고 관련 개념(슈퍼키, 후보키, 대체키)과 비교·차이를 함께 쓰면 가점을 받기 쉽다."
CS-211,최소 권한 원칙,Principle of Least Privilege,보안,P,ㅊ,최소 권한 원칙(최소 권한 원칙)은/는 정보 자산을 보호하거나 공격자가 악용하는 취약 지점을 설명하는 보안 개념이다.,"최소 권한 원칙(최소 권한 원칙)은/는 정보 자산을 보호하거나 공격자가 악용하는 취약 지점을 설명하는 보안 개념이다. 공격 원리, 영향, 탐지 단서, 예방·탐지·대응 통제를 구분해 쓰면 금융 보안 답안에 적합하다. 연계 개념은 [[입력 검증]], [[출력 인코딩]], [[인증]], [[암호화]], [[접근통제]]이며, 학습 시 ""정의 → 동작 원리 → 장단점 → 적용 사례"" 순서로 정리하면 좋다.","[[입력 검증]], [[출력 인코딩]], [[인증]], [[암호화]], [[접근통제]]",보강 개념(페이지 직접 언급 없음),"보안 문제에서는 최소 권한 원칙의 정의만 쓰지 말고 관련 개념(입력 검증, 출력 인코딩, 인증)과 비교·차이를 함께 쓰면 가점을 받기 쉽다."
CS-212,프라이빗 블록체인,Private Blockchain,금융IT·신기술,P,ㅍ,"프라이빗 블록체인(프라이빗 블록체인)은/는 금융IT·신기술 영역의 핵심 개념으로, 금융 인프라, 규제, 지급결제, 디지털 자산과 IT 기술의 접점을 설명한다.","프라이빗 블록체인(프라이빗 블록체인)은/는 금융IT·신기술 영역의 핵심 개념으로, 금융 인프라, 규제, 지급결제, 디지털 자산과 IT 기술의 접점을 설명한다. 기술적 구조뿐 아니라 규제, 신뢰, 장애 리스크, 소비자 보호 관점을 함께 설명해야 한다. 연계 개념은 [[작업증명]], [[지분증명]], [[퍼블릭 블록체인]], [[스마트 컨트랙트]], [[전자금융]]이며, 학습 시 ""정의 → 동작 원리 → 장단점 → 적용 사례"" 순서로 정리하면 좋다.","[[작업증명]], [[지분증명]], [[퍼블릭 블록체인]], [[스마트 컨트랙트]], [[전자금융]]",05-01-우리은행-기출.md; 04-01-빅데이터-블록체인-머신러닝.md,"금융IT·신기술 문제에서는 프라이빗 블록체인의 정의만 쓰지 말고 관련 개념(작업증명, 지분증명, 퍼블릭 블록체인)과 비교·차이를 함께 쓰면 가점을 받기 쉽다."
CS-213,프라이빗 클라우드,Private Cloud,클라우드·분산시스템,P,ㅍ,"프라이빗 클라우드(프라이빗 클라우드)은/는 클라우드·분산시스템 영역의 핵심 개념으로, 확장성, 장애 허용, 일관성, 운영 자동화를 다루는 현대 인프라 핵심이다.","프라이빗 클라우드(프라이빗 클라우드)은/는 클라우드·분산시스템 영역의 핵심 개념으로, 확장성, 장애 허용, 일관성, 운영 자동화를 다루는 현대 인프라 핵심이다. 단일 노드 설계와 달리 네트워크 분할, 장애 전파, 재시도, 중복 처리, 관측 가능성을 전제로 설계해야 한다. 연계 개념은 [[SaaS]], [[퍼블릭 클라우드]], [[하이브리드 클라우드]], [[오토스케일링]], [[분산 시스템]]이며, 학습 시 ""정의 → 동작 원리 → 장단점 → 적용 사례"" 순서로 정리하면 좋다.","[[SaaS]], [[퍼블릭 클라우드]], [[하이브리드 클라우드]], [[오토스케일링]], [[분산 시스템]]",04-02-프로그래밍-SQL-분산-클라우드.md; 05-07-금융감독원-기출.md,"클라우드·분산시스템 문제에서는 프라이빗 클라우드의 정의만 쓰지 말고 관련 개념(SaaS, 퍼블릭 클라우드, 하이브리드 클라우드)과 비교·차이를 함께 쓰면 가점을 받기 쉽다."
CS-214,프로세스,Process,운영체제,P,ㅍ,"프로세스(Process)은/는 운영체제 영역의 핵심 개념으로, CPU, 메모리, 파일, 입출력 자원을 공정하고 효율적으로 배분하는 기반 지식이다.","프로세스(Process)은/는 운영체제 영역의 핵심 개념으로, CPU, 메모리, 파일, 입출력 자원을 공정하고 효율적으로 배분하는 기반 지식이다. 답안에서는 상태 전이, 자료구조(큐·테이블), 오버헤드와 처리량/응답시간의 트레이드오프를 함께 적으면 완성도가 높다. 연계 개념은 [[커널]], [[시스템 콜]], [[스레드]], [[멀티스레딩]], [[메모리 관리]]이며, 학습 시 ""정의 → 동작 원리 → 장단점 → 적용 사례"" 순서로 정리하면 좋다.","[[커널]], [[시스템 콜]], [[스레드]], [[멀티스레딩]], [[메모리 관리]]",05-09-운영체제-기출-모음.md; 14-컴퓨터구조-심화.md; 05-08-산업은행-기출.md,"운영체제 문제에서는 프로세스의 정의만 쓰지 말고 관련 개념(커널, 시스템 콜, 스레드)과 비교·차이를 함께 쓰면 가점을 받기 쉽다."
CS-215,프로그래밍 언어,Programming Language,프로그래밍 언어,P,ㅍ,"프로그래밍 언어(Programming Language)은/는 프로그래밍 언어 영역의 핵심 개념으로, 코드 실행 방식, 메모리 모델, 객체지향·함수형 추상화를 이해하는 데 필요하다.","프로그래밍 언어(Programming Language)은/는 프로그래밍 언어 영역의 핵심 개념으로, 코드 실행 방식, 메모리 모델, 객체지향·함수형 추상화를 이해하는 데 필요하다. 컴파일/실행 시점, 메모리 할당 위치, 타입 검사 방식, 다형성의 바인딩 시점을 비교해 설명하는 문제가 자주 나온다. 연계 개념은 [[컴파일러]], [[인터프리터]], [[객체]], [[메모리 관리]]이며, 학습 시 ""정의 → 동작 원리 → 장단점 → 적용 사례"" 순서로 정리하면 좋다.","[[컴파일러]], [[인터프리터]], [[객체]], [[메모리 관리]]",04-IT-필기-핵심정리.md; 04-02-프로그래밍-SQL-분산-클라우드.md; 05-14-28-한국은행-2026-컴퓨터공학-학술-3-프로그래밍-언어.md,"프로그래밍 언어 문제에서는 프로그래밍 언어의 정의만 쓰지 말고 관련 개념(컴파일러, 인터프리터, 객체)과 비교·차이를 함께 쓰면 가점을 받기 쉽다."
CS-216,지분증명,Proof of Stake,금융IT·신기술,P,ㅈ,"지분증명(지분증명)은/는 금융IT·신기술 영역의 핵심 개념으로, 금융 인프라, 규제, 지급결제, 디지털 자산과 IT 기술의 접점을 설명한다.","지분증명(지분증명)은/는 금융IT·신기술 영역의 핵심 개념으로, 금융 인프라, 규제, 지급결제, 디지털 자산과 IT 기술의 접점을 설명한다. 기술적 구조뿐 아니라 규제, 신뢰, 장애 리스크, 소비자 보호 관점을 함께 설명해야 한다. 연계 개념은 [[합의 알고리즘]], [[작업증명]], [[프라이빗 블록체인]], [[퍼블릭 블록체인]], [[전자금융]]이며, 학습 시 ""정의 → 동작 원리 → 장단점 → 적용 사례"" 순서로 정리하면 좋다.","[[합의 알고리즘]], [[작업증명]], [[프라이빗 블록체인]], [[퍼블릭 블록체인]], [[전자금융]]",05-01-우리은행-기출.md; 04-01-빅데이터-블록체인-머신러닝.md,"금융IT·신기술 문제에서는 지분증명의 정의만 쓰지 말고 관련 개념(합의 알고리즘, 작업증명, 프라이빗 블록체인)과 비교·차이를 함께 쓰면 가점을 받기 쉽다."
CS-217,작업증명,Proof of Work,금융IT·신기술,P,ㅈ,"작업증명(작업증명)은/는 금융IT·신기술 영역의 핵심 개념으로, 금융 인프라, 규제, 지급결제, 디지털 자산과 IT 기술의 접점을 설명한다.","작업증명(작업증명)은/는 금융IT·신기술 영역의 핵심 개념으로, 금융 인프라, 규제, 지급결제, 디지털 자산과 IT 기술의 접점을 설명한다. 기술적 구조뿐 아니라 규제, 신뢰, 장애 리스크, 소비자 보호 관점을 함께 설명해야 한다. 연계 개념은 [[머클 트리]], [[합의 알고리즘]], [[지분증명]], [[프라이빗 블록체인]], [[전자금융]]이며, 학습 시 ""정의 → 동작 원리 → 장단점 → 적용 사례"" 순서로 정리하면 좋다.","[[머클 트리]], [[합의 알고리즘]], [[지분증명]], [[프라이빗 블록체인]], [[전자금융]]",05-01-우리은행-기출.md; 04-01-빅데이터-블록체인-머신러닝.md,"금융IT·신기술 문제에서는 작업증명의 정의만 쓰지 말고 관련 개념(머클 트리, 합의 알고리즘, 지분증명)과 비교·차이를 함께 쓰면 가점을 받기 쉽다."
CS-218,프로토타입 모델,Prototype Model,소프트웨어공학,P,ㅍ,"프로토타입 모델(프로토타입 모델)은/는 소프트웨어공학 영역의 핵심 개념으로, 요구사항을 안정적인 소프트웨어로 전환하고 변경 비용을 낮추는 방법론이다.","프로토타입 모델(프로토타입 모델)은/는 소프트웨어공학 영역의 핵심 개념으로, 요구사항을 안정적인 소프트웨어로 전환하고 변경 비용을 낮추는 방법론이다. 산출물, 장단점, 적용 상황, 품질 속성에 미치는 영향을 함께 설명하면 면접·논술 답안으로 확장하기 쉽다. 연계 개념은 [[소프트웨어 생명주기]], [[폭포수 모델]], [[나선형 모델]], [[애자일]], [[테스트]]이며, 학습 시 ""정의 → 동작 원리 → 장단점 → 적용 사례"" 순서로 정리하면 좋다.","[[소프트웨어 생명주기]], [[폭포수 모델]], [[나선형 모델]], [[애자일]], [[테스트]]",보강 개념(페이지 직접 언급 없음),"소프트웨어공학 문제에서는 프로토타입 모델의 정의만 쓰지 말고 관련 개념(소프트웨어 생명주기, 폭포수 모델, 나선형 모델)과 비교·차이를 함께 쓰면 가점을 받기 쉽다."
CS-219,퍼블릭 블록체인,Public Blockchain,금융IT·신기술,P,ㅍ,"퍼블릭 블록체인(퍼블릭 블록체인)은/는 금융IT·신기술 영역의 핵심 개념으로, 금융 인프라, 규제, 지급결제, 디지털 자산과 IT 기술의 접점을 설명한다.","퍼블릭 블록체인(퍼블릭 블록체인)은/는 금융IT·신기술 영역의 핵심 개념으로, 금융 인프라, 규제, 지급결제, 디지털 자산과 IT 기술의 접점을 설명한다. 기술적 구조뿐 아니라 규제, 신뢰, 장애 리스크, 소비자 보호 관점을 함께 설명해야 한다. 연계 개념은 [[지분증명]], [[프라이빗 블록체인]], [[스마트 컨트랙트]], [[DeFi]], [[전자금융]]이며, 학습 시 ""정의 → 동작 원리 → 장단점 → 적용 사례"" 순서로 정리하면 좋다.","[[지분증명]], [[프라이빗 블록체인]], [[스마트 컨트랙트]], [[DeFi]], [[전자금융]]",05-01-우리은행-기출.md; 05-03-대구은행-기출.md; 04-01-빅데이터-블록체인-머신러닝.md,"금융IT·신기술 문제에서는 퍼블릭 블록체인의 정의만 쓰지 말고 관련 개념(지분증명, 프라이빗 블록체인, 스마트 컨트랙트)과 비교·차이를 함께 쓰면 가점을 받기 쉽다."
CS-220,퍼블릭 클라우드,Public Cloud,클라우드·분산시스템,P,ㅍ,"퍼블릭 클라우드(퍼블릭 클라우드)은/는 클라우드·분산시스템 영역의 핵심 개념으로, 확장성, 장애 허용, 일관성, 운영 자동화를 다루는 현대 인프라 핵심이다.","퍼블릭 클라우드(퍼블릭 클라우드)은/는 클라우드·분산시스템 영역의 핵심 개념으로, 확장성, 장애 허용, 일관성, 운영 자동화를 다루는 현대 인프라 핵심이다. 단일 노드 설계와 달리 네트워크 분할, 장애 전파, 재시도, 중복 처리, 관측 가능성을 전제로 설계해야 한다. 연계 개념은 [[PaaS]], [[SaaS]], [[프라이빗 클라우드]], [[하이브리드 클라우드]], [[분산 시스템]]이며, 학습 시 ""정의 → 동작 원리 → 장단점 → 적용 사례"" 순서로 정리하면 좋다.","[[PaaS]], [[SaaS]], [[프라이빗 클라우드]], [[하이브리드 클라우드]], [[분산 시스템]]",04-02-프로그래밍-SQL-분산-클라우드.md,"클라우드·분산시스템 문제에서는 퍼블릭 클라우드의 정의만 쓰지 말고 관련 개념(PaaS, SaaS, 프라이빗 클라우드)과 비교·차이를 함께 쓰면 가점을 받기 쉽다."
CS-221,공개키 기반구조,Public Key Infrastructure,보안,P,ㄱ,공개키 기반구조(공개키 기반구조)은/는 정보 자산을 보호하거나 공격자가 악용하는 취약 지점을 설명하는 보안 개념이다.,"공개키 기반구조(공개키 기반구조)은/는 정보 자산을 보호하거나 공격자가 악용하는 취약 지점을 설명하는 보안 개념이다. 공격 원리, 영향, 탐지 단서, 예방·탐지·대응 통제를 구분해 쓰면 금융 보안 답안에 적합하다. 연계 개념은 [[전자서명]], [[PKI]], [[대칭키 암호화]], [[비대칭키 암호화]], [[인증]]이며, 학습 시 ""정의 → 동작 원리 → 장단점 → 적용 사례"" 순서로 정리하면 좋다.","[[전자서명]], [[PKI]], [[대칭키 암호화]], [[비대칭키 암호화]], [[인증]]",보강 개념(페이지 직접 언급 없음),"보안 문제에서는 공개키 기반구조의 정의만 쓰지 말고 관련 개념(전자서명, PKI, 대칭키 암호화)과 비교·차이를 함께 쓰면 가점을 받기 쉽다."
CS-222,QoS,QoS,네트워크,Q,Q,"QoS(QoS)은/는 네트워크 통신에서 주소 지정, 경로 선택, 신뢰성, 이름 해석 또는 보안 채널을 구성하는 핵심 요소이다.","QoS(QoS)은/는 네트워크 통신에서 주소 지정, 경로 선택, 신뢰성, 이름 해석 또는 보안 채널을 구성하는 핵심 요소이다. 프로토콜의 위치 계층, 헤더에 담기는 식별자, 연결 수립/해제 흐름, 장애 시 진단 명령을 연결해 이해해야 한다. 연계 개념은 [[VPN]], [[터널링]], [[로드 밸런서]], [[TCP]], [[IP]]이며, 학습 시 ""정의 → 동작 원리 → 장단점 → 적용 사례"" 순서로 정리하면 좋다.","[[VPN]], [[터널링]], [[로드 밸런서]], [[TCP]], [[IP]]",보강 개념(페이지 직접 언급 없음),"네트워크 문제에서는 QoS의 정의만 쓰지 말고 관련 개념(VPN, 터널링, 로드 밸런서)과 비교·차이를 함께 쓰면 가점을 받기 쉽다."
CS-223,양자컴퓨팅,Quantum Computing,금융IT·신기술,Q,ㅇ,"양자컴퓨팅(양자컴퓨팅)은/는 금융IT·신기술 영역의 핵심 개념으로, 금융 인프라, 규제, 지급결제, 디지털 자산과 IT 기술의 접점을 설명한다.","양자컴퓨팅(양자컴퓨팅)은/는 금융IT·신기술 영역의 핵심 개념으로, 금융 인프라, 규제, 지급결제, 디지털 자산과 IT 기술의 접점을 설명한다. 기술적 구조뿐 아니라 규제, 신뢰, 장애 리스크, 소비자 보호 관점을 함께 설명해야 한다. 연계 개념은 [[API 경제]], [[오픈 API]], [[양자내성암호]], [[동형암호]], [[전자금융]]이며, 학습 시 ""정의 → 동작 원리 → 장단점 → 적용 사례"" 순서로 정리하면 좋다.","[[API 경제]], [[오픈 API]], [[양자내성암호]], [[동형암호]], [[전자금융]]",18-3-양자컴퓨팅과-보안.md; 18-최신-IT-트렌드-금융IT-이슈.md,"금융IT·신기술 문제에서는 양자컴퓨팅의 정의만 쓰지 말고 관련 개념(API 경제, 오픈 API, 양자내성암호)과 비교·차이를 함께 쓰면 가점을 받기 쉽다."
CS-224,큐,Queue,자료구조·알고리즘,Q,ㅋ,큐(Queue)은/는 데이터를 저장·탐색·갱신하거나 문제를 효율적으로 해결하기 위한 구조 또는 절차이다.,"큐(Queue)은/는 데이터를 저장·탐색·갱신하거나 문제를 효율적으로 해결하기 위한 구조 또는 절차이다. 구현 아이디어, 평균/최악 시간복잡도, 안정성·제자리성 같은 성질을 함께 정리하면 코딩형과 서술형 모두에 대응된다. 연계 개념은 [[원형 연결 리스트]], [[스택]], [[원형 큐]], [[덱]], [[시간 복잡도]]이며, 학습 시 ""정의 → 동작 원리 → 장단점 → 적용 사례"" 순서로 정리하면 좋다.","[[원형 연결 리스트]], [[스택]], [[원형 큐]], [[덱]], [[시간 복잡도]]",05-08-산업은행-기출.md; 02-01-기본-전제와-일정.md; 06-01-00-프로세스와-스레드.md,"자료구조·알고리즘 문제에서는 큐의 정의만 쓰지 말고 관련 개념(원형 연결 리스트, 스택, 원형 큐)과 비교·차이를 함께 쓰면 가점을 받기 쉽다."
CS-225,RabbitMQ,RabbitMQ,클라우드·분산시스템,R,R,"RabbitMQ(RabbitMQ)은/는 클라우드·분산시스템 영역의 핵심 개념으로, 확장성, 장애 허용, 일관성, 운영 자동화를 다루는 현대 인프라 핵심이다.","RabbitMQ(RabbitMQ)은/는 클라우드·분산시스템 영역의 핵심 개념으로, 확장성, 장애 허용, 일관성, 운영 자동화를 다루는 현대 인프라 핵심이다. 단일 노드 설계와 달리 네트워크 분할, 장애 전파, 재시도, 중복 처리, 관측 가능성을 전제로 설계해야 한다. 연계 개념은 [[메시지 큐]], [[Kafka]], [[이벤트 기반 아키텍처]], [[분산 트랜잭션]], [[분산 시스템]]이며, 학습 시 ""정의 → 동작 원리 → 장단점 → 적용 사례"" 순서로 정리하면 좋다.","[[메시지 큐]], [[Kafka]], [[이벤트 기반 아키텍처]], [[분산 트랜잭션]], [[분산 시스템]]",17-클라우드-분산-시스템-심화.md; 17-4-메시지-큐.md,"클라우드·분산시스템 문제에서는 RabbitMQ의 정의만 쓰지 말고 관련 개념(메시지 큐, Kafka, 이벤트 기반 아키텍처)과 비교·차이를 함께 쓰면 가점을 받기 쉽다."
CS-226,RAID,RAID,운영체제,R,R,"RAID(RAID)은/는 운영체제 영역의 핵심 개념으로, CPU, 메모리, 파일, 입출력 자원을 공정하고 효율적으로 배분하는 기반 지식이다.","RAID(RAID)은/는 운영체제 영역의 핵심 개념으로, CPU, 메모리, 파일, 입출력 자원을 공정하고 효율적으로 배분하는 기반 지식이다. 답안에서는 상태 전이, 자료구조(큐·테이블), 오버헤드와 처리량/응답시간의 트레이드오프를 함께 적으면 완성도가 높다. 연계 개념은 [[아이노드]], [[저널링 파일 시스템]], [[RAID 0]], [[RAID 1]], [[프로세스]]이며, 학습 시 ""정의 → 동작 원리 → 장단점 → 적용 사례"" 순서로 정리하면 좋다.","[[아이노드]], [[저널링 파일 시스템]], [[RAID 0]], [[RAID 1]], [[프로세스]]",05-09-운영체제-기출-모음.md; 05-08-산업은행-기출.md; 04-IT-필기-핵심정리.md,"운영체제 문제에서는 RAID의 정의만 쓰지 말고 관련 개념(아이노드, 저널링 파일 시스템, RAID 0)과 비교·차이를 함께 쓰면 가점을 받기 쉽다."
CS-227,RAID 0,RAID 0,운영체제,R,R,"RAID 0(RAID 0)은/는 운영체제 영역의 핵심 개념으로, CPU, 메모리, 파일, 입출력 자원을 공정하고 효율적으로 배분하는 기반 지식이다.","RAID 0(RAID 0)은/는 운영체제 영역의 핵심 개념으로, CPU, 메모리, 파일, 입출력 자원을 공정하고 효율적으로 배분하는 기반 지식이다. 답안에서는 상태 전이, 자료구조(큐·테이블), 오버헤드와 처리량/응답시간의 트레이드오프를 함께 적으면 완성도가 높다. 연계 개념은 [[저널링 파일 시스템]], [[RAID]], [[RAID 1]], [[RAID 5]], [[프로세스]]이며, 학습 시 ""정의 → 동작 원리 → 장단점 → 적용 사례"" 순서로 정리하면 좋다.","[[저널링 파일 시스템]], [[RAID]], [[RAID 1]], [[RAID 5]], [[프로세스]]",05-04-금융결제원-기출.md; 14-4-입출력-시스템.md; 04-05-자료구조-알고리즘-DB-금융IT.md,"운영체제 문제에서는 RAID 0의 정의만 쓰지 말고 관련 개념(저널링 파일 시스템, RAID, RAID 1)과 비교·차이를 함께 쓰면 가점을 받기 쉽다."
CS-228,RAID 1,RAID 1,운영체제,R,R,"RAID 1(RAID 1)은/는 운영체제 영역의 핵심 개념으로, CPU, 메모리, 파일, 입출력 자원을 공정하고 효율적으로 배분하는 기반 지식이다.","RAID 1(RAID 1)은/는 운영체제 영역의 핵심 개념으로, CPU, 메모리, 파일, 입출력 자원을 공정하고 효율적으로 배분하는 기반 지식이다. 답안에서는 상태 전이, 자료구조(큐·테이블), 오버헤드와 처리량/응답시간의 트레이드오프를 함께 적으면 완성도가 높다. 연계 개념은 [[RAID]], [[RAID 0]], [[RAID 5]], [[DMA]], [[프로세스]]이며, 학습 시 ""정의 → 동작 원리 → 장단점 → 적용 사례"" 순서로 정리하면 좋다.","[[RAID]], [[RAID 0]], [[RAID 5]], [[DMA]], [[프로세스]]",05-04-금융결제원-기출.md; 14-4-입출력-시스템.md; 04-05-자료구조-알고리즘-DB-금융IT.md,"운영체제 문제에서는 RAID 1의 정의만 쓰지 말고 관련 개념(RAID, RAID 0, RAID 5)과 비교·차이를 함께 쓰면 가점을 받기 쉽다."
CS-229,RAID 5,RAID 5,운영체제,R,R,"RAID 5(RAID 5)은/는 운영체제 영역의 핵심 개념으로, CPU, 메모리, 파일, 입출력 자원을 공정하고 효율적으로 배분하는 기반 지식이다.","RAID 5(RAID 5)은/는 운영체제 영역의 핵심 개념으로, CPU, 메모리, 파일, 입출력 자원을 공정하고 효율적으로 배분하는 기반 지식이다. 답안에서는 상태 전이, 자료구조(큐·테이블), 오버헤드와 처리량/응답시간의 트레이드오프를 함께 적으면 완성도가 높다. 연계 개념은 [[RAID 0]], [[RAID 1]], [[DMA]], [[인터럽트]], [[프로세스]]이며, 학습 시 ""정의 → 동작 원리 → 장단점 → 적용 사례"" 순서로 정리하면 좋다.","[[RAID 0]], [[RAID 1]], [[DMA]], [[인터럽트]], [[프로세스]]",05-04-금융결제원-기출.md; 14-4-입출력-시스템.md; 04-05-자료구조-알고리즘-DB-금융IT.md,"운영체제 문제에서는 RAID 5의 정의만 쓰지 말고 관련 개념(RAID 0, RAID 1, DMA)과 비교·차이를 함께 쓰면 가점을 받기 쉽다."
CS-230,RAM,RAM,컴퓨터구조,R,R,"RAM(RAM)은/는 컴퓨터구조 영역의 핵심 개념으로, 명령어 실행, 캐시, 병렬성, 입출력 병목을 하드웨어 관점에서 설명한다.","RAM(RAM)은/는 컴퓨터구조 영역의 핵심 개념으로, 명령어 실행, 캐시, 병렬성, 입출력 병목을 하드웨어 관점에서 설명한다. 성능 계산에서는 CPI, 히트율, 병렬화 가능 비율처럼 수치화 가능한 요소와 병목 지점을 함께 본다. 연계 개념은 [[쓰기 백]], [[메모리 계층]], [[ROM]], [[SRAM]], [[CPU]]이며, 학습 시 ""정의 → 동작 원리 → 장단점 → 적용 사례"" 순서로 정리하면 좋다.","[[쓰기 백]], [[메모리 계층]], [[ROM]], [[SRAM]], [[CPU]]",05-14-06-한국은행-2022-컴퓨터공학-학술-파트-I.md; 05-14-11-한국은행-2025-컴퓨터공학-학술-1-데이터베이스.md; 05-09-운영체제-기출-모음.md,"컴퓨터구조 문제에서는 RAM의 정의만 쓰지 말고 관련 개념(쓰기 백, 메모리 계층, ROM)과 비교·차이를 함께 쓰면 가점을 받기 쉽다."
CS-231,랜덤 포레스트,Random Forest,인공지능·데이터,R,ㄹ,"랜덤 포레스트(랜덤 포레스트)은/는 데이터 기반 예측·분류·분석 과정에서 모델, 학습 방법, 평가 또는 전처리를 설명하는 개념이다.","랜덤 포레스트(랜덤 포레스트)은/는 데이터 기반 예측·분류·분석 과정에서 모델, 학습 방법, 평가 또는 전처리를 설명하는 개념이다. 데이터 누수, 편향, 평가 지표 선택, 운영 중 성능 저하를 함께 고려해야 실제 금융 AI 적용에 적합하다. 연계 개념은 [[로지스틱 회귀]], [[결정 트리]], [[SVM]], [[KNN]], [[머신러닝]]이며, 학습 시 ""정의 → 동작 원리 → 장단점 → 적용 사례"" 순서로 정리하면 좋다.","[[로지스틱 회귀]], [[결정 트리]], [[SVM]], [[KNN]], [[머신러닝]]",보강 개념(페이지 직접 언급 없음),"인공지능·데이터 문제에서는 랜덤 포레스트의 정의만 쓰지 말고 관련 개념(로지스틱 회귀, 결정 트리, SVM)과 비교·차이를 함께 쓰면 가점을 받기 쉽다."
CS-232,랜섬웨어,Ransomware,보안,R,ㄹ,랜섬웨어(랜섬웨어)은/는 정보 자산을 보호하거나 공격자가 악용하는 취약 지점을 설명하는 보안 개념이다.,"랜섬웨어(랜섬웨어)은/는 정보 자산을 보호하거나 공격자가 악용하는 취약 지점을 설명하는 보안 개념이다. 공격 원리, 영향, 탐지 단서, 예방·탐지·대응 통제를 구분해 쓰면 금융 보안 답안에 적합하다. 연계 개념은 [[웜]], [[트로이목마]], [[피싱]], [[스미싱]], [[인증]]이며, 학습 시 ""정의 → 동작 원리 → 장단점 → 적용 사례"" 순서로 정리하면 좋다.","[[웜]], [[트로이목마]], [[피싱]], [[스미싱]], [[인증]]",05-01-우리은행-기출.md; 05-12-보안-기출-모음.md; 05-02-기업은행-기출.md,"보안 문제에서는 랜섬웨어의 정의만 쓰지 말고 관련 개념(웜, 트로이목마, 피싱)과 비교·차이를 함께 쓰면 가점을 받기 쉽다."
CS-233,RARP,RARP,네트워크,R,R,"RARP(RARP)은/는 네트워크 통신에서 주소 지정, 경로 선택, 신뢰성, 이름 해석 또는 보안 채널을 구성하는 핵심 요소이다.","RARP(RARP)은/는 네트워크 통신에서 주소 지정, 경로 선택, 신뢰성, 이름 해석 또는 보안 채널을 구성하는 핵심 요소이다. 프로토콜의 위치 계층, 헤더에 담기는 식별자, 연결 수립/해제 흐름, 장애 시 진단 명령을 연결해 이해해야 한다. 연계 개념은 [[MAC 주소]], [[ARP]], [[IP]], [[IPv4]], [[TCP]]이며, 학습 시 ""정의 → 동작 원리 → 장단점 → 적용 사례"" 순서로 정리하면 좋다.","[[MAC 주소]], [[ARP]], [[IP]], [[IPv4]], [[TCP]]",05-14-10-한국은행-2024-컴퓨터공학-학술-파트-I.md,"네트워크 문제에서는 RARP의 정의만 쓰지 말고 관련 개념(MAC 주소, ARP, IP)과 비교·차이를 함께 쓰면 가점을 받기 쉽다."
CS-234,RBAC,RBAC,보안,R,R,RBAC(RBAC)은/는 정보 자산을 보호하거나 공격자가 악용하는 취약 지점을 설명하는 보안 개념이다.,"RBAC(RBAC)은/는 정보 자산을 보호하거나 공격자가 악용하는 취약 지점을 설명하는 보안 개념이다. 공격 원리, 영향, 탐지 단서, 예방·탐지·대응 통제를 구분해 쓰면 금융 보안 답안에 적합하다. 연계 개념은 [[DAC]], [[MAC]], [[암호화]], [[해시]], [[인증]]이며, 학습 시 ""정의 → 동작 원리 → 장단점 → 적용 사례"" 순서로 정리하면 좋다.","[[DAC]], [[MAC]], [[암호화]], [[해시]], [[인증]]",17-2-컨테이너.md; 10-02-인증-인가-접근통제.md,"보안 문제에서는 RBAC의 정의만 쓰지 말고 관련 개념(DAC, MAC, 암호화)과 비교·차이를 함께 쓰면 가점을 받기 쉽다."
CS-235,리베이스,Rebase,소프트웨어공학,R,ㄹ,"리베이스(리베이스)은/는 소프트웨어공학 영역의 핵심 개념으로, 요구사항을 안정적인 소프트웨어로 전환하고 변경 비용을 낮추는 방법론이다.","리베이스(리베이스)은/는 소프트웨어공학 영역의 핵심 개념으로, 요구사항을 안정적인 소프트웨어로 전환하고 변경 비용을 낮추는 방법론이다. 산출물, 장단점, 적용 상황, 품질 속성에 미치는 영향을 함께 설명하면 면접·논술 답안으로 확장하기 쉽다. 연계 개념은 [[Git]], [[브랜치]], [[코드 리뷰]], [[리팩터링]], [[테스트]]이며, 학습 시 ""정의 → 동작 원리 → 장단점 → 적용 사례"" 순서로 정리하면 좋다.","[[Git]], [[브랜치]], [[코드 리뷰]], [[리팩터링]], [[테스트]]",보강 개념(페이지 직접 언급 없음),"소프트웨어공학 문제에서는 리베이스의 정의만 쓰지 말고 관련 개념(Git, 브랜치, 코드 리뷰)과 비교·차이를 함께 쓰면 가점을 받기 쉽다."
CS-236,재현율,Recall,인공지능·데이터,R,ㅈ,"재현율(재현율)은/는 데이터 기반 예측·분류·분석 과정에서 모델, 학습 방법, 평가 또는 전처리를 설명하는 개념이다.","재현율(재현율)은/는 데이터 기반 예측·분류·분석 과정에서 모델, 학습 방법, 평가 또는 전처리를 설명하는 개념이다. 데이터 누수, 편향, 평가 지표 선택, 운영 중 성능 저하를 함께 고려해야 실제 금융 AI 적용에 적합하다. 연계 개념은 [[정확도]], [[정밀도]], [[F1 점수]], [[ROC-AUC]], [[머신러닝]]이며, 학습 시 ""정의 → 동작 원리 → 장단점 → 적용 사례"" 순서로 정리하면 좋다.","[[정확도]], [[정밀도]], [[F1 점수]], [[ROC-AUC]], [[머신러닝]]",05-14-33-한국은행-2026-컴퓨터공학-학술-8-머신-러닝.md,"인공지능·데이터 문제에서는 재현율의 정의만 쓰지 말고 관련 개념(정확도, 정밀도, F1 점수)과 비교·차이를 함께 쓰면 가점을 받기 쉽다."
CS-237,추천 시스템,Recommendation System,인공지능·데이터,R,ㅊ,"추천 시스템(추천 시스템)은/는 데이터 기반 예측·분류·분석 과정에서 모델, 학습 방법, 평가 또는 전처리를 설명하는 개념이다.","추천 시스템(추천 시스템)은/는 데이터 기반 예측·분류·분석 과정에서 모델, 학습 방법, 평가 또는 전처리를 설명하는 개념이다. 데이터 누수, 편향, 평가 지표 선택, 운영 중 성능 저하를 함께 고려해야 실제 금융 AI 적용에 적합하다. 연계 개념은 [[정규화]], [[텍스트 마이닝]], [[과적합]], [[과소적합]], [[머신러닝]]이며, 학습 시 ""정의 → 동작 원리 → 장단점 → 적용 사례"" 순서로 정리하면 좋다.","[[정규화]], [[텍스트 마이닝]], [[과적합]], [[과소적합]], [[머신러닝]]",04-01-빅데이터-블록체인-머신러닝.md; 04-05-자료구조-알고리즘-DB-금융IT.md,"인공지능·데이터 문제에서는 추천 시스템의 정의만 쓰지 말고 관련 개념(정규화, 텍스트 마이닝, 과적합)과 비교·차이를 함께 쓰면 가점을 받기 쉽다."
CS-238,REDO,REDO,데이터베이스,R,R,REDO(REDO)은/는 여러 사용자가 동시에 데이터를 변경해도 결과가 정확하고 장애 후 복구 가능하도록 보장하는 거래 처리 개념이다.,"REDO(REDO)은/는 여러 사용자가 동시에 데이터를 변경해도 결과가 정확하고 장애 후 복구 가능하도록 보장하는 거래 처리 개념이다. 시험에서는 정의만이 아니라 이상현상, 정규화, 인덱스 성능, 트랜잭션 격리 수준과 함께 묶어 서술하는 것이 좋다. 연계 개념은 [[로그]], [[UNDO]], [[체크포인트]], [[인덱스]], [[SQL]]이며, 학습 시 ""정의 → 동작 원리 → 장단점 → 적용 사례"" 순서로 정리하면 좋다.","[[로그]], [[UNDO]], [[체크포인트]], [[인덱스]], [[SQL]]",05-08-산업은행-기출.md; 07-04-트랜잭션과-회복.md; 05-10-데이터베이스-기출-모음.md,"데이터베이스 문제에서는 REDO의 정의만 쓰지 말고 관련 개념(로그, UNDO, 체크포인트)과 비교·차이를 함께 쓰면 가점을 받기 쉽다."
CS-239,리팩터링,Refactoring,소프트웨어공학,R,ㄹ,"리팩터링(리팩터링)은/는 소프트웨어공학 영역의 핵심 개념으로, 요구사항을 안정적인 소프트웨어로 전환하고 변경 비용을 낮추는 방법론이다.","리팩터링(리팩터링)은/는 소프트웨어공학 영역의 핵심 개념으로, 요구사항을 안정적인 소프트웨어로 전환하고 변경 비용을 낮추는 방법론이다. 산출물, 장단점, 적용 상황, 품질 속성에 미치는 영향을 함께 설명하면 면접·논술 답안으로 확장하기 쉽다. 연계 개념은 [[리베이스]], [[코드 리뷰]], [[기술 부채]], [[기능 점수]], [[테스트]]이며, 학습 시 ""정의 → 동작 원리 → 장단점 → 적용 사례"" 순서로 정리하면 좋다.","[[리베이스]], [[코드 리뷰]], [[기술 부채]], [[기능 점수]], [[테스트]]",11-02-02-단위-통합-인수테스트.md; 11-01-개발방법론.md,"소프트웨어공학 문제에서는 리팩터링의 정의만 쓰지 말고 관련 개념(리베이스, 코드 리뷰, 기술 부채)과 비교·차이를 함께 쓰면 가점을 받기 쉽다."
CS-240,회귀,Regression,인공지능·데이터,R,ㅎ,"회귀(회귀)은/는 데이터 기반 예측·분류·분석 과정에서 모델, 학습 방법, 평가 또는 전처리를 설명하는 개념이다.","회귀(회귀)은/는 데이터 기반 예측·분류·분석 과정에서 모델, 학습 방법, 평가 또는 전처리를 설명하는 개념이다. 데이터 누수, 편향, 평가 지표 선택, 운영 중 성능 저하를 함께 고려해야 실제 금융 AI 적용에 적합하다. 연계 개념은 [[강화학습]], [[분류]], [[군집화]], [[차원 축소]], [[머신러닝]]이며, 학습 시 ""정의 → 동작 원리 → 장단점 → 적용 사례"" 순서로 정리하면 좋다.","[[강화학습]], [[분류]], [[군집화]], [[차원 축소]], [[머신러닝]]",05-03-대구은행-기출.md; 11-02-02-단위-통합-인수테스트.md; 16-인공지능-기계학습.md,"인공지능·데이터 문제에서는 회귀의 정의만 쓰지 말고 관련 개념(강화학습, 분류, 군집화)과 비교·차이를 함께 쓰면 가점을 받기 쉽다."
CS-241,회귀 테스트,Regression Test,소프트웨어공학,R,ㅎ,"회귀 테스트(회귀 테스트)은/는 소프트웨어공학 영역의 핵심 개념으로, 요구사항을 안정적인 소프트웨어로 전환하고 변경 비용을 낮추는 방법론이다.","회귀 테스트(회귀 테스트)은/는 소프트웨어공학 영역의 핵심 개념으로, 요구사항을 안정적인 소프트웨어로 전환하고 변경 비용을 낮추는 방법론이다. 산출물, 장단점, 적용 상황, 품질 속성에 미치는 영향을 함께 설명하면 면접·논술 답안으로 확장하기 쉽다. 연계 개념은 [[경계값 분석]], [[동등 분할]], [[형상 관리]], [[Git]], [[테스트]]이며, 학습 시 ""정의 → 동작 원리 → 장단점 → 적용 사례"" 순서로 정리하면 좋다.","[[경계값 분석]], [[동등 분할]], [[형상 관리]], [[Git]], [[테스트]]",11-02-02-단위-통합-인수테스트.md,"소프트웨어공학 문제에서는 회귀 테스트의 정의만 쓰지 말고 관련 개념(경계값 분석, 동등 분할, 형상 관리)과 비교·차이를 함께 쓰면 가점을 받기 쉽다."
CS-242,RegTech,RegTech,금융IT·신기술,R,R,"RegTech(RegTech)은/는 금융IT·신기술 영역의 핵심 개념으로, 금융 인프라, 규제, 지급결제, 디지털 자산과 IT 기술의 접점을 설명한다.","RegTech(RegTech)은/는 금융IT·신기술 영역의 핵심 개념으로, 금융 인프라, 규제, 지급결제, 디지털 자산과 IT 기술의 접점을 설명한다. 기술적 구조뿐 아니라 규제, 신뢰, 장애 리스크, 소비자 보호 관점을 함께 설명해야 한다. 연계 개념은 [[디지털 자산]], [[토큰화]], [[SupTech]], [[로보어드바이저]], [[전자금융]]이며, 학습 시 ""정의 → 동작 원리 → 장단점 → 적용 사례"" 순서로 정리하면 좋다.","[[디지털 자산]], [[토큰화]], [[SupTech]], [[로보어드바이저]], [[전자금융]]",18-2-RegTech.md; 18-최신-IT-트렌드-금융IT-이슈.md,"금융IT·신기술 문제에서는 RegTech의 정의만 쓰지 말고 관련 개념(디지털 자산, 토큰화, SupTech)과 비교·차이를 함께 쓰면 가점을 받기 쉽다."
CS-243,강화학습,Reinforcement Learning,인공지능·데이터,R,ㄱ,"강화학습(강화학습)은/는 데이터 기반 예측·분류·분석 과정에서 모델, 학습 방법, 평가 또는 전처리를 설명하는 개념이다.","강화학습(강화학습)은/는 데이터 기반 예측·분류·분석 과정에서 모델, 학습 방법, 평가 또는 전처리를 설명하는 개념이다. 데이터 누수, 편향, 평가 지표 선택, 운영 중 성능 저하를 함께 고려해야 실제 금융 AI 적용에 적합하다. 연계 개념은 [[지도학습]], [[비지도학습]], [[분류]], [[회귀]], [[머신러닝]]이며, 학습 시 ""정의 → 동작 원리 → 장단점 → 적용 사례"" 순서로 정리하면 좋다.","[[지도학습]], [[비지도학습]], [[분류]], [[회귀]], [[머신러닝]]",16-인공지능-기계학습.md; 04-01-빅데이터-블록체인-머신러닝.md,"인공지능·데이터 문제에서는 강화학습의 정의만 쓰지 말고 관련 개념(지도학습, 비지도학습, 분류)과 비교·차이를 함께 쓰면 가점을 받기 쉽다."
CS-244,릴레이션,Relation,데이터베이스,R,ㄹ,"릴레이션(Relation)은/는 데이터베이스 영역의 핵심 개념으로, 데이터 저장·검색·무결성·동시성의 관점에서 금융권 거래 원장과 고객 데이터 품질을 좌우한다.","릴레이션(Relation)은/는 데이터베이스 영역의 핵심 개념으로, 데이터 저장·검색·무결성·동시성의 관점에서 금융권 거래 원장과 고객 데이터 품질을 좌우한다. 시험에서는 정의만이 아니라 이상현상, 정규화, 인덱스 성능, 트랜잭션 격리 수준과 함께 묶어 서술하는 것이 좋다. 연계 개념은 [[스키마]], [[인스턴스]], [[튜플]], [[속성]], [[SQL]]이며, 학습 시 ""정의 → 동작 원리 → 장단점 → 적용 사례"" 순서로 정리하면 좋다.","[[스키마]], [[인스턴스]], [[튜플]], [[속성]], [[SQL]]",05-14-06-한국은행-2022-컴퓨터공학-학술-파트-I.md; 05-14-11-한국은행-2025-컴퓨터공학-학술-1-데이터베이스.md; 05-08-산업은행-기출.md,"데이터베이스 문제에서는 릴레이션의 정의만 쓰지 말고 관련 개념(스키마, 인스턴스, 튜플)과 비교·차이를 함께 쓰면 가점을 받기 쉽다."
CS-245,복제,Replication,클라우드·분산시스템,R,ㅂ,"복제(복제)은/는 클라우드·분산시스템 영역의 핵심 개념으로, 확장성, 장애 허용, 일관성, 운영 자동화를 다루는 현대 인프라 핵심이다.","복제(복제)은/는 클라우드·분산시스템 영역의 핵심 개념으로, 확장성, 장애 허용, 일관성, 운영 자동화를 다루는 현대 인프라 핵심이다. 단일 노드 설계와 달리 네트워크 분할, 장애 전파, 재시도, 중복 처리, 관측 가능성을 전제로 설계해야 한다. 연계 개념은 [[BASE]], [[최종 일관성]], [[샤딩]], [[파티셔닝]], [[분산 시스템]]이며, 학습 시 ""정의 → 동작 원리 → 장단점 → 적용 사례"" 순서로 정리하면 좋다.","[[BASE]], [[최종 일관성]], [[샤딩]], [[파티셔닝]], [[분산 시스템]]",05-01-우리은행-기출.md; 04-05-자료구조-알고리즘-DB-금융IT.md,"클라우드·분산시스템 문제에서는 복제의 정의만 쓰지 말고 관련 개념(BASE, 최종 일관성, 샤딩)과 비교·차이를 함께 쓰면 가점을 받기 쉽다."
CS-246,요구사항 분석,Requirements Analysis,소프트웨어공학,R,ㅇ,"요구사항 분석(요구사항 분석)은/는 소프트웨어공학 영역의 핵심 개념으로, 요구사항을 안정적인 소프트웨어로 전환하고 변경 비용을 낮추는 방법론이다.","요구사항 분석(요구사항 분석)은/는 소프트웨어공학 영역의 핵심 개념으로, 요구사항을 안정적인 소프트웨어로 전환하고 변경 비용을 낮추는 방법론이다. 산출물, 장단점, 적용 상황, 품질 속성에 미치는 영향을 함께 설명하면 면접·논술 답안으로 확장하기 쉽다. 연계 개념은 [[DevOps]], [[CI/CD]], [[기능 요구사항]], [[비기능 요구사항]], [[테스트]]이며, 학습 시 ""정의 → 동작 원리 → 장단점 → 적용 사례"" 순서로 정리하면 좋다.","[[DevOps]], [[CI/CD]], [[기능 요구사항]], [[비기능 요구사항]], [[테스트]]",11-01-개발방법론.md; 11-02-00-테스트.md,"소프트웨어공학 문제에서는 요구사항 분석의 정의만 쓰지 말고 관련 개념(DevOps, CI/CD, 기능 요구사항)과 비교·차이를 함께 쓰면 가점을 받기 쉽다."
CS-247,REST,REST,네트워크,R,R,"REST(REST)은/는 네트워크 통신에서 주소 지정, 경로 선택, 신뢰성, 이름 해석 또는 보안 채널을 구성하는 핵심 요소이다.","REST(REST)은/는 네트워크 통신에서 주소 지정, 경로 선택, 신뢰성, 이름 해석 또는 보안 채널을 구성하는 핵심 요소이다. 프로토콜의 위치 계층, 헤더에 담기는 식별자, 연결 수립/해제 흐름, 장애 시 진단 명령을 연결해 이해해야 한다. 연계 개념은 [[쿠키]], [[세션]], [[WebSocket]], [[프록시]], [[TCP]]이며, 학습 시 ""정의 → 동작 원리 → 장단점 → 적용 사례"" 순서로 정리하면 좋다.","[[쿠키]], [[세션]], [[WebSocket]], [[프록시]], [[TCP]]",05-14-06-한국은행-2022-컴퓨터공학-학술-파트-I.md; 16-인공지능-기계학습.md; 04-01-빅데이터-블록체인-머신러닝.md,"네트워크 문제에서는 REST의 정의만 쓰지 말고 관련 개념(쿠키, 세션, WebSocket)과 비교·차이를 함께 쓰면 가점을 받기 쉽다."
CS-248,RIP,RIP,네트워크,R,R,"RIP(RIP)은/는 네트워크 통신에서 주소 지정, 경로 선택, 신뢰성, 이름 해석 또는 보안 채널을 구성하는 핵심 요소이다.","RIP(RIP)은/는 네트워크 통신에서 주소 지정, 경로 선택, 신뢰성, 이름 해석 또는 보안 채널을 구성하는 핵심 요소이다. 프로토콜의 위치 계층, 헤더에 담기는 식별자, 연결 수립/해제 흐름, 장애 시 진단 명령을 연결해 이해해야 한다. 연계 개념은 [[정적 라우팅]], [[동적 라우팅]], [[OSPF]], [[BGP]], [[TCP]]이며, 학습 시 ""정의 → 동작 원리 → 장단점 → 적용 사례"" 순서로 정리하면 좋다.","[[정적 라우팅]], [[동적 라우팅]], [[OSPF]], [[BGP]], [[TCP]]",04-02-프로그래밍-SQL-분산-클라우드.md; 05-14-32-한국은행-2026-컴퓨터공학-학술-7-보안.md; 10-03-01-XSS-SQL-Injection.md,"네트워크 문제에서는 RIP의 정의만 쓰지 말고 관련 개념(정적 라우팅, 동적 라우팅, OSPF)과 비교·차이를 함께 쓰면 가점을 받기 쉽다."
CS-249,RISC,RISC,컴퓨터구조,R,R,"RISC(RISC)은/는 컴퓨터구조 영역의 핵심 개념으로, 명령어 실행, 캐시, 병렬성, 입출력 병목을 하드웨어 관점에서 설명한다.","RISC(RISC)은/는 컴퓨터구조 영역의 핵심 개념으로, 명령어 실행, 캐시, 병렬성, 입출력 병목을 하드웨어 관점에서 설명한다. 성능 계산에서는 CPI, 히트율, 병렬화 가능 비율처럼 수치화 가능한 요소와 병목 지점을 함께 본다. 연계 개념은 [[슈퍼스칼라]], [[CISC]], [[ISA]], [[주소 지정 방식]], [[CPU]]이며, 학습 시 ""정의 → 동작 원리 → 장단점 → 적용 사례"" 순서로 정리하면 좋다.","[[슈퍼스칼라]], [[CISC]], [[ISA]], [[주소 지정 방식]], [[CPU]]",14-컴퓨터구조-심화.md; 04-IT-필기-핵심정리.md; 05-14-10-한국은행-2024-컴퓨터공학-학술-파트-I.md,"컴퓨터구조 문제에서는 RISC의 정의만 쓰지 말고 관련 개념(슈퍼스칼라, CISC, ISA)과 비교·차이를 함께 쓰면 가점을 받기 쉽다."
CS-250,위험,Risk,보안,R,ㅇ,위험(위험)은/는 정보 자산을 보호하거나 공격자가 악용하는 취약 지점을 설명하는 보안 개념이다.,"위험(위험)은/는 정보 자산을 보호하거나 공격자가 악용하는 취약 지점을 설명하는 보안 개념이다. 공격 원리, 영향, 탐지 단서, 예방·탐지·대응 통제를 구분해 쓰면 금융 보안 답안에 적합하다. 연계 개념은 [[취약점]], [[위협]], [[악성코드]], [[바이러스]], [[인증]]이며, 학습 시 ""정의 → 동작 원리 → 장단점 → 적용 사례"" 순서로 정리하면 좋다.","[[취약점]], [[위협]], [[악성코드]], [[바이러스]], [[인증]]",05-08-산업은행-기출.md; 10-03-01-XSS-SQL-Injection.md; 18-1-AI-in-Finance.md,"보안 문제에서는 위험의 정의만 쓰지 말고 관련 개념(취약점, 위협, 악성코드)과 비교·차이를 함께 쓰면 가점을 받기 쉽다."
CS-251,RNN,RNN,인공지능·데이터,R,R,"RNN(RNN)은/는 데이터 기반 예측·분류·분석 과정에서 모델, 학습 방법, 평가 또는 전처리를 설명하는 개념이다.","RNN(RNN)은/는 데이터 기반 예측·분류·분석 과정에서 모델, 학습 방법, 평가 또는 전처리를 설명하는 개념이다. 데이터 누수, 편향, 평가 지표 선택, 운영 중 성능 저하를 함께 고려해야 실제 금융 AI 적용에 적합하다. 연계 개념은 [[딥러닝]], [[CNN]], [[LSTM]], [[Transformer]], [[머신러닝]]이며, 학습 시 ""정의 → 동작 원리 → 장단점 → 적용 사례"" 순서로 정리하면 좋다.","[[딥러닝]], [[CNN]], [[LSTM]], [[Transformer]], [[머신러닝]]",05-14-24-한국은행-2025-컴퓨터공학-학술-14-머신러닝.md,"인공지능·데이터 문제에서는 RNN의 정의만 쓰지 말고 관련 개념(딥러닝, CNN, LSTM)과 비교·차이를 함께 쓰면 가점을 받기 쉽다."
CS-252,로보어드바이저,Robo-advisor,금융IT·신기술,R,ㄹ,"로보어드바이저(로보어드바이저)은/는 금융IT·신기술 영역의 핵심 개념으로, 금융 인프라, 규제, 지급결제, 디지털 자산과 IT 기술의 접점을 설명한다.","로보어드바이저(로보어드바이저)은/는 금융IT·신기술 영역의 핵심 개념으로, 금융 인프라, 규제, 지급결제, 디지털 자산과 IT 기술의 접점을 설명한다. 기술적 구조뿐 아니라 규제, 신뢰, 장애 리스크, 소비자 보호 관점을 함께 설명해야 한다. 연계 개념은 [[RegTech]], [[SupTech]], [[이상거래탐지]], [[AML]], [[전자금융]]이며, 학습 시 ""정의 → 동작 원리 → 장단점 → 적용 사례"" 순서로 정리하면 좋다.","[[RegTech]], [[SupTech]], [[이상거래탐지]], [[AML]], [[전자금융]]",04-IT-필기-핵심정리.md; 05-01-우리은행-기출.md; 18-1-AI-in-Finance.md,"금융IT·신기술 문제에서는 로보어드바이저의 정의만 쓰지 말고 관련 개념(RegTech, SupTech, 이상거래탐지)과 비교·차이를 함께 쓰면 가점을 받기 쉽다."
CS-253,ROC-AUC,ROC-AUC,인공지능·데이터,R,R,"ROC-AUC(ROC-AUC)은/는 데이터 기반 예측·분류·분석 과정에서 모델, 학습 방법, 평가 또는 전처리를 설명하는 개념이다.","ROC-AUC(ROC-AUC)은/는 데이터 기반 예측·분류·분석 과정에서 모델, 학습 방법, 평가 또는 전처리를 설명하는 개념이다. 데이터 누수, 편향, 평가 지표 선택, 운영 중 성능 저하를 함께 고려해야 실제 금융 AI 적용에 적합하다. 연계 개념은 [[재현율]], [[F1 점수]], [[경사하강법]], [[학습률]], [[머신러닝]]이며, 학습 시 ""정의 → 동작 원리 → 장단점 → 적용 사례"" 순서로 정리하면 좋다.","[[재현율]], [[F1 점수]], [[경사하강법]], [[학습률]], [[머신러닝]]",16-인공지능-기계학습.md,"인공지능·데이터 문제에서는 ROC-AUC의 정의만 쓰지 말고 관련 개념(재현율, F1 점수, 경사하강법)과 비교·차이를 함께 쓰면 가점을 받기 쉽다."
CS-254,ROM,ROM,컴퓨터구조,R,R,"ROM(ROM)은/는 컴퓨터구조 영역의 핵심 개념으로, 명령어 실행, 캐시, 병렬성, 입출력 병목을 하드웨어 관점에서 설명한다.","ROM(ROM)은/는 컴퓨터구조 영역의 핵심 개념으로, 명령어 실행, 캐시, 병렬성, 입출력 병목을 하드웨어 관점에서 설명한다. 성능 계산에서는 CPI, 히트율, 병렬화 가능 비율처럼 수치화 가능한 요소와 병목 지점을 함께 본다. 연계 개념은 [[메모리 계층]], [[RAM]], [[SRAM]], [[DRAM]], [[CPU]]이며, 학습 시 ""정의 → 동작 원리 → 장단점 → 적용 사례"" 순서로 정리하면 좋다.","[[메모리 계층]], [[RAM]], [[SRAM]], [[DRAM]], [[CPU]]",05-09-운영체제-기출-모음.md; 10-03-01-XSS-SQL-Injection.md; 13-01-00-SQL-기본.md,"컴퓨터구조 문제에서는 ROM의 정의만 쓰지 말고 관련 개념(메모리 계층, RAM, SRAM)과 비교·차이를 함께 쓰면 가점을 받기 쉽다."
CS-255,Round Robin,Round Robin,운영체제,R,R,Round Robin(Round Robin)은/는 준비 상태의 작업에 CPU를 어떤 순서와 기준으로 배정할지 결정하는 운영체제 정책이다.,"Round Robin(Round Robin)은/는 준비 상태의 작업에 CPU를 어떤 순서와 기준으로 배정할지 결정하는 운영체제 정책이다. 답안에서는 상태 전이, 자료구조(큐·테이블), 오버헤드와 처리량/응답시간의 트레이드오프를 함께 적으면 완성도가 높다. 연계 개념은 [[SRTF]], [[HRN]], [[우선순위 스케줄링]], [[멀티레벨 큐]], [[프로세스]]이며, 학습 시 ""정의 → 동작 원리 → 장단점 → 적용 사례"" 순서로 정리하면 좋다.","[[SRTF]], [[HRN]], [[우선순위 스케줄링]], [[멀티레벨 큐]], [[프로세스]]",05-09-운영체제-기출-모음.md; 06-02-02-선점형과-비선점형.md; 06-02-00-CPU-스케줄링.md,"운영체제 문제에서는 Round Robin의 정의만 쓰지 말고 관련 개념(SRTF, HRN, 우선순위 스케줄링)과 비교·차이를 함께 쓰면 가점을 받기 쉽다."
CS-256,라우팅,Routing,네트워크,R,ㄹ,"라우팅(Routing)은/는 네트워크 통신에서 주소 지정, 경로 선택, 신뢰성, 이름 해석 또는 보안 채널을 구성하는 핵심 요소이다.","라우팅(Routing)은/는 네트워크 통신에서 주소 지정, 경로 선택, 신뢰성, 이름 해석 또는 보안 채널을 구성하는 핵심 요소이다. 프로토콜의 위치 계층, 헤더에 담기는 식별자, 연결 수립/해제 흐름, 장애 시 진단 명령을 연결해 이해해야 한다. 연계 개념은 [[서브넷 마스크]], [[CIDR]], [[정적 라우팅]], [[동적 라우팅]], [[TCP]]이며, 학습 시 ""정의 → 동작 원리 → 장단점 → 적용 사례"" 순서로 정리하면 좋다.","[[서브넷 마스크]], [[CIDR]], [[정적 라우팅]], [[동적 라우팅]], [[TCP]]",05-14-06-한국은행-2022-컴퓨터공학-학술-파트-I.md; 05-08-산업은행-기출.md; 17-2-컨테이너.md,"네트워크 문제에서는 라우팅의 정의만 쓰지 말고 관련 개념(서브넷 마스크, CIDR, 정적 라우팅)과 비교·차이를 함께 쓰면 가점을 받기 쉽다."
CS-257,RPA,RPA,금융IT·신기술,R,R,"RPA(RPA)은/는 금융IT·신기술 영역의 핵심 개념으로, 금융 인프라, 규제, 지급결제, 디지털 자산과 IT 기술의 접점을 설명한다.","RPA(RPA)은/는 금융IT·신기술 영역의 핵심 개념으로, 금융 인프라, 규제, 지급결제, 디지털 자산과 IT 기술의 접점을 설명한다. 기술적 구조뿐 아니라 규제, 신뢰, 장애 리스크, 소비자 보호 관점을 함께 설명해야 한다. 연계 개념은 [[디지털 트윈]], [[메타버스]], [[API 경제]], [[오픈 API]], [[전자금융]]이며, 학습 시 ""정의 → 동작 원리 → 장단점 → 적용 사례"" 순서로 정리하면 좋다.","[[디지털 트윈]], [[메타버스]], [[API 경제]], [[오픈 API]], [[전자금융]]",05-01-우리은행-기출.md,"금융IT·신기술 문제에서는 RPA의 정의만 쓰지 말고 관련 개념(디지털 트윈, 메타버스, API 경제)과 비교·차이를 함께 쓰면 가점을 받기 쉽다."
CS-258,RSA,RSA,보안,R,R,RSA(RSA)은/는 정보 자산을 보호하거나 공격자가 악용하는 취약 지점을 설명하는 보안 개념이다.,"RSA(RSA)은/는 정보 자산을 보호하거나 공격자가 악용하는 취약 지점을 설명하는 보안 개념이다. 공격 원리, 영향, 탐지 단서, 예방·탐지·대응 통제를 구분해 쓰면 금융 보안 답안에 적합하다. 연계 개념은 [[비대칭키 암호화]], [[AES]], [[SHA]], [[솔트]], [[인증]]이며, 학습 시 ""정의 → 동작 원리 → 장단점 → 적용 사례"" 순서로 정리하면 좋다.","[[비대칭키 암호화]], [[AES]], [[SHA]], [[솔트]], [[인증]]",05-03-대구은행-기출.md; 05-14-02-한국은행-2019-컴퓨터공학-학술-파트-II.md; 04-04-네트워크-프로토콜-보안.md,"보안 문제에서는 RSA의 정의만 쓰지 말고 관련 개념(비대칭키 암호화, AES, SHA)과 비교·차이를 함께 쓰면 가점을 받기 쉽다."
CS-259,RTGS,RTGS,금융IT·신기술,R,R,"RTGS(RTGS)은/는 금융IT·신기술 영역의 핵심 개념으로, 금융 인프라, 규제, 지급결제, 디지털 자산과 IT 기술의 접점을 설명한다.","RTGS(RTGS)은/는 금융IT·신기술 영역의 핵심 개념으로, 금융 인프라, 규제, 지급결제, 디지털 자산과 IT 기술의 접점을 설명한다. 기술적 구조뿐 아니라 규제, 신뢰, 장애 리스크, 소비자 보호 관점을 함께 설명해야 한다. 연계 개념은 [[청산]], [[결제]], [[DNS 차액결제]], [[CBDC]], [[전자금융]]이며, 학습 시 ""정의 → 동작 원리 → 장단점 → 적용 사례"" 순서로 정리하면 좋다.","[[청산]], [[결제]], [[DNS 차액결제]], [[CBDC]], [[전자금융]]",15-금융-도메인-지식.md; 15-2-결제-인프라.md,"금융IT·신기술 문제에서는 RTGS의 정의만 쓰지 말고 관련 개념(청산, 결제, DNS 차액결제)과 비교·차이를 함께 쓰면 가점을 받기 쉽다."
CS-260,SaaS,SaaS,클라우드·분산시스템,S,S,"SaaS(SaaS)은/는 클라우드·분산시스템 영역의 핵심 개념으로, 확장성, 장애 허용, 일관성, 운영 자동화를 다루는 현대 인프라 핵심이다.","SaaS(SaaS)은/는 클라우드·분산시스템 영역의 핵심 개념으로, 확장성, 장애 허용, 일관성, 운영 자동화를 다루는 현대 인프라 핵심이다. 단일 노드 설계와 달리 네트워크 분할, 장애 전파, 재시도, 중복 처리, 관측 가능성을 전제로 설계해야 한다. 연계 개념은 [[IaaS]], [[PaaS]], [[퍼블릭 클라우드]], [[프라이빗 클라우드]], [[분산 시스템]]이며, 학습 시 ""정의 → 동작 원리 → 장단점 → 적용 사례"" 순서로 정리하면 좋다.","[[IaaS]], [[PaaS]], [[퍼블릭 클라우드]], [[프라이빗 클라우드]], [[분산 시스템]]",04-02-프로그래밍-SQL-분산-클라우드.md; 05-03-대구은행-기출.md; 17-클라우드-분산-시스템-심화.md,"클라우드·분산시스템 문제에서는 SaaS의 정의만 쓰지 말고 관련 개념(IaaS, PaaS, 퍼블릭 클라우드)과 비교·차이를 함께 쓰면 가점을 받기 쉽다."
CS-261,솔트,Salt,보안,S,ㅅ,솔트(솔트)은/는 정보 자산을 보호하거나 공격자가 악용하는 취약 지점을 설명하는 보안 개념이다.,"솔트(솔트)은/는 정보 자산을 보호하거나 공격자가 악용하는 취약 지점을 설명하는 보안 개념이다. 공격 원리, 영향, 탐지 단서, 예방·탐지·대응 통제를 구분해 쓰면 금융 보안 답안에 적합하다. 연계 개념은 [[RSA]], [[SHA]], [[키 스트레칭]], [[방화벽]], [[인증]]이며, 학습 시 ""정의 → 동작 원리 → 장단점 → 적용 사례"" 순서로 정리하면 좋다.","[[RSA]], [[SHA]], [[키 스트레칭]], [[방화벽]], [[인증]]",보강 개념(페이지 직접 언급 없음),"보안 문제에서는 솔트의 정의만 쓰지 말고 관련 개념(RSA, SHA, 키 스트레칭)과 비교·차이를 함께 쓰면 가점을 받기 쉽다."
CS-262,스케줄링,Scheduling,운영체제,S,ㅅ,스케줄링(Scheduling)은/는 준비 상태의 작업에 CPU를 어떤 순서와 기준으로 배정할지 결정하는 운영체제 정책이다.,"스케줄링(Scheduling)은/는 준비 상태의 작업에 CPU를 어떤 순서와 기준으로 배정할지 결정하는 운영체제 정책이다. 답안에서는 상태 전이, 자료구조(큐·테이블), 오버헤드와 처리량/응답시간의 트레이드오프를 함께 적으면 완성도가 높다. 연계 개념은 [[프로세스 상태]], [[준비 큐]], [[장기 스케줄러]], [[단기 스케줄러]], [[프로세스]]이며, 학습 시 ""정의 → 동작 원리 → 장단점 → 적용 사례"" 순서로 정리하면 좋다.","[[프로세스 상태]], [[준비 큐]], [[장기 스케줄러]], [[단기 스케줄러]], [[프로세스]]",05-09-운영체제-기출-모음.md; 05-08-산업은행-기출.md; 04-IT-필기-핵심정리.md,"운영체제 문제에서는 스케줄링의 정의만 쓰지 말고 관련 개념(프로세스 상태, 준비 큐, 장기 스케줄러)과 비교·차이를 함께 쓰면 가점을 받기 쉽다."
CS-263,스키마,Schema,데이터베이스,S,ㅅ,스키마(Schema)은/는 릴레이션에서 튜플을 식별하거나 테이블 간 참조 관계를 유지하는 식별자 개념이다.,"스키마(Schema)은/는 릴레이션에서 튜플을 식별하거나 테이블 간 참조 관계를 유지하는 식별자 개념이다. 시험에서는 정의만이 아니라 이상현상, 정규화, 인덱스 성능, 트랜잭션 격리 수준과 함께 묶어 서술하는 것이 좋다. 연계 개념은 [[데이터베이스]], [[DBMS]], [[인스턴스]], [[릴레이션]], [[SQL]]이며, 학습 시 ""정의 → 동작 원리 → 장단점 → 적용 사례"" 순서로 정리하면 좋다.","[[데이터베이스]], [[DBMS]], [[인스턴스]], [[릴레이션]], [[SQL]]",13-01-00-SQL-기본.md; 05-14-한국은행-기출.md; 03-08-한국은행-컴퓨터공학-면접-질문-2025.md,"데이터베이스 문제에서는 스키마의 정의만 쓰지 말고 관련 개념(데이터베이스, DBMS, 인스턴스)과 비교·차이를 함께 쓰면 가점을 받기 쉽다."
CS-264,스크럼,Scrum,소프트웨어공학,S,ㅅ,"스크럼(Scrum)은/는 소프트웨어공학 영역의 핵심 개념으로, 요구사항을 안정적인 소프트웨어로 전환하고 변경 비용을 낮추는 방법론이다.","스크럼(Scrum)은/는 소프트웨어공학 영역의 핵심 개념으로, 요구사항을 안정적인 소프트웨어로 전환하고 변경 비용을 낮추는 방법론이다. 산출물, 장단점, 적용 상황, 품질 속성에 미치는 영향을 함께 설명하면 면접·논술 답안으로 확장하기 쉽다. 연계 개념은 [[나선형 모델]], [[애자일]], [[스프린트]], [[칸반]], [[테스트]]이며, 학습 시 ""정의 → 동작 원리 → 장단점 → 적용 사례"" 순서로 정리하면 좋다.","[[나선형 모델]], [[애자일]], [[스프린트]], [[칸반]], [[테스트]]",05-08-산업은행-기출.md; 11-01-개발방법론.md; 11-소프트웨어공학.md,"소프트웨어공학 문제에서는 스크럼의 정의만 쓰지 말고 관련 개념(나선형 모델, 애자일, 스프린트)과 비교·차이를 함께 쓰면 가점을 받기 쉽다."
CS-265,보안 코딩,Secure Coding,보안,S,ㅂ,보안 코딩(보안 코딩)은/는 정보 자산을 보호하거나 공격자가 악용하는 취약 지점을 설명하는 보안 개념이다.,"보안 코딩(보안 코딩)은/는 정보 자산을 보호하거나 공격자가 악용하는 취약 지점을 설명하는 보안 개념이다. 공격 원리, 영향, 탐지 단서, 예방·탐지·대응 통제를 구분해 쓰면 금융 보안 답안에 적합하다. 연계 개념은 [[SSH]], [[TLS]], [[입력 검증]], [[출력 인코딩]], [[인증]]이며, 학습 시 ""정의 → 동작 원리 → 장단점 → 적용 사례"" 순서로 정리하면 좋다.","[[SSH]], [[TLS]], [[입력 검증]], [[출력 인코딩]], [[인증]]",보강 개념(페이지 직접 언급 없음),"보안 문제에서는 보안 코딩의 정의만 쓰지 말고 관련 개념(SSH, TLS, 입력 검증)과 비교·차이를 함께 쓰면 가점을 받기 쉽다."
CS-266,SELECT,SELECT,데이터베이스,S,S,"SELECT(SELECT)은/는 데이터베이스 영역의 핵심 개념으로, 데이터 저장·검색·무결성·동시성의 관점에서 금융권 거래 원장과 고객 데이터 품질을 좌우한다.","SELECT(SELECT)은/는 데이터베이스 영역의 핵심 개념으로, 데이터 저장·검색·무결성·동시성의 관점에서 금융권 거래 원장과 고객 데이터 품질을 좌우한다. 시험에서는 정의만이 아니라 이상현상, 정규화, 인덱스 성능, 트랜잭션 격리 수준과 함께 묶어 서술하는 것이 좋다. 연계 개념은 [[DCL]], [[TCL]], [[WHERE]], [[GROUP BY]], [[SQL]]이며, 학습 시 ""정의 → 동작 원리 → 장단점 → 적용 사례"" 순서로 정리하면 좋다.","[[DCL]], [[TCL]], [[WHERE]], [[GROUP BY]], [[SQL]]",04-02-프로그래밍-SQL-분산-클라우드.md; 10-03-01-XSS-SQL-Injection.md; 13-01-00-SQL-기본.md,"데이터베이스 문제에서는 SELECT의 정의만 쓰지 말고 관련 개념(DCL, TCL, WHERE)과 비교·차이를 함께 쓰면 가점을 받기 쉽다."
CS-267,Selective Repeat,Selective Repeat,네트워크,S,S,"Selective Repeat(Selective Repeat)은/는 네트워크 통신에서 주소 지정, 경로 선택, 신뢰성, 이름 해석 또는 보안 채널을 구성하는 핵심 요소이다.","Selective Repeat(Selective Repeat)은/는 네트워크 통신에서 주소 지정, 경로 선택, 신뢰성, 이름 해석 또는 보안 채널을 구성하는 핵심 요소이다. 프로토콜의 위치 계층, 헤더에 담기는 식별자, 연결 수립/해제 흐름, 장애 시 진단 명령을 연결해 이해해야 한다. 연계 개념은 [[Stop-and-Wait]], [[Go-Back-N]], [[AIMD]], [[Slow Start]], [[TCP]]이며, 학습 시 ""정의 → 동작 원리 → 장단점 → 적용 사례"" 순서로 정리하면 좋다.","[[Stop-and-Wait]], [[Go-Back-N]], [[AIMD]], [[Slow Start]], [[TCP]]",05-14-01-한국은행-2019-컴퓨터공학-학술-파트-I.md,"네트워크 문제에서는 Selective Repeat의 정의만 쓰지 말고 관련 개념(Stop-and-Wait, Go-Back-N, AIMD)과 비교·차이를 함께 쓰면 가점을 받기 쉽다."
CS-268,시퀀스 다이어그램,Sequence Diagram,소프트웨어공학,S,ㅅ,"시퀀스 다이어그램(시퀀스 다이어그램)은/는 소프트웨어공학 영역의 핵심 개념으로, 요구사항을 안정적인 소프트웨어로 전환하고 변경 비용을 낮추는 방법론이다.","시퀀스 다이어그램(시퀀스 다이어그램)은/는 소프트웨어공학 영역의 핵심 개념으로, 요구사항을 안정적인 소프트웨어로 전환하고 변경 비용을 낮추는 방법론이다. 산출물, 장단점, 적용 상황, 품질 속성에 미치는 영향을 함께 설명하면 면접·논술 답안으로 확장하기 쉽다. 연계 개념은 [[UML]], [[클래스 다이어그램]], [[아키텍처]], [[모듈화]], [[테스트]]이며, 학습 시 ""정의 → 동작 원리 → 장단점 → 적용 사례"" 순서로 정리하면 좋다.","[[UML]], [[클래스 다이어그램]], [[아키텍처]], [[모듈화]], [[테스트]]",보강 개념(페이지 직접 언급 없음),"소프트웨어공학 문제에서는 시퀀스 다이어그램의 정의만 쓰지 말고 관련 개념(UML, 클래스 다이어그램, 아키텍처)과 비교·차이를 함께 쓰면 가점을 받기 쉽다."
CS-269,서버리스,Serverless,클라우드·분산시스템,S,ㅅ,"서버리스(서버리스)은/는 클라우드·분산시스템 영역의 핵심 개념으로, 확장성, 장애 허용, 일관성, 운영 자동화를 다루는 현대 인프라 핵심이다.","서버리스(서버리스)은/는 클라우드·분산시스템 영역의 핵심 개념으로, 확장성, 장애 허용, 일관성, 운영 자동화를 다루는 현대 인프라 핵심이다. 단일 노드 설계와 달리 네트워크 분할, 장애 전파, 재시도, 중복 처리, 관측 가능성을 전제로 설계해야 한다. 연계 개념은 [[하이브리드 클라우드]], [[오토스케일링]], [[마이크로서비스]], [[API 게이트웨이]], [[분산 시스템]]이며, 학습 시 ""정의 → 동작 원리 → 장단점 → 적용 사례"" 순서로 정리하면 좋다.","[[하이브리드 클라우드]], [[오토스케일링]], [[마이크로서비스]], [[API 게이트웨이]], [[분산 시스템]]",보강 개념(페이지 직접 언급 없음),"클라우드·분산시스템 문제에서는 서버리스의 정의만 쓰지 말고 관련 개념(하이브리드 클라우드, 오토스케일링, 마이크로서비스)과 비교·차이를 함께 쓰면 가점을 받기 쉽다."
CS-270,세션 하이재킹,Session Hijacking,보안,S,ㅅ,세션 하이재킹(세션 하이재킹)은/는 정보 자산을 보호하거나 공격자가 악용하는 취약 지점을 설명하는 보안 개념이다.,"세션 하이재킹(세션 하이재킹)은/는 정보 자산을 보호하거나 공격자가 악용하는 취약 지점을 설명하는 보안 개념이다. 공격 원리, 영향, 탐지 단서, 예방·탐지·대응 통제를 구분해 쓰면 금융 보안 답안에 적합하다. 연계 개념은 [[SQL Injection]], [[CSRF]], [[DDoS]], [[SYN Flood]], [[인증]]이며, 학습 시 ""정의 → 동작 원리 → 장단점 → 적용 사례"" 순서로 정리하면 좋다.","[[SQL Injection]], [[CSRF]], [[DDoS]], [[SYN Flood]], [[인증]]",10-03-01-XSS-SQL-Injection.md,"보안 문제에서는 세션 하이재킹의 정의만 쓰지 말고 관련 개념(SQL Injection, CSRF, DDoS)과 비교·차이를 함께 쓰면 가점을 받기 쉽다."
CS-271,결제,Settlement,금융IT·신기술,S,ㄱ,"결제(결제)은/는 금융IT·신기술 영역의 핵심 개념으로, 금융 인프라, 규제, 지급결제, 디지털 자산과 IT 기술의 접점을 설명한다.","결제(결제)은/는 금융IT·신기술 영역의 핵심 개념으로, 금융 인프라, 규제, 지급결제, 디지털 자산과 IT 기술의 접점을 설명한다. 기술적 구조뿐 아니라 규제, 신뢰, 장애 리스크, 소비자 보호 관점을 함께 설명해야 한다. 연계 개념은 [[지급결제]], [[청산]], [[RTGS]], [[DNS 차액결제]], [[전자금융]]이며, 학습 시 ""정의 → 동작 원리 → 장단점 → 적용 사례"" 순서로 정리하면 좋다.","[[지급결제]], [[청산]], [[RTGS]], [[DNS 차액결제]], [[전자금융]]",03-01-지원동기.md; 05-09-운영체제-기출-모음.md; 14-컴퓨터구조-심화.md,"금융IT·신기술 문제에서는 결제의 정의만 쓰지 말고 관련 개념(지급결제, 청산, RTGS)과 비교·차이를 함께 쓰면 가점을 받기 쉽다."
CS-272,SHA,SHA,보안,S,S,SHA(SHA)은/는 정보 자산을 보호하거나 공격자가 악용하는 취약 지점을 설명하는 보안 개념이다.,"SHA(SHA)은/는 정보 자산을 보호하거나 공격자가 악용하는 취약 지점을 설명하는 보안 개념이다. 공격 원리, 영향, 탐지 단서, 예방·탐지·대응 통제를 구분해 쓰면 금융 보안 답안에 적합하다. 연계 개념은 [[AES]], [[RSA]], [[솔트]], [[키 스트레칭]], [[인증]]이며, 학습 시 ""정의 → 동작 원리 → 장단점 → 적용 사례"" 순서로 정리하면 좋다.","[[AES]], [[RSA]], [[솔트]], [[키 스트레칭]], [[인증]]",05-05-SGI서울보증-기출.md; 08-03-HTTP-DNS-TLS.md; 05-14-10-한국은행-2024-컴퓨터공학-학술-파트-I.md,"보안 문제에서는 SHA의 정의만 쓰지 말고 관련 개념(AES, RSA, 솔트)과 비교·차이를 함께 쓰면 가점을 받기 쉽다."
CS-273,샤딩,Sharding,클라우드·분산시스템,S,ㅅ,"샤딩(샤딩)은/는 클라우드·분산시스템 영역의 핵심 개념으로, 확장성, 장애 허용, 일관성, 운영 자동화를 다루는 현대 인프라 핵심이다.","샤딩(샤딩)은/는 클라우드·분산시스템 영역의 핵심 개념으로, 확장성, 장애 허용, 일관성, 운영 자동화를 다루는 현대 인프라 핵심이다. 단일 노드 설계와 달리 네트워크 분할, 장애 전파, 재시도, 중복 처리, 관측 가능성을 전제로 설계해야 한다. 연계 개념은 [[최종 일관성]], [[복제]], [[파티셔닝]], [[로드 밸런싱]], [[분산 시스템]]이며, 학습 시 ""정의 → 동작 원리 → 장단점 → 적용 사례"" 순서로 정리하면 좋다.","[[최종 일관성]], [[복제]], [[파티셔닝]], [[로드 밸런싱]], [[분산 시스템]]",보강 개념(페이지 직접 언급 없음),"클라우드·분산시스템 문제에서는 샤딩의 정의만 쓰지 말고 관련 개념(최종 일관성, 복제, 파티셔닝)과 비교·차이를 함께 쓰면 가점을 받기 쉽다."
CS-274,SIEM,SIEM,보안,S,S,SIEM(SIEM)은/는 정보 자산을 보호하거나 공격자가 악용하는 취약 지점을 설명하는 보안 개념이다.,"SIEM(SIEM)은/는 정보 자산을 보호하거나 공격자가 악용하는 취약 지점을 설명하는 보안 개념이다. 공격 원리, 영향, 탐지 단서, 예방·탐지·대응 통제를 구분해 쓰면 금융 보안 답안에 적합하다. 연계 개념은 [[IDS]], [[IPS]], [[로그 감사]], [[취약점]], [[인증]]이며, 학습 시 ""정의 → 동작 원리 → 장단점 → 적용 사례"" 순서로 정리하면 좋다.","[[IDS]], [[IPS]], [[로그 감사]], [[취약점]], [[인증]]",10-04-IDS-IPS-로그-감사.md,"보안 문제에서는 SIEM의 정의만 쓰지 말고 관련 개념(IDS, IPS, 로그 감사)과 비교·차이를 함께 쓰면 가점을 받기 쉽다."
CS-275,싱글턴 패턴,Singleton Pattern,소프트웨어공학,S,ㅅ,"싱글턴 패턴(싱글턴 패턴)은/는 소프트웨어공학 영역의 핵심 개념으로, 요구사항을 안정적인 소프트웨어로 전환하고 변경 비용을 낮추는 방법론이다.","싱글턴 패턴(싱글턴 패턴)은/는 소프트웨어공학 영역의 핵심 개념으로, 요구사항을 안정적인 소프트웨어로 전환하고 변경 비용을 낮추는 방법론이다. 산출물, 장단점, 적용 상황, 품질 속성에 미치는 영향을 함께 설명하면 면접·논술 답안으로 확장하기 쉽다. 연계 개념은 [[의존성 역전 원칙]], [[디자인 패턴]], [[팩토리 패턴]], [[전략 패턴]], [[테스트]]이며, 학습 시 ""정의 → 동작 원리 → 장단점 → 적용 사례"" 순서로 정리하면 좋다.","[[의존성 역전 원칙]], [[디자인 패턴]], [[팩토리 패턴]], [[전략 패턴]], [[테스트]]",보강 개념(페이지 직접 언급 없음),"소프트웨어공학 문제에서는 싱글턴 패턴의 정의만 쓰지 말고 관련 개념(의존성 역전 원칙, 디자인 패턴, 팩토리 패턴)과 비교·차이를 함께 쓰면 가점을 받기 쉽다."
CS-276,SJF,SJF,운영체제,S,S,SJF(SJF)은/는 준비 상태의 작업에 CPU를 어떤 순서와 기준으로 배정할지 결정하는 운영체제 정책이다.,"SJF(SJF)은/는 준비 상태의 작업에 CPU를 어떤 순서와 기준으로 배정할지 결정하는 운영체제 정책이다. 답안에서는 상태 전이, 자료구조(큐·테이블), 오버헤드와 처리량/응답시간의 트레이드오프를 함께 적으면 완성도가 높다. 연계 개념은 [[비선점형 스케줄링]], [[FCFS]], [[SRTF]], [[HRN]], [[프로세스]]이며, 학습 시 ""정의 → 동작 원리 → 장단점 → 적용 사례"" 순서로 정리하면 좋다.","[[비선점형 스케줄링]], [[FCFS]], [[SRTF]], [[HRN]], [[프로세스]]",05-09-운영체제-기출-모음.md; 06-02-02-선점형과-비선점형.md; 06-02-00-CPU-스케줄링.md,"운영체제 문제에서는 SJF의 정의만 쓰지 말고 관련 개념(비선점형 스케줄링, FCFS, SRTF)과 비교·차이를 함께 쓰면 가점을 받기 쉽다."
CS-277,Slow Start,Slow Start,네트워크,S,S,"Slow Start(Slow Start)은/는 네트워크 통신에서 주소 지정, 경로 선택, 신뢰성, 이름 해석 또는 보안 채널을 구성하는 핵심 요소이다.","Slow Start(Slow Start)은/는 네트워크 통신에서 주소 지정, 경로 선택, 신뢰성, 이름 해석 또는 보안 채널을 구성하는 핵심 요소이다. 프로토콜의 위치 계층, 헤더에 담기는 식별자, 연결 수립/해제 흐름, 장애 시 진단 명령을 연결해 이해해야 한다. 연계 개념은 [[Selective Repeat]], [[AIMD]], [[HTTP]], [[HTTPS]], [[TCP]]이며, 학습 시 ""정의 → 동작 원리 → 장단점 → 적용 사례"" 순서로 정리하면 좋다.","[[Selective Repeat]], [[AIMD]], [[HTTP]], [[HTTPS]], [[TCP]]",08-02-02-혼잡제어와-흐름제어.md; 05-06-예탁결제원-기출.md,"네트워크 문제에서는 Slow Start의 정의만 쓰지 말고 관련 개념(Selective Repeat, AIMD, HTTP)과 비교·차이를 함께 쓰면 가점을 받기 쉽다."
CS-278,스마트 컨트랙트,Smart Contract,금융IT·신기술,S,ㅅ,"스마트 컨트랙트(스마트 컨트랙트)은/는 금융IT·신기술 영역의 핵심 개념으로, 금융 인프라, 규제, 지급결제, 디지털 자산과 IT 기술의 접점을 설명한다.","스마트 컨트랙트(스마트 컨트랙트)은/는 금융IT·신기술 영역의 핵심 개념으로, 금융 인프라, 규제, 지급결제, 디지털 자산과 IT 기술의 접점을 설명한다. 기술적 구조뿐 아니라 규제, 신뢰, 장애 리스크, 소비자 보호 관점을 함께 설명해야 한다. 연계 개념은 [[프라이빗 블록체인]], [[퍼블릭 블록체인]], [[DeFi]], [[디지털 자산]], [[전자금융]]이며, 학습 시 ""정의 → 동작 원리 → 장단점 → 적용 사례"" 순서로 정리하면 좋다.","[[프라이빗 블록체인]], [[퍼블릭 블록체인]], [[DeFi]], [[디지털 자산]], [[전자금융]]",보강 개념(페이지 직접 언급 없음),"금융IT·신기술 문제에서는 스마트 컨트랙트의 정의만 쓰지 말고 관련 개념(프라이빗 블록체인, 퍼블릭 블록체인, DeFi)과 비교·차이를 함께 쓰면 가점을 받기 쉽다."
CS-279,스미싱,Smishing,보안,S,ㅅ,스미싱(스미싱)은/는 정보 자산을 보호하거나 공격자가 악용하는 취약 지점을 설명하는 보안 개념이다.,"스미싱(스미싱)은/는 정보 자산을 보호하거나 공격자가 악용하는 취약 지점을 설명하는 보안 개념이다. 공격 원리, 영향, 탐지 단서, 예방·탐지·대응 통제를 구분해 쓰면 금융 보안 답안에 적합하다. 연계 개념은 [[랜섬웨어]], [[피싱]], [[파밍]], [[사회공학]], [[인증]]이며, 학습 시 ""정의 → 동작 원리 → 장단점 → 적용 사례"" 순서로 정리하면 좋다.","[[랜섬웨어]], [[피싱]], [[파밍]], [[사회공학]], [[인증]]",05-01-우리은행-기출.md; 04-04-네트워크-프로토콜-보안.md; 05-12-보안-기출-모음.md,"보안 문제에서는 스미싱의 정의만 쓰지 말고 관련 개념(랜섬웨어, 피싱, 파밍)과 비교·차이를 함께 쓰면 가점을 받기 쉽다."
CS-280,스머프 공격,Smurf Attack,보안,S,ㅅ,스머프 공격(스머프 공격)은/는 정보 자산을 보호하거나 공격자가 악용하는 취약 지점을 설명하는 보안 개념이다.,"스머프 공격(스머프 공격)은/는 정보 자산을 보호하거나 공격자가 악용하는 취약 지점을 설명하는 보안 개념이다. 공격 원리, 영향, 탐지 단서, 예방·탐지·대응 통제를 구분해 쓰면 금융 보안 답안에 적합하다. 연계 개념은 [[DDoS]], [[SYN Flood]], [[ARP 스푸핑]], [[DNS 스푸핑]], [[인증]]이며, 학습 시 ""정의 → 동작 원리 → 장단점 → 적용 사례"" 순서로 정리하면 좋다.","[[DDoS]], [[SYN Flood]], [[ARP 스푸핑]], [[DNS 스푸핑]], [[인증]]",10-03-02-DDoS-스머프-SYN-Flood.md; 05-06-예탁결제원-기출.md,"보안 문제에서는 스머프 공격의 정의만 쓰지 말고 관련 개념(DDoS, SYN Flood, ARP 스푸핑)과 비교·차이를 함께 쓰면 가점을 받기 쉽다."
CS-281,사회공학,Social Engineering,보안,S,ㅅ,사회공학(사회공학)은/는 정보 자산을 보호하거나 공격자가 악용하는 취약 지점을 설명하는 보안 개념이다.,"사회공학(사회공학)은/는 정보 자산을 보호하거나 공격자가 악용하는 취약 지점을 설명하는 보안 개념이다. 공격 원리, 영향, 탐지 단서, 예방·탐지·대응 통제를 구분해 쓰면 금융 보안 답안에 적합하다. 연계 개념은 [[스미싱]], [[파밍]], [[XSS]], [[SQL Injection]], [[인증]]이며, 학습 시 ""정의 → 동작 원리 → 장단점 → 적용 사례"" 순서로 정리하면 좋다.","[[스미싱]], [[파밍]], [[XSS]], [[SQL Injection]], [[인증]]",05-14-한국은행-기출.md; 05-14-23-한국은행-2025-컴퓨터공학-학술-13-정보보호-사회공학-XSS-CSRF.md,"보안 문제에서는 사회공학의 정의만 쓰지 말고 관련 개념(스미싱, 파밍, XSS)과 비교·차이를 함께 쓰면 가점을 받기 쉽다."
CS-282,소프트웨어공학,Software Engineering,소프트웨어공학,S,ㅅ,"소프트웨어공학(Software Engineering)은/는 소프트웨어공학 영역의 핵심 개념으로, 요구사항을 안정적인 소프트웨어로 전환하고 변경 비용을 낮추는 방법론이다.","소프트웨어공학(Software Engineering)은/는 소프트웨어공학 영역의 핵심 개념으로, 요구사항을 안정적인 소프트웨어로 전환하고 변경 비용을 낮추는 방법론이다. 산출물, 장단점, 적용 상황, 품질 속성에 미치는 영향을 함께 설명하면 면접·논술 답안으로 확장하기 쉽다. 연계 개념은 [[소프트웨어 생명주기]], [[폭포수 모델]], [[테스트]], [[형상 관리]], [[요구사항 분석]]이며, 학습 시 ""정의 → 동작 원리 → 장단점 → 적용 사례"" 순서로 정리하면 좋다.","[[소프트웨어 생명주기]], [[폭포수 모델]], [[테스트]], [[형상 관리]], [[요구사항 분석]]",06-02-02-선점형과-비선점형.md; 02-01-기본-전제와-일정.md; 06-01-02-스레드와-멀티스레딩.md,"소프트웨어공학 문제에서는 소프트웨어공학의 정의만 쓰지 말고 관련 개념(소프트웨어 생명주기, 폭포수 모델, 테스트)과 비교·차이를 함께 쓰면 가점을 받기 쉽다."
CS-283,SOLID,SOLID,소프트웨어공학,S,S,"SOLID(SOLID)은/는 소프트웨어공학 영역의 핵심 개념으로, 요구사항을 안정적인 소프트웨어로 전환하고 변경 비용을 낮추는 방법론이다.","SOLID(SOLID)은/는 소프트웨어공학 영역의 핵심 개념으로, 요구사항을 안정적인 소프트웨어로 전환하고 변경 비용을 낮추는 방법론이다. 산출물, 장단점, 적용 상황, 품질 속성에 미치는 영향을 함께 설명하면 면접·논술 답안으로 확장하기 쉽다. 연계 개념은 [[응집도]], [[정보 은닉]], [[단일 책임 원칙]], [[개방-폐쇄 원칙]], [[테스트]]이며, 학습 시 ""정의 → 동작 원리 → 장단점 → 적용 사례"" 순서로 정리하면 좋다.","[[응집도]], [[정보 은닉]], [[단일 책임 원칙]], [[개방-폐쇄 원칙]], [[테스트]]",05-14-10-한국은행-2024-컴퓨터공학-학술-파트-I.md; 11-03-설계-결합도-응집도.md,"소프트웨어공학 문제에서는 SOLID의 정의만 쓰지 말고 관련 개념(응집도, 정보 은닉, 단일 책임 원칙)과 비교·차이를 함께 쓰면 가점을 받기 쉽다."
CS-284,정렬,Sorting,자료구조·알고리즘,S,ㅈ,정렬(Sorting)은/는 데이터를 저장·탐색·갱신하거나 문제를 효율적으로 해결하기 위한 구조 또는 절차이다.,"정렬(Sorting)은/는 데이터를 저장·탐색·갱신하거나 문제를 효율적으로 해결하기 위한 구조 또는 절차이다. 구현 아이디어, 평균/최악 시간복잡도, 안정성·제자리성 같은 성질을 함께 정리하면 코딩형과 서술형 모두에 대응된다. 연계 개념은 [[크루스칼 알고리즘]], [[프림 알고리즘]], [[버블 정렬]], [[선택 정렬]], [[시간 복잡도]]이며, 학습 시 ""정의 → 동작 원리 → 장단점 → 적용 사례"" 순서로 정리하면 좋다.","[[크루스칼 알고리즘]], [[프림 알고리즘]], [[버블 정렬]], [[선택 정렬]], [[시간 복잡도]]",04-IT-필기-핵심정리.md; 05-14-28-한국은행-2026-컴퓨터공학-학술-3-프로그래밍-언어.md; 09-03-정렬과-탐색.md,"자료구조·알고리즘 문제에서는 정렬의 정의만 쓰지 말고 관련 개념(크루스칼 알고리즘, 프림 알고리즘, 버블 정렬)과 비교·차이를 함께 쓰면 가점을 받기 쉽다."
CS-285,나선형 모델,Spiral Model,소프트웨어공학,S,ㄴ,"나선형 모델(나선형 모델)은/는 소프트웨어공학 영역의 핵심 개념으로, 요구사항을 안정적인 소프트웨어로 전환하고 변경 비용을 낮추는 방법론이다.","나선형 모델(나선형 모델)은/는 소프트웨어공학 영역의 핵심 개념으로, 요구사항을 안정적인 소프트웨어로 전환하고 변경 비용을 낮추는 방법론이다. 산출물, 장단점, 적용 상황, 품질 속성에 미치는 영향을 함께 설명하면 면접·논술 답안으로 확장하기 쉽다. 연계 개념은 [[폭포수 모델]], [[프로토타입 모델]], [[애자일]], [[스크럼]], [[테스트]]이며, 학습 시 ""정의 → 동작 원리 → 장단점 → 적용 사례"" 순서로 정리하면 좋다.","[[폭포수 모델]], [[프로토타입 모델]], [[애자일]], [[스크럼]], [[테스트]]",11-01-개발방법론.md; 11-소프트웨어공학.md,"소프트웨어공학 문제에서는 나선형 모델의 정의만 쓰지 말고 관련 개념(폭포수 모델, 프로토타입 모델, 애자일)과 비교·차이를 함께 쓰면 가점을 받기 쉽다."
CS-286,스프린트,Sprint,소프트웨어공학,S,ㅅ,"스프린트(스프린트)은/는 소프트웨어공학 영역의 핵심 개념으로, 요구사항을 안정적인 소프트웨어로 전환하고 변경 비용을 낮추는 방법론이다.","스프린트(스프린트)은/는 소프트웨어공학 영역의 핵심 개념으로, 요구사항을 안정적인 소프트웨어로 전환하고 변경 비용을 낮추는 방법론이다. 산출물, 장단점, 적용 상황, 품질 속성에 미치는 영향을 함께 설명하면 면접·논술 답안으로 확장하기 쉽다. 연계 개념은 [[애자일]], [[스크럼]], [[칸반]], [[DevOps]], [[테스트]]이며, 학습 시 ""정의 → 동작 원리 → 장단점 → 적용 사례"" 순서로 정리하면 좋다.","[[애자일]], [[스크럼]], [[칸반]], [[DevOps]], [[테스트]]",05-08-산업은행-기출.md; 11-01-개발방법론.md; 11-소프트웨어공학.md,"소프트웨어공학 문제에서는 스프린트의 정의만 쓰지 말고 관련 개념(애자일, 스크럼, 칸반)과 비교·차이를 함께 쓰면 가점을 받기 쉽다."
CS-287,SQL,SQL,데이터베이스,S,S,"SQL(SQL)은/는 데이터베이스 영역의 핵심 개념으로, 데이터 저장·검색·무결성·동시성의 관점에서 금융권 거래 원장과 고객 데이터 품질을 좌우한다.","SQL(SQL)은/는 데이터베이스 영역의 핵심 개념으로, 데이터 저장·검색·무결성·동시성의 관점에서 금융권 거래 원장과 고객 데이터 품질을 좌우한다. 시험에서는 정의만이 아니라 이상현상, 정규화, 인덱스 성능, 트랜잭션 격리 수준과 함께 묶어 서술하는 것이 좋다. 연계 개념은 [[클러스터드 인덱스]], [[비클러스터드 인덱스]], [[DDL]], [[DML]], [[트랜잭션]]이며, 학습 시 ""정의 → 동작 원리 → 장단점 → 적용 사례"" 순서로 정리하면 좋다.","[[클러스터드 인덱스]], [[비클러스터드 인덱스]], [[DDL]], [[DML]], [[트랜잭션]]",05-14-06-한국은행-2022-컴퓨터공학-학술-파트-I.md; 05-09-운영체제-기출-모음.md; 05-08-산업은행-기출.md,"데이터베이스 문제에서는 SQL의 정의만 쓰지 말고 관련 개념(클러스터드 인덱스, 비클러스터드 인덱스, DDL)과 비교·차이를 함께 쓰면 가점을 받기 쉽다."
CS-288,SQL Injection,SQL Injection,보안,S,S,SQL Injection(SQL Injection)은/는 정보 자산을 보호하거나 공격자가 악용하는 취약 지점을 설명하는 보안 개념이다.,"SQL Injection(SQL Injection)은/는 정보 자산을 보호하거나 공격자가 악용하는 취약 지점을 설명하는 보안 개념이다. 공격 원리, 영향, 탐지 단서, 예방·탐지·대응 통제를 구분해 쓰면 금융 보안 답안에 적합하다. 연계 개념은 [[사회공학]], [[XSS]], [[CSRF]], [[세션 하이재킹]], [[인증]]이며, 학습 시 ""정의 → 동작 원리 → 장단점 → 적용 사례"" 순서로 정리하면 좋다.","[[사회공학]], [[XSS]], [[CSRF]], [[세션 하이재킹]], [[인증]]",10-03-01-XSS-SQL-Injection.md; 05-01-우리은행-기출.md; 20-5-금융보안원-면접.md,"보안 문제에서는 SQL Injection의 정의만 쓰지 말고 관련 개념(사회공학, XSS, CSRF)과 비교·차이를 함께 쓰면 가점을 받기 쉽다."
CS-289,SRAM,SRAM,컴퓨터구조,S,S,"SRAM(SRAM)은/는 컴퓨터구조 영역의 핵심 개념으로, 명령어 실행, 캐시, 병렬성, 입출력 병목을 하드웨어 관점에서 설명한다.","SRAM(SRAM)은/는 컴퓨터구조 영역의 핵심 개념으로, 명령어 실행, 캐시, 병렬성, 입출력 병목을 하드웨어 관점에서 설명한다. 성능 계산에서는 CPI, 히트율, 병렬화 가능 비율처럼 수치화 가능한 요소와 병목 지점을 함께 본다. 연계 개념은 [[RAM]], [[ROM]], [[DRAM]], [[플래시 메모리]], [[CPU]]이며, 학습 시 ""정의 → 동작 원리 → 장단점 → 적용 사례"" 순서로 정리하면 좋다.","[[RAM]], [[ROM]], [[DRAM]], [[플래시 메모리]], [[CPU]]",보강 개념(페이지 직접 언급 없음),"컴퓨터구조 문제에서는 SRAM의 정의만 쓰지 말고 관련 개념(RAM, ROM, DRAM)과 비교·차이를 함께 쓰면 가점을 받기 쉽다."
CS-290,SRTF,SRTF,운영체제,S,S,SRTF(SRTF)은/는 준비 상태의 작업에 CPU를 어떤 순서와 기준으로 배정할지 결정하는 운영체제 정책이다.,"SRTF(SRTF)은/는 준비 상태의 작업에 CPU를 어떤 순서와 기준으로 배정할지 결정하는 운영체제 정책이다. 답안에서는 상태 전이, 자료구조(큐·테이블), 오버헤드와 처리량/응답시간의 트레이드오프를 함께 적으면 완성도가 높다. 연계 개념은 [[FCFS]], [[SJF]], [[HRN]], [[Round Robin]], [[프로세스]]이며, 학습 시 ""정의 → 동작 원리 → 장단점 → 적용 사례"" 순서로 정리하면 좋다.","[[FCFS]], [[SJF]], [[HRN]], [[Round Robin]], [[프로세스]]",06-02-02-선점형과-비선점형.md; 06-02-00-CPU-스케줄링.md; 06-02-01-FCFS-SJF-HRN-RR.md,"운영체제 문제에서는 SRTF의 정의만 쓰지 말고 관련 개념(FCFS, SJF, HRN)과 비교·차이를 함께 쓰면 가점을 받기 쉽다."
CS-291,SSH,SSH,보안,S,S,SSH(SSH)은/는 정보 자산을 보호하거나 공격자가 악용하는 취약 지점을 설명하는 보안 개념이다.,"SSH(SSH)은/는 정보 자산을 보호하거나 공격자가 악용하는 취약 지점을 설명하는 보안 개념이다. 공격 원리, 영향, 탐지 단서, 예방·탐지·대응 통제를 구분해 쓰면 금융 보안 답안에 적합하다. 연계 개념은 [[제로 트러스트]], [[VPN]], [[TLS]], [[보안 코딩]], [[인증]]이며, 학습 시 ""정의 → 동작 원리 → 장단점 → 적용 사례"" 순서로 정리하면 좋다.","[[제로 트러스트]], [[VPN]], [[TLS]], [[보안 코딩]], [[인증]]",05-05-SGI서울보증-기출.md; 05-11-네트워크-기출-모음.md,"보안 문제에서는 SSH의 정의만 쓰지 말고 관련 개념(제로 트러스트, VPN, TLS)과 비교·차이를 함께 쓰면 가점을 받기 쉽다."
CS-292,SSL,SSL,네트워크,S,S,"SSL(SSL)은/는 네트워크 통신에서 주소 지정, 경로 선택, 신뢰성, 이름 해석 또는 보안 채널을 구성하는 핵심 요소이다.","SSL(SSL)은/는 네트워크 통신에서 주소 지정, 경로 선택, 신뢰성, 이름 해석 또는 보안 채널을 구성하는 핵심 요소이다. 프로토콜의 위치 계층, 헤더에 담기는 식별자, 연결 수립/해제 흐름, 장애 시 진단 명령을 연결해 이해해야 한다. 연계 개념은 [[반복 질의]], [[TLS]], [[대칭키 암호]], [[공개키 암호]], [[TCP]]이며, 학습 시 ""정의 → 동작 원리 → 장단점 → 적용 사례"" 순서로 정리하면 좋다.","[[반복 질의]], [[TLS]], [[대칭키 암호]], [[공개키 암호]], [[TCP]]",05-14-02-한국은행-2019-컴퓨터공학-학술-파트-II.md; 05-04-금융결제원-기출.md; 04-04-네트워크-프로토콜-보안.md,"네트워크 문제에서는 SSL의 정의만 쓰지 말고 관련 개념(반복 질의, TLS, 대칭키 암호)과 비교·차이를 함께 쓰면 가점을 받기 쉽다."
CS-293,스택,Stack,자료구조·알고리즘,S,ㅅ,스택(Stack)은/는 데이터를 저장·탐색·갱신하거나 문제를 효율적으로 해결하기 위한 구조 또는 절차이다.,"스택(Stack)은/는 데이터를 저장·탐색·갱신하거나 문제를 효율적으로 해결하기 위한 구조 또는 절차이다. 구현 아이디어, 평균/최악 시간복잡도, 안정성·제자리성 같은 성질을 함께 정리하면 코딩형과 서술형 모두에 대응된다. 연계 개념은 [[이중 연결 리스트]], [[원형 연결 리스트]], [[큐]], [[원형 큐]], [[시간 복잡도]]이며, 학습 시 ""정의 → 동작 원리 → 장단점 → 적용 사례"" 순서로 정리하면 좋다.","[[이중 연결 리스트]], [[원형 연결 리스트]], [[큐]], [[원형 큐]], [[시간 복잡도]]",05-08-산업은행-기출.md; 06-02-02-선점형과-비선점형.md; 02-01-기본-전제와-일정.md,"자료구조·알고리즘 문제에서는 스택의 정의만 쓰지 말고 관련 개념(이중 연결 리스트, 원형 연결 리스트, 큐)과 비교·차이를 함께 쓰면 가점을 받기 쉽다."
CS-294,static 변수,static 변수,프로그래밍 언어,S,S,"static 변수(static 변수)은/는 프로그래밍 언어 영역의 핵심 개념으로, 코드 실행 방식, 메모리 모델, 객체지향·함수형 추상화를 이해하는 데 필요하다.","static 변수(static 변수)은/는 프로그래밍 언어 영역의 핵심 개념으로, 코드 실행 방식, 메모리 모델, 객체지향·함수형 추상화를 이해하는 데 필요하다. 컴파일/실행 시점, 메모리 할당 위치, 타입 검사 방식, 다형성의 바인딩 시점을 비교해 설명하는 문제가 자주 나온다. 연계 개념은 [[JIT 컴파일]], [[C 언어]], [[전역 변수]], [[재귀 함수]], [[컴파일러]]이며, 학습 시 ""정의 → 동작 원리 → 장단점 → 적용 사례"" 순서로 정리하면 좋다.","[[JIT 컴파일]], [[C 언어]], [[전역 변수]], [[재귀 함수]], [[컴파일러]]",05-08-산업은행-기출.md,"프로그래밍 언어 문제에서는 static 변수의 정의만 쓰지 말고 관련 개념(JIT 컴파일, C 언어, 전역 변수)과 비교·차이를 함께 쓰면 가점을 받기 쉽다."
CS-295,Stop-and-Wait,Stop-and-Wait,네트워크,S,S,"Stop-and-Wait(Stop-and-Wait)은/는 네트워크 통신에서 주소 지정, 경로 선택, 신뢰성, 이름 해석 또는 보안 채널을 구성하는 핵심 요소이다.","Stop-and-Wait(Stop-and-Wait)은/는 네트워크 통신에서 주소 지정, 경로 선택, 신뢰성, 이름 해석 또는 보안 채널을 구성하는 핵심 요소이다. 프로토콜의 위치 계층, 헤더에 담기는 식별자, 연결 수립/해제 흐름, 장애 시 진단 명령을 연결해 이해해야 한다. 연계 개념은 [[혼잡 제어]], [[슬라이딩 윈도우]], [[Go-Back-N]], [[Selective Repeat]], [[TCP]]이며, 학습 시 ""정의 → 동작 원리 → 장단점 → 적용 사례"" 순서로 정리하면 좋다.","[[혼잡 제어]], [[슬라이딩 윈도우]], [[Go-Back-N]], [[Selective Repeat]], [[TCP]]",05-14-01-한국은행-2019-컴퓨터공학-학술-파트-I.md; 05-06-예탁결제원-기출.md,"네트워크 문제에서는 Stop-and-Wait의 정의만 쓰지 말고 관련 개념(혼잡 제어, 슬라이딩 윈도우, Go-Back-N)과 비교·차이를 함께 쓰면 가점을 받기 쉽다."
CS-296,전략 패턴,Strategy Pattern,소프트웨어공학,S,ㅈ,"전략 패턴(전략 패턴)은/는 소프트웨어공학 영역의 핵심 개념으로, 요구사항을 안정적인 소프트웨어로 전환하고 변경 비용을 낮추는 방법론이다.","전략 패턴(전략 패턴)은/는 소프트웨어공학 영역의 핵심 개념으로, 요구사항을 안정적인 소프트웨어로 전환하고 변경 비용을 낮추는 방법론이다. 산출물, 장단점, 적용 상황, 품질 속성에 미치는 영향을 함께 설명하면 면접·논술 답안으로 확장하기 쉽다. 연계 개념은 [[싱글턴 패턴]], [[팩토리 패턴]], [[MVC]], [[테스트]], [[형상 관리]]이며, 학습 시 ""정의 → 동작 원리 → 장단점 → 적용 사례"" 순서로 정리하면 좋다.","[[싱글턴 패턴]], [[팩토리 패턴]], [[MVC]], [[테스트]], [[형상 관리]]",보강 개념(페이지 직접 언급 없음),"소프트웨어공학 문제에서는 전략 패턴의 정의만 쓰지 말고 관련 개념(싱글턴 패턴, 팩토리 패턴, MVC)과 비교·차이를 함께 쓰면 가점을 받기 쉽다."
CS-297,서브넷,Subnet,네트워크,S,ㅅ,"서브넷(Subnet)은/는 네트워크 통신에서 주소 지정, 경로 선택, 신뢰성, 이름 해석 또는 보안 채널을 구성하는 핵심 요소이다.","서브넷(Subnet)은/는 네트워크 통신에서 주소 지정, 경로 선택, 신뢰성, 이름 해석 또는 보안 채널을 구성하는 핵심 요소이다. 프로토콜의 위치 계층, 헤더에 담기는 식별자, 연결 수립/해제 흐름, 장애 시 진단 명령을 연결해 이해해야 한다. 연계 개념은 [[IPv4]], [[IPv6]], [[서브넷 마스크]], [[CIDR]], [[TCP]]이며, 학습 시 ""정의 → 동작 원리 → 장단점 → 적용 사례"" 순서로 정리하면 좋다.","[[IPv4]], [[IPv6]], [[서브넷 마스크]], [[CIDR]], [[TCP]]",05-08-산업은행-기출.md; 08-04-라우팅과-서브넷.md; 05-14-01-한국은행-2019-컴퓨터공학-학술-파트-I.md,"네트워크 문제에서는 서브넷의 정의만 쓰지 말고 관련 개념(IPv4, IPv6, 서브넷 마스크)과 비교·차이를 함께 쓰면 가점을 받기 쉽다."
CS-298,슈퍼키,Superkey,데이터베이스,S,ㅅ,슈퍼키(Superkey)은/는 릴레이션에서 튜플을 식별하거나 테이블 간 참조 관계를 유지하는 식별자 개념이다.,"슈퍼키(Superkey)은/는 릴레이션에서 튜플을 식별하거나 테이블 간 참조 관계를 유지하는 식별자 개념이다. 시험에서는 정의만이 아니라 이상현상, 정규화, 인덱스 성능, 트랜잭션 격리 수준과 함께 묶어 서술하는 것이 좋다. 연계 개념은 [[카디널리티]], [[키]], [[후보키]], [[기본키]], [[SQL]]이며, 학습 시 ""정의 → 동작 원리 → 장단점 → 적용 사례"" 순서로 정리하면 좋다.","[[카디널리티]], [[키]], [[후보키]], [[기본키]], [[SQL]]",보강 개념(페이지 직접 언급 없음),"데이터베이스 문제에서는 슈퍼키의 정의만 쓰지 말고 관련 개념(카디널리티, 키, 후보키)과 비교·차이를 함께 쓰면 가점을 받기 쉽다."
CS-299,지도학습,Supervised Learning,인공지능·데이터,S,ㅈ,"지도학습(지도학습)은/는 데이터 기반 예측·분류·분석 과정에서 모델, 학습 방법, 평가 또는 전처리를 설명하는 개념이다.","지도학습(지도학습)은/는 데이터 기반 예측·분류·분석 과정에서 모델, 학습 방법, 평가 또는 전처리를 설명하는 개념이다. 데이터 누수, 편향, 평가 지표 선택, 운영 중 성능 저하를 함께 고려해야 실제 금융 AI 적용에 적합하다. 연계 개념은 [[인공지능]], [[머신러닝]], [[비지도학습]], [[강화학습]], [[훈련 데이터]]이며, 학습 시 ""정의 → 동작 원리 → 장단점 → 적용 사례"" 순서로 정리하면 좋다.","[[인공지능]], [[머신러닝]], [[비지도학습]], [[강화학습]], [[훈련 데이터]]",02-01-기본-전제와-일정.md; 05-03-대구은행-기출.md; 16-인공지능-기계학습.md,"인공지능·데이터 문제에서는 지도학습의 정의만 쓰지 말고 관련 개념(인공지능, 머신러닝, 비지도학습)과 비교·차이를 함께 쓰면 가점을 받기 쉽다."
CS-300,SupTech,SupTech,금융IT·신기술,S,S,"SupTech(SupTech)은/는 금융IT·신기술 영역의 핵심 개념으로, 금융 인프라, 규제, 지급결제, 디지털 자산과 IT 기술의 접점을 설명한다.","SupTech(SupTech)은/는 금융IT·신기술 영역의 핵심 개념으로, 금융 인프라, 규제, 지급결제, 디지털 자산과 IT 기술의 접점을 설명한다. 기술적 구조뿐 아니라 규제, 신뢰, 장애 리스크, 소비자 보호 관점을 함께 설명해야 한다. 연계 개념은 [[토큰화]], [[RegTech]], [[로보어드바이저]], [[이상거래탐지]], [[전자금융]]이며, 학습 시 ""정의 → 동작 원리 → 장단점 → 적용 사례"" 순서로 정리하면 좋다.","[[토큰화]], [[RegTech]], [[로보어드바이저]], [[이상거래탐지]], [[전자금융]]",보강 개념(페이지 직접 언급 없음),"금융IT·신기술 문제에서는 SupTech의 정의만 쓰지 말고 관련 개념(토큰화, RegTech, 로보어드바이저)과 비교·차이를 함께 쓰면 가점을 받기 쉽다."
CS-301,SVM,SVM,인공지능·데이터,S,S,"SVM(SVM)은/는 데이터 기반 예측·분류·분석 과정에서 모델, 학습 방법, 평가 또는 전처리를 설명하는 개념이다.","SVM(SVM)은/는 데이터 기반 예측·분류·분석 과정에서 모델, 학습 방법, 평가 또는 전처리를 설명하는 개념이다. 데이터 누수, 편향, 평가 지표 선택, 운영 중 성능 저하를 함께 고려해야 실제 금융 AI 적용에 적합하다. 연계 개념은 [[결정 트리]], [[랜덤 포레스트]], [[KNN]], [[나이브 베이즈]], [[머신러닝]]이며, 학습 시 ""정의 → 동작 원리 → 장단점 → 적용 사례"" 순서로 정리하면 좋다.","[[결정 트리]], [[랜덤 포레스트]], [[KNN]], [[나이브 베이즈]], [[머신러닝]]",05-03-대구은행-기출.md; 16-인공지능-기계학습.md; 04-01-빅데이터-블록체인-머신러닝.md,"인공지능·데이터 문제에서는 SVM의 정의만 쓰지 말고 관련 개념(결정 트리, 랜덤 포레스트, KNN)과 비교·차이를 함께 쓰면 가점을 받기 쉽다."
CS-302,대칭키 암호화,Symmetric Encryption,보안,S,ㄷ,대칭키 암호화(대칭키 암호화)은/는 정보 자산을 보호하거나 공격자가 악용하는 취약 지점을 설명하는 보안 개념이다.,"대칭키 암호화(대칭키 암호화)은/는 정보 자산을 보호하거나 공격자가 악용하는 취약 지점을 설명하는 보안 개념이다. 공격 원리, 영향, 탐지 단서, 예방·탐지·대응 통제를 구분해 쓰면 금융 보안 답안에 적합하다. 연계 개념은 [[PKI]], [[공개키 기반구조]], [[비대칭키 암호화]], [[AES]], [[인증]]이며, 학습 시 ""정의 → 동작 원리 → 장단점 → 적용 사례"" 순서로 정리하면 좋다.","[[PKI]], [[공개키 기반구조]], [[비대칭키 암호화]], [[AES]], [[인증]]",04-04-네트워크-프로토콜-보안.md; 05-12-보안-기출-모음.md; 05-02-기업은행-기출.md,"보안 문제에서는 대칭키 암호화의 정의만 쓰지 말고 관련 개념(PKI, 공개키 기반구조, 비대칭키 암호화)과 비교·차이를 함께 쓰면 가점을 받기 쉽다."
CS-303,SYN Flood,SYN Flood,보안,S,S,SYN Flood(SYN Flood)은/는 정보 자산을 보호하거나 공격자가 악용하는 취약 지점을 설명하는 보안 개념이다.,"SYN Flood(SYN Flood)은/는 정보 자산을 보호하거나 공격자가 악용하는 취약 지점을 설명하는 보안 개념이다. 공격 원리, 영향, 탐지 단서, 예방·탐지·대응 통제를 구분해 쓰면 금융 보안 답안에 적합하다. 연계 개념은 [[세션 하이재킹]], [[DDoS]], [[스머프 공격]], [[ARP 스푸핑]], [[인증]]이며, 학습 시 ""정의 → 동작 원리 → 장단점 → 적용 사례"" 순서로 정리하면 좋다.","[[세션 하이재킹]], [[DDoS]], [[스머프 공격]], [[ARP 스푸핑]], [[인증]]",05-08-산업은행-기출.md; 05-14-10-한국은행-2024-컴퓨터공학-학술-파트-I.md; 05-12-보안-기출-모음.md,"보안 문제에서는 SYN Flood의 정의만 쓰지 말고 관련 개념(세션 하이재킹, DDoS, 스머프 공격)과 비교·차이를 함께 쓰면 가점을 받기 쉽다."
CS-304,시스템 콜,System Call,운영체제,S,ㅅ,"시스템 콜(System Call)은/는 운영체제 영역의 핵심 개념으로, CPU, 메모리, 파일, 입출력 자원을 공정하고 효율적으로 배분하는 기반 지식이다.","시스템 콜(System Call)은/는 운영체제 영역의 핵심 개념으로, CPU, 메모리, 파일, 입출력 자원을 공정하고 효율적으로 배분하는 기반 지식이다. 답안에서는 상태 전이, 자료구조(큐·테이블), 오버헤드와 처리량/응답시간의 트레이드오프를 함께 적으면 완성도가 높다. 연계 개념은 [[운영체제]], [[커널]], [[프로세스]], [[스레드]], [[메모리 관리]]이며, 학습 시 ""정의 → 동작 원리 → 장단점 → 적용 사례"" 순서로 정리하면 좋다.","[[운영체제]], [[커널]], [[프로세스]], [[스레드]], [[메모리 관리]]",06-01-00-프로세스와-스레드.md; 06-운영체제.md,"운영체제 문제에서는 시스템 콜의 정의만 쓰지 말고 관련 개념(운영체제, 커널, 프로세스)과 비교·차이를 함께 쓰면 가점을 받기 쉽다."
CS-305,시스템 테스트,System Test,소프트웨어공학,S,ㅅ,"시스템 테스트(시스템 테스트)은/는 소프트웨어공학 영역의 핵심 개념으로, 요구사항을 안정적인 소프트웨어로 전환하고 변경 비용을 낮추는 방법론이다.","시스템 테스트(시스템 테스트)은/는 소프트웨어공학 영역의 핵심 개념으로, 요구사항을 안정적인 소프트웨어로 전환하고 변경 비용을 낮추는 방법론이다. 산출물, 장단점, 적용 상황, 품질 속성에 미치는 영향을 함께 설명하면 면접·논술 답안으로 확장하기 쉽다. 연계 개념은 [[단위 테스트]], [[통합 테스트]], [[인수 테스트]], [[블랙박스 테스트]], [[테스트]]이며, 학습 시 ""정의 → 동작 원리 → 장단점 → 적용 사례"" 순서로 정리하면 좋다.","[[단위 테스트]], [[통합 테스트]], [[인수 테스트]], [[블랙박스 테스트]], [[테스트]]",11-02-02-단위-통합-인수테스트.md; 05-14-29-한국은행-2026-컴퓨터공학-학술-4-소프트웨어-공학.md; 11-02-00-테스트.md,"소프트웨어공학 문제에서는 시스템 테스트의 정의만 쓰지 말고 관련 개념(단위 테스트, 통합 테스트, 인수 테스트)과 비교·차이를 함께 쓰면 가점을 받기 쉽다."
CS-306,TCL,TCL,데이터베이스,T,T,"TCL(TCL)은/는 데이터베이스 영역의 핵심 개념으로, 데이터 저장·검색·무결성·동시성의 관점에서 금융권 거래 원장과 고객 데이터 품질을 좌우한다.","TCL(TCL)은/는 데이터베이스 영역의 핵심 개념으로, 데이터 저장·검색·무결성·동시성의 관점에서 금융권 거래 원장과 고객 데이터 품질을 좌우한다. 시험에서는 정의만이 아니라 이상현상, 정규화, 인덱스 성능, 트랜잭션 격리 수준과 함께 묶어 서술하는 것이 좋다. 연계 개념은 [[DML]], [[DCL]], [[SELECT]], [[WHERE]], [[SQL]]이며, 학습 시 ""정의 → 동작 원리 → 장단점 → 적용 사례"" 순서로 정리하면 좋다.","[[DML]], [[DCL]], [[SELECT]], [[WHERE]], [[SQL]]",05-08-산업은행-기출.md,"데이터베이스 문제에서는 TCL의 정의만 쓰지 말고 관련 개념(DML, DCL, SELECT)과 비교·차이를 함께 쓰면 가점을 받기 쉽다."
CS-307,TCP/IP 모델,TCP/IP Model,네트워크,T,T,"TCP/IP 모델(TCP/IP Model)은/는 네트워크 통신에서 주소 지정, 경로 선택, 신뢰성, 이름 해석 또는 보안 채널을 구성하는 핵심 요소이다.","TCP/IP 모델(TCP/IP Model)은/는 네트워크 통신에서 주소 지정, 경로 선택, 신뢰성, 이름 해석 또는 보안 채널을 구성하는 핵심 요소이다. 프로토콜의 위치 계층, 헤더에 담기는 식별자, 연결 수립/해제 흐름, 장애 시 진단 명령을 연결해 이해해야 한다. 연계 개념은 [[OSI 7계층]], [[물리 계층]], [[데이터링크 계층]], [[TCP]], [[IP]]이며, 학습 시 ""정의 → 동작 원리 → 장단점 → 적용 사례"" 순서로 정리하면 좋다.","[[OSI 7계층]], [[물리 계층]], [[데이터링크 계층]], [[TCP]], [[IP]]",보강 개념(페이지 직접 언급 없음),"네트워크 문제에서는 TCP/IP 모델의 정의만 쓰지 말고 관련 개념(OSI 7계층, 물리 계층, 데이터링크 계층)과 비교·차이를 함께 쓰면 가점을 받기 쉽다."
CS-308,기술 부채,Technical Debt,소프트웨어공학,T,ㄱ,"기술 부채(기술 부채)은/는 소프트웨어공학 영역의 핵심 개념으로, 요구사항을 안정적인 소프트웨어로 전환하고 변경 비용을 낮추는 방법론이다.","기술 부채(기술 부채)은/는 소프트웨어공학 영역의 핵심 개념으로, 요구사항을 안정적인 소프트웨어로 전환하고 변경 비용을 낮추는 방법론이다. 산출물, 장단점, 적용 상황, 품질 속성에 미치는 영향을 함께 설명하면 면접·논술 답안으로 확장하기 쉽다. 연계 개념은 [[코드 리뷰]], [[리팩터링]], [[기능 점수]], [[COCOMO]], [[테스트]]이며, 학습 시 ""정의 → 동작 원리 → 장단점 → 적용 사례"" 순서로 정리하면 좋다.","[[코드 리뷰]], [[리팩터링]], [[기능 점수]], [[COCOMO]], [[테스트]]",보강 개념(페이지 직접 언급 없음),"소프트웨어공학 문제에서는 기술 부채의 정의만 쓰지 말고 관련 개념(코드 리뷰, 리팩터링, 기능 점수)과 비교·차이를 함께 쓰면 가점을 받기 쉽다."
CS-309,테스트 데이터,Test Data,인공지능·데이터,T,ㅌ,"테스트 데이터(테스트 데이터)은/는 데이터 기반 예측·분류·분석 과정에서 모델, 학습 방법, 평가 또는 전처리를 설명하는 개념이다.","테스트 데이터(테스트 데이터)은/는 데이터 기반 예측·분류·분석 과정에서 모델, 학습 방법, 평가 또는 전처리를 설명하는 개념이다. 데이터 누수, 편향, 평가 지표 선택, 운영 중 성능 저하를 함께 고려해야 실제 금융 AI 적용에 적합하다. 연계 개념은 [[훈련 데이터]], [[검증 데이터]], [[혼동 행렬]], [[정확도]], [[머신러닝]]이며, 학습 시 ""정의 → 동작 원리 → 장단점 → 적용 사례"" 순서로 정리하면 좋다.","[[훈련 데이터]], [[검증 데이터]], [[혼동 행렬]], [[정확도]], [[머신러닝]]",보강 개념(페이지 직접 언급 없음),"인공지능·데이터 문제에서는 테스트 데이터의 정의만 쓰지 말고 관련 개념(훈련 데이터, 검증 데이터, 혼동 행렬)과 비교·차이를 함께 쓰면 가점을 받기 쉽다."
CS-310,테스트,Testing,소프트웨어공학,T,ㅌ,"테스트(Testing)은/는 소프트웨어공학 영역의 핵심 개념으로, 요구사항을 안정적인 소프트웨어로 전환하고 변경 비용을 낮추는 방법론이다.","테스트(Testing)은/는 소프트웨어공학 영역의 핵심 개념으로, 요구사항을 안정적인 소프트웨어로 전환하고 변경 비용을 낮추는 방법론이다. 산출물, 장단점, 적용 상황, 품질 속성에 미치는 영향을 함께 설명하면 면접·논술 답안으로 확장하기 쉽다. 연계 개념은 [[전략 패턴]], [[MVC]], [[단위 테스트]], [[통합 테스트]], [[형상 관리]]이며, 학습 시 ""정의 → 동작 원리 → 장단점 → 적용 사례"" 순서로 정리하면 좋다.","[[전략 패턴]], [[MVC]], [[단위 테스트]], [[통합 테스트]], [[형상 관리]]",05-14-06-한국은행-2022-컴퓨터공학-학술-파트-I.md; 05-08-산업은행-기출.md; 04-02-프로그래밍-SQL-분산-클라우드.md,"소프트웨어공학 문제에서는 테스트의 정의만 쓰지 말고 관련 개념(전략 패턴, MVC, 단위 테스트)과 비교·차이를 함께 쓰면 가점을 받기 쉽다."
CS-311,스레드,Thread,운영체제,T,ㅅ,"스레드(Thread)은/는 운영체제 영역의 핵심 개념으로, CPU, 메모리, 파일, 입출력 자원을 공정하고 효율적으로 배분하는 기반 지식이다.","스레드(Thread)은/는 운영체제 영역의 핵심 개념으로, CPU, 메모리, 파일, 입출력 자원을 공정하고 효율적으로 배분하는 기반 지식이다. 답안에서는 상태 전이, 자료구조(큐·테이블), 오버헤드와 처리량/응답시간의 트레이드오프를 함께 적으면 완성도가 높다. 연계 개념은 [[시스템 콜]], [[프로세스]], [[멀티스레딩]], [[PCB]], [[메모리 관리]]이며, 학습 시 ""정의 → 동작 원리 → 장단점 → 적용 사례"" 순서로 정리하면 좋다.","[[시스템 콜]], [[프로세스]], [[멀티스레딩]], [[PCB]], [[메모리 관리]]",05-09-운영체제-기출-모음.md; 02-01-기본-전제와-일정.md; 05-14-10-한국은행-2024-컴퓨터공학-학술-파트-I.md,"운영체제 문제에서는 스레드의 정의만 쓰지 말고 관련 개념(시스템 콜, 프로세스, 멀티스레딩)과 비교·차이를 함께 쓰면 가점을 받기 쉽다."
CS-312,위협,Threat,보안,T,ㅇ,위협(위협)은/는 정보 자산을 보호하거나 공격자가 악용하는 취약 지점을 설명하는 보안 개념이다.,"위협(위협)은/는 정보 자산을 보호하거나 공격자가 악용하는 취약 지점을 설명하는 보안 개념이다. 공격 원리, 영향, 탐지 단서, 예방·탐지·대응 통제를 구분해 쓰면 금융 보안 답안에 적합하다. 연계 개념은 [[로그 감사]], [[취약점]], [[위험]], [[악성코드]], [[인증]]이며, 학습 시 ""정의 → 동작 원리 → 장단점 → 적용 사례"" 순서로 정리하면 좋다.","[[로그 감사]], [[취약점]], [[위험]], [[악성코드]], [[인증]]",04-02-프로그래밍-SQL-분산-클라우드.md,"보안 문제에서는 위협의 정의만 쓰지 말고 관련 개념(로그 감사, 취약점, 위험)과 비교·차이를 함께 쓰면 가점을 받기 쉽다."
CS-313,TLB,TLB,운영체제,T,T,TLB(TLB)은/는 물리 메모리보다 큰 주소 공간을 효율적으로 제공하고 주소 변환 비용을 관리하는 메모리 관리 개념이다.,"TLB(TLB)은/는 물리 메모리보다 큰 주소 공간을 효율적으로 제공하고 주소 변환 비용을 관리하는 메모리 관리 개념이다. 답안에서는 상태 전이, 자료구조(큐·테이블), 오버헤드와 처리량/응답시간의 트레이드오프를 함께 적으면 완성도가 높다. 연계 개념은 [[프레임]], [[페이지 테이블]], [[다단계 페이지 테이블]], [[역페이지 테이블]], [[프로세스]]이며, 학습 시 ""정의 → 동작 원리 → 장단점 → 적용 사례"" 순서로 정리하면 좋다.","[[프레임]], [[페이지 테이블]], [[다단계 페이지 테이블]], [[역페이지 테이블]], [[프로세스]]",05-09-운영체제-기출-모음.md; 05-08-산업은행-기출.md; 05-04-금융결제원-기출.md,"운영체제 문제에서는 TLB의 정의만 쓰지 말고 관련 개념(프레임, 페이지 테이블, 다단계 페이지 테이블)과 비교·차이를 함께 쓰면 가점을 받기 쉽다."
CS-314,토큰화,Tokenization,인공지능·데이터,T,ㅌ,"토큰화(토큰화)은/는 데이터 기반 예측·분류·분석 과정에서 모델, 학습 방법, 평가 또는 전처리를 설명하는 개념이다.","토큰화(토큰화)은/는 데이터 기반 예측·분류·분석 과정에서 모델, 학습 방법, 평가 또는 전처리를 설명하는 개념이다. 데이터 누수, 편향, 평가 지표 선택, 운영 중 성능 저하를 함께 고려해야 실제 금융 AI 적용에 적합하다. 연계 개념은 [[임베딩]], [[자연어 처리]], [[정규화]], [[텍스트 마이닝]], [[머신러닝]]이며, 학습 시 ""정의 → 동작 원리 → 장단점 → 적용 사례"" 순서로 정리하면 좋다.","[[임베딩]], [[자연어 처리]], [[정규화]], [[텍스트 마이닝]], [[머신러닝]]",보강 개념(페이지 직접 언급 없음),"인공지능·데이터 문제에서는 토큰화의 정의만 쓰지 말고 관련 개념(임베딩, 자연어 처리, 정규화)과 비교·차이를 함께 쓰면 가점을 받기 쉽다."
CS-315,트레이싱,Tracing,클라우드·분산시스템,T,ㅌ,"트레이싱(트레이싱)은/는 클라우드·분산시스템 영역의 핵심 개념으로, 확장성, 장애 허용, 일관성, 운영 자동화를 다루는 현대 인프라 핵심이다.","트레이싱(트레이싱)은/는 클라우드·분산시스템 영역의 핵심 개념으로, 확장성, 장애 허용, 일관성, 운영 자동화를 다루는 현대 인프라 핵심이다. 단일 노드 설계와 달리 네트워크 분할, 장애 전파, 재시도, 중복 처리, 관측 가능성을 전제로 설계해야 한다. 연계 개념은 [[로그]], [[메트릭]], [[분산 시스템]], [[컨테이너]], [[관측성]]이며, 학습 시 ""정의 → 동작 원리 → 장단점 → 적용 사례"" 순서로 정리하면 좋다.","[[로그]], [[메트릭]], [[분산 시스템]], [[컨테이너]], [[관측성]]",보강 개념(페이지 직접 언급 없음),"클라우드·분산시스템 문제에서는 트레이싱의 정의만 쓰지 말고 관련 개념(로그, 메트릭, 분산 시스템)과 비교·차이를 함께 쓰면 가점을 받기 쉽다."
CS-316,훈련 데이터,Training Data,인공지능·데이터,T,ㅎ,"훈련 데이터(훈련 데이터)은/는 데이터 기반 예측·분류·분석 과정에서 모델, 학습 방법, 평가 또는 전처리를 설명하는 개념이다.","훈련 데이터(훈련 데이터)은/는 데이터 기반 예측·분류·분석 과정에서 모델, 학습 방법, 평가 또는 전처리를 설명하는 개념이다. 데이터 누수, 편향, 평가 지표 선택, 운영 중 성능 저하를 함께 고려해야 실제 금융 AI 적용에 적합하다. 연계 개념은 [[정규화 기법]], [[교차 검증]], [[검증 데이터]], [[테스트 데이터]], [[머신러닝]]이며, 학습 시 ""정의 → 동작 원리 → 장단점 → 적용 사례"" 순서로 정리하면 좋다.","[[정규화 기법]], [[교차 검증]], [[검증 데이터]], [[테스트 데이터]], [[머신러닝]]",16-인공지능-기계학습.md,"인공지능·데이터 문제에서는 훈련 데이터의 정의만 쓰지 말고 관련 개념(정규화 기법, 교차 검증, 검증 데이터)과 비교·차이를 함께 쓰면 가점을 받기 쉽다."
CS-317,트랜잭션,Transaction,데이터베이스,T,ㅌ,트랜잭션(Transaction)은/는 여러 사용자가 동시에 데이터를 변경해도 결과가 정확하고 장애 후 복구 가능하도록 보장하는 거래 처리 개념이다.,"트랜잭션(Transaction)은/는 여러 사용자가 동시에 데이터를 변경해도 결과가 정확하고 장애 후 복구 가능하도록 보장하는 거래 처리 개념이다. 시험에서는 정의만이 아니라 이상현상, 정규화, 인덱스 성능, 트랜잭션 격리 수준과 함께 묶어 서술하는 것이 좋다. 연계 개념은 [[무손실 분해]], [[종속성 보존]], [[ACID]], [[원자성]], [[SQL]]이며, 학습 시 ""정의 → 동작 원리 → 장단점 → 적용 사례"" 순서로 정리하면 좋다.","[[무손실 분해]], [[종속성 보존]], [[ACID]], [[원자성]], [[SQL]]",05-08-산업은행-기출.md; 05-05-SGI서울보증-기출.md; 02-01-기본-전제와-일정.md,"데이터베이스 문제에서는 트랜잭션의 정의만 쓰지 말고 관련 개념(무손실 분해, 종속성 보존, ACID)과 비교·차이를 함께 쓰면 가점을 받기 쉽다."
CS-318,Transformer,Transformer,인공지능·데이터,T,T,"Transformer(Transformer)은/는 데이터 기반 예측·분류·분석 과정에서 모델, 학습 방법, 평가 또는 전처리를 설명하는 개념이다.","Transformer(Transformer)은/는 데이터 기반 예측·분류·분석 과정에서 모델, 학습 방법, 평가 또는 전처리를 설명하는 개념이다. 데이터 누수, 편향, 평가 지표 선택, 운영 중 성능 저하를 함께 고려해야 실제 금융 AI 적용에 적합하다. 연계 개념은 [[RNN]], [[LSTM]], [[어텐션]], [[임베딩]], [[머신러닝]]이며, 학습 시 ""정의 → 동작 원리 → 장단점 → 적용 사례"" 순서로 정리하면 좋다.","[[RNN]], [[LSTM]], [[어텐션]], [[임베딩]], [[머신러닝]]",보강 개념(페이지 직접 언급 없음),"인공지능·데이터 문제에서는 Transformer의 정의만 쓰지 말고 관련 개념(RNN, LSTM, 어텐션)과 비교·차이를 함께 쓰면 가점을 받기 쉽다."
CS-319,TCP,Transmission Control Protocol,네트워크,T,T,"TCP(Transmission Control Protocol)은/는 네트워크 통신에서 주소 지정, 경로 선택, 신뢰성, 이름 해석 또는 보안 채널을 구성하는 핵심 요소이다.","TCP(Transmission Control Protocol)은/는 네트워크 통신에서 주소 지정, 경로 선택, 신뢰성, 이름 해석 또는 보안 채널을 구성하는 핵심 요소이다. 프로토콜의 위치 계층, 헤더에 담기는 식별자, 연결 수립/해제 흐름, 장애 시 진단 명령을 연결해 이해해야 한다. 연계 개념은 [[ICMP]], [[Ping]], [[UDP]], [[3-Way Handshake]], [[IP]]이며, 학습 시 ""정의 → 동작 원리 → 장단점 → 적용 사례"" 순서로 정리하면 좋다.","[[ICMP]], [[Ping]], [[UDP]], [[3-Way Handshake]], [[IP]]",05-08-산업은행-기출.md; 04-IT-필기-핵심정리.md; 08-03-HTTP-DNS-TLS.md,"네트워크 문제에서는 TCP의 정의만 쓰지 말고 관련 개념(ICMP, Ping, UDP)과 비교·차이를 함께 쓰면 가점을 받기 쉽다."
CS-320,TLS,Transport Layer Security,네트워크,T,T,"TLS(Transport Layer Security)은/는 네트워크 통신에서 주소 지정, 경로 선택, 신뢰성, 이름 해석 또는 보안 채널을 구성하는 핵심 요소이다.","TLS(Transport Layer Security)은/는 네트워크 통신에서 주소 지정, 경로 선택, 신뢰성, 이름 해석 또는 보안 채널을 구성하는 핵심 요소이다. 프로토콜의 위치 계층, 헤더에 담기는 식별자, 연결 수립/해제 흐름, 장애 시 진단 명령을 연결해 이해해야 한다. 연계 개념은 [[재귀 질의]], [[반복 질의]], [[SSL]], [[대칭키 암호]], [[TCP]]이며, 학습 시 ""정의 → 동작 원리 → 장단점 → 적용 사례"" 순서로 정리하면 좋다.","[[재귀 질의]], [[반복 질의]], [[SSL]], [[대칭키 암호]], [[TCP]]",08-03-HTTP-DNS-TLS.md; 02-01-기본-전제와-일정.md; 05-14-02-한국은행-2019-컴퓨터공학-학술-파트-II.md,"네트워크 문제에서는 TLS의 정의만 쓰지 말고 관련 개념(재귀 질의, 반복 질의, SSL)과 비교·차이를 함께 쓰면 가점을 받기 쉽다."
CS-321,트로이목마,Trojan Horse,보안,T,ㅌ,트로이목마(트로이목마)은/는 정보 자산을 보호하거나 공격자가 악용하는 취약 지점을 설명하는 보안 개념이다.,"트로이목마(트로이목마)은/는 정보 자산을 보호하거나 공격자가 악용하는 취약 지점을 설명하는 보안 개념이다. 공격 원리, 영향, 탐지 단서, 예방·탐지·대응 통제를 구분해 쓰면 금융 보안 답안에 적합하다. 연계 개념은 [[바이러스]], [[웜]], [[랜섬웨어]], [[피싱]], [[인증]]이며, 학습 시 ""정의 → 동작 원리 → 장단점 → 적용 사례"" 순서로 정리하면 좋다.","[[바이러스]], [[웜]], [[랜섬웨어]], [[피싱]], [[인증]]",04-04-네트워크-프로토콜-보안.md; 05-12-보안-기출-모음.md,"보안 문제에서는 트로이목마의 정의만 쓰지 말고 관련 개념(바이러스, 웜, 랜섬웨어)과 비교·차이를 함께 쓰면 가점을 받기 쉽다."
CS-322,튜플,Tuple,데이터베이스,T,ㅌ,"튜플(Tuple)은/는 데이터베이스 영역의 핵심 개념으로, 데이터 저장·검색·무결성·동시성의 관점에서 금융권 거래 원장과 고객 데이터 품질을 좌우한다.","튜플(Tuple)은/는 데이터베이스 영역의 핵심 개념으로, 데이터 저장·검색·무결성·동시성의 관점에서 금융권 거래 원장과 고객 데이터 품질을 좌우한다. 시험에서는 정의만이 아니라 이상현상, 정규화, 인덱스 성능, 트랜잭션 격리 수준과 함께 묶어 서술하는 것이 좋다. 연계 개념은 [[인스턴스]], [[릴레이션]], [[속성]], [[도메인]], [[SQL]]이며, 학습 시 ""정의 → 동작 원리 → 장단점 → 적용 사례"" 순서로 정리하면 좋다.","[[인스턴스]], [[릴레이션]], [[속성]], [[도메인]], [[SQL]]",05-14-06-한국은행-2022-컴퓨터공학-학술-파트-I.md; 05-08-산업은행-기출.md; 07-01-01-릴레이션-튜플-속성.md,"데이터베이스 문제에서는 튜플의 정의만 쓰지 말고 관련 개념(인스턴스, 릴레이션, 속성)과 비교·차이를 함께 쓰면 가점을 받기 쉽다."
CS-323,UML,UML,소프트웨어공학,U,U,"UML(UML)은/는 소프트웨어공학 영역의 핵심 개념으로, 요구사항을 안정적인 소프트웨어로 전환하고 변경 비용을 낮추는 방법론이다.","UML(UML)은/는 소프트웨어공학 영역의 핵심 개념으로, 요구사항을 안정적인 소프트웨어로 전환하고 변경 비용을 낮추는 방법론이다. 산출물, 장단점, 적용 상황, 품질 속성에 미치는 영향을 함께 설명하면 면접·논술 답안으로 확장하기 쉽다. 연계 개념은 [[비기능 요구사항]], [[유스케이스]], [[클래스 다이어그램]], [[시퀀스 다이어그램]], [[테스트]]이며, 학습 시 ""정의 → 동작 원리 → 장단점 → 적용 사례"" 순서로 정리하면 좋다.","[[비기능 요구사항]], [[유스케이스]], [[클래스 다이어그램]], [[시퀀스 다이어그램]], [[테스트]]",05-14-06-한국은행-2022-컴퓨터공학-학술-파트-I.md; 11-01-개발방법론.md,"소프트웨어공학 문제에서는 UML의 정의만 쓰지 말고 관련 개념(비기능 요구사항, 유스케이스, 클래스 다이어그램)과 비교·차이를 함께 쓰면 가점을 받기 쉽다."
CS-324,과소적합,Underfitting,인공지능·데이터,U,ㄱ,"과소적합(과소적합)은/는 데이터 기반 예측·분류·분석 과정에서 모델, 학습 방법, 평가 또는 전처리를 설명하는 개념이다.","과소적합(과소적합)은/는 데이터 기반 예측·분류·분석 과정에서 모델, 학습 방법, 평가 또는 전처리를 설명하는 개념이다. 데이터 누수, 편향, 평가 지표 선택, 운영 중 성능 저하를 함께 고려해야 실제 금융 AI 적용에 적합하다. 연계 개념은 [[추천 시스템]], [[과적합]], [[정규화 기법]], [[교차 검증]], [[머신러닝]]이며, 학습 시 ""정의 → 동작 원리 → 장단점 → 적용 사례"" 순서로 정리하면 좋다.","[[추천 시스템]], [[과적합]], [[정규화 기법]], [[교차 검증]], [[머신러닝]]",16-인공지능-기계학습.md,"인공지능·데이터 문제에서는 과소적합의 정의만 쓰지 말고 관련 개념(추천 시스템, 과적합, 정규화 기법)과 비교·차이를 함께 쓰면 가점을 받기 쉽다."
CS-325,UNDO,UNDO,데이터베이스,U,U,UNDO(UNDO)은/는 여러 사용자가 동시에 데이터를 변경해도 결과가 정확하고 장애 후 복구 가능하도록 보장하는 거래 처리 개념이다.,"UNDO(UNDO)은/는 여러 사용자가 동시에 데이터를 변경해도 결과가 정확하고 장애 후 복구 가능하도록 보장하는 거래 처리 개념이다. 시험에서는 정의만이 아니라 이상현상, 정규화, 인덱스 성능, 트랜잭션 격리 수준과 함께 묶어 서술하는 것이 좋다. 연계 개념은 [[회복]], [[로그]], [[REDO]], [[체크포인트]], [[SQL]]이며, 학습 시 ""정의 → 동작 원리 → 장단점 → 적용 사례"" 순서로 정리하면 좋다.","[[회복]], [[로그]], [[REDO]], [[체크포인트]], [[SQL]]",05-08-산업은행-기출.md; 07-04-트랜잭션과-회복.md; 05-10-데이터베이스-기출-모음.md,"데이터베이스 문제에서는 UNDO의 정의만 쓰지 말고 관련 개념(회복, 로그, REDO)과 비교·차이를 함께 쓰면 가점을 받기 쉽다."
CS-326,단위 테스트,Unit Test,소프트웨어공학,U,ㄷ,"단위 테스트(단위 테스트)은/는 소프트웨어공학 영역의 핵심 개념으로, 요구사항을 안정적인 소프트웨어로 전환하고 변경 비용을 낮추는 방법론이다.","단위 테스트(단위 테스트)은/는 소프트웨어공학 영역의 핵심 개념으로, 요구사항을 안정적인 소프트웨어로 전환하고 변경 비용을 낮추는 방법론이다. 산출물, 장단점, 적용 상황, 품질 속성에 미치는 영향을 함께 설명하면 면접·논술 답안으로 확장하기 쉽다. 연계 개념은 [[MVC]], [[테스트]], [[통합 테스트]], [[시스템 테스트]], [[형상 관리]]이며, 학습 시 ""정의 → 동작 원리 → 장단점 → 적용 사례"" 순서로 정리하면 좋다.","[[MVC]], [[테스트]], [[통합 테스트]], [[시스템 테스트]], [[형상 관리]]",11-02-02-단위-통합-인수테스트.md; 04-05-자료구조-알고리즘-DB-금융IT.md; 05-14-29-한국은행-2026-컴퓨터공학-학술-4-소프트웨어-공학.md,"소프트웨어공학 문제에서는 단위 테스트의 정의만 쓰지 말고 관련 개념(MVC, 테스트, 통합 테스트)과 비교·차이를 함께 쓰면 가점을 받기 쉽다."
CS-327,비지도학습,Unsupervised Learning,인공지능·데이터,U,ㅂ,"비지도학습(비지도학습)은/는 데이터 기반 예측·분류·분석 과정에서 모델, 학습 방법, 평가 또는 전처리를 설명하는 개념이다.","비지도학습(비지도학습)은/는 데이터 기반 예측·분류·분석 과정에서 모델, 학습 방법, 평가 또는 전처리를 설명하는 개념이다. 데이터 누수, 편향, 평가 지표 선택, 운영 중 성능 저하를 함께 고려해야 실제 금융 AI 적용에 적합하다. 연계 개념은 [[머신러닝]], [[지도학습]], [[강화학습]], [[분류]], [[훈련 데이터]]이며, 학습 시 ""정의 → 동작 원리 → 장단점 → 적용 사례"" 순서로 정리하면 좋다.","[[머신러닝]], [[지도학습]], [[강화학습]], [[분류]], [[훈련 데이터]]",02-01-기본-전제와-일정.md; 16-인공지능-기계학습.md; 04-01-빅데이터-블록체인-머신러닝.md,"인공지능·데이터 문제에서는 비지도학습의 정의만 쓰지 말고 관련 개념(머신러닝, 지도학습, 강화학습)과 비교·차이를 함께 쓰면 가점을 받기 쉽다."
CS-328,유스케이스,Use Case,소프트웨어공학,U,ㅇ,"유스케이스(유스케이스)은/는 소프트웨어공학 영역의 핵심 개념으로, 요구사항을 안정적인 소프트웨어로 전환하고 변경 비용을 낮추는 방법론이다.","유스케이스(유스케이스)은/는 소프트웨어공학 영역의 핵심 개념으로, 요구사항을 안정적인 소프트웨어로 전환하고 변경 비용을 낮추는 방법론이다. 산출물, 장단점, 적용 상황, 품질 속성에 미치는 영향을 함께 설명하면 면접·논술 답안으로 확장하기 쉽다. 연계 개념은 [[기능 요구사항]], [[비기능 요구사항]], [[UML]], [[클래스 다이어그램]], [[테스트]]이며, 학습 시 ""정의 → 동작 원리 → 장단점 → 적용 사례"" 순서로 정리하면 좋다.","[[기능 요구사항]], [[비기능 요구사항]], [[UML]], [[클래스 다이어그램]], [[테스트]]",11-02-01-블랙박스와-화이트박스.md; 11-01-개발방법론.md; 11-소프트웨어공학.md,"소프트웨어공학 문제에서는 유스케이스의 정의만 쓰지 말고 관련 개념(기능 요구사항, 비기능 요구사항, UML)과 비교·차이를 함께 쓰면 가점을 받기 쉽다."
CS-329,UDP,User Datagram Protocol,네트워크,U,U,"UDP(User Datagram Protocol)은/는 네트워크 통신에서 주소 지정, 경로 선택, 신뢰성, 이름 해석 또는 보안 채널을 구성하는 핵심 요소이다.","UDP(User Datagram Protocol)은/는 네트워크 통신에서 주소 지정, 경로 선택, 신뢰성, 이름 해석 또는 보안 채널을 구성하는 핵심 요소이다. 프로토콜의 위치 계층, 헤더에 담기는 식별자, 연결 수립/해제 흐름, 장애 시 진단 명령을 연결해 이해해야 한다. 연계 개념은 [[Ping]], [[TCP]], [[3-Way Handshake]], [[4-Way Handshake]], [[IP]]이며, 학습 시 ""정의 → 동작 원리 → 장단점 → 적용 사례"" 순서로 정리하면 좋다.","[[Ping]], [[TCP]], [[3-Way Handshake]], [[4-Way Handshake]], [[IP]]",04-IT-필기-핵심정리.md; 02-01-기본-전제와-일정.md; 05-04-금융결제원-기출.md,"네트워크 문제에서는 UDP의 정의만 쓰지 말고 관련 개념(Ping, TCP, 3-Way Handshake)과 비교·차이를 함께 쓰면 가점을 받기 쉽다."
CS-330,탭ULATION,탭ULATION,자료구조·알고리즘,U,ㅌ,탭ULATION(탭ULATION)은/는 데이터를 저장·탐색·갱신하거나 문제를 효율적으로 해결하기 위한 구조 또는 절차이다.,"탭ULATION(탭ULATION)은/는 데이터를 저장·탐색·갱신하거나 문제를 효율적으로 해결하기 위한 구조 또는 절차이다. 구현 아이디어, 평균/최악 시간복잡도, 안정성·제자리성 같은 성질을 함께 정리하면 코딩형과 서술형 모두에 대응된다. 연계 개념은 [[재귀]], [[메모이제이션]], [[시간 복잡도]], [[공간 복잡도]], [[자료구조]]이며, 학습 시 ""정의 → 동작 원리 → 장단점 → 적용 사례"" 순서로 정리하면 좋다.","[[재귀]], [[메모이제이션]], [[시간 복잡도]], [[공간 복잡도]], [[자료구조]]",보강 개념(페이지 직접 언급 없음),"자료구조·알고리즘 문제에서는 탭ULATION의 정의만 쓰지 말고 관련 개념(재귀, 메모이제이션, 시간 복잡도)과 비교·차이를 함께 쓰면 가점을 받기 쉽다."
CS-331,3V,3V,인공지능·데이터,V,3,"3V(3V)은/는 데이터 기반 예측·분류·분석 과정에서 모델, 학습 방법, 평가 또는 전처리를 설명하는 개념이다.","3V(3V)은/는 데이터 기반 예측·분류·분석 과정에서 모델, 학습 방법, 평가 또는 전처리를 설명하는 개념이다. 데이터 누수, 편향, 평가 지표 선택, 운영 중 성능 저하를 함께 고려해야 실제 금융 AI 적용에 적합하다. 연계 개념은 [[결측치]], [[빅데이터]], [[데이터 마이닝]], [[머신러닝]], [[훈련 데이터]]이며, 학습 시 ""정의 → 동작 원리 → 장단점 → 적용 사례"" 순서로 정리하면 좋다.","[[결측치]], [[빅데이터]], [[데이터 마이닝]], [[머신러닝]], [[훈련 데이터]]",05-01-우리은행-기출.md; 05-10-데이터베이스-기출-모음.md; 04-01-빅데이터-블록체인-머신러닝.md,"인공지능·데이터 문제에서는 3V의 정의만 쓰지 말고 관련 개념(결측치, 빅데이터, 데이터 마이닝)과 비교·차이를 함께 쓰면 가점을 받기 쉽다."
CS-332,검증 데이터,Validation Data,인공지능·데이터,V,ㄱ,"검증 데이터(검증 데이터)은/는 데이터 기반 예측·분류·분석 과정에서 모델, 학습 방법, 평가 또는 전처리를 설명하는 개념이다.","검증 데이터(검증 데이터)은/는 데이터 기반 예측·분류·분석 과정에서 모델, 학습 방법, 평가 또는 전처리를 설명하는 개념이다. 데이터 누수, 편향, 평가 지표 선택, 운영 중 성능 저하를 함께 고려해야 실제 금융 AI 적용에 적합하다. 연계 개념은 [[교차 검증]], [[훈련 데이터]], [[테스트 데이터]], [[혼동 행렬]], [[머신러닝]]이며, 학습 시 ""정의 → 동작 원리 → 장단점 → 적용 사례"" 순서로 정리하면 좋다.","[[교차 검증]], [[훈련 데이터]], [[테스트 데이터]], [[혼동 행렬]], [[머신러닝]]",05-08-산업은행-기출.md,"인공지능·데이터 문제에서는 검증 데이터의 정의만 쓰지 말고 관련 개념(교차 검증, 훈련 데이터, 테스트 데이터)과 비교·차이를 함께 쓰면 가점을 받기 쉽다."
CS-333,가상 메모리,Virtual Memory,운영체제,V,ㄱ,가상 메모리(Virtual Memory)은/는 물리 메모리보다 큰 주소 공간을 효율적으로 제공하고 주소 변환 비용을 관리하는 메모리 관리 개념이다.,"가상 메모리(Virtual Memory)은/는 물리 메모리보다 큰 주소 공간을 효율적으로 제공하고 주소 변환 비용을 관리하는 메모리 관리 개념이다. 답안에서는 상태 전이, 자료구조(큐·테이블), 오버헤드와 처리량/응답시간의 트레이드오프를 함께 적으면 완성도가 높다. 연계 개념은 [[역페이지 테이블]], [[세그멘테이션]], [[요구 페이징]], [[페이지 폴트]], [[프로세스]]이며, 학습 시 ""정의 → 동작 원리 → 장단점 → 적용 사례"" 순서로 정리하면 좋다.","[[역페이지 테이블]], [[세그멘테이션]], [[요구 페이징]], [[페이지 폴트]], [[프로세스]]",05-14-08-한국은행-2023-컴퓨터공학-학술-파트-I.md; 05-02-기업은행-기출.md,"운영체제 문제에서는 가상 메모리의 정의만 쓰지 말고 관련 개념(역페이지 테이블, 세그멘테이션, 요구 페이징)과 비교·차이를 함께 쓰면 가점을 받기 쉽다."
CS-334,가상화,Virtualization,클라우드·분산시스템,V,ㄱ,"가상화(Virtualization)은/는 클라우드·분산시스템 영역의 핵심 개념으로, 확장성, 장애 허용, 일관성, 운영 자동화를 다루는 현대 인프라 핵심이다.","가상화(Virtualization)은/는 클라우드·분산시스템 영역의 핵심 개념으로, 확장성, 장애 허용, 일관성, 운영 자동화를 다루는 현대 인프라 핵심이다. 단일 노드 설계와 달리 네트워크 분할, 장애 전파, 재시도, 중복 처리, 관측 가능성을 전제로 설계해야 한다. 연계 개념은 [[클라우드 컴퓨팅]], [[하이퍼바이저]], [[VM]], [[분산 시스템]], [[컨테이너]]이며, 학습 시 ""정의 → 동작 원리 → 장단점 → 적용 사례"" 순서로 정리하면 좋다.","[[클라우드 컴퓨팅]], [[하이퍼바이저]], [[VM]], [[분산 시스템]], [[컨테이너]]",05-09-운영체제-기출-모음.md; 04-IT-필기-핵심정리.md; 04-02-프로그래밍-SQL-분산-클라우드.md,"클라우드·분산시스템 문제에서는 가상화의 정의만 쓰지 말고 관련 개념(클라우드 컴퓨팅, 하이퍼바이저, VM)과 비교·차이를 함께 쓰면 가점을 받기 쉽다."
CS-335,바이러스,Virus,보안,V,ㅂ,바이러스(바이러스)은/는 정보 자산을 보호하거나 공격자가 악용하는 취약 지점을 설명하는 보안 개념이다.,"바이러스(바이러스)은/는 정보 자산을 보호하거나 공격자가 악용하는 취약 지점을 설명하는 보안 개념이다. 공격 원리, 영향, 탐지 단서, 예방·탐지·대응 통제를 구분해 쓰면 금융 보안 답안에 적합하다. 연계 개념은 [[위험]], [[악성코드]], [[웜]], [[트로이목마]], [[인증]]이며, 학습 시 ""정의 → 동작 원리 → 장단점 → 적용 사례"" 순서로 정리하면 좋다.","[[위험]], [[악성코드]], [[웜]], [[트로이목마]], [[인증]]",보강 개념(페이지 직접 언급 없음),"보안 문제에서는 바이러스의 정의만 쓰지 말고 관련 개념(위험, 악성코드, 웜)과 비교·차이를 함께 쓰면 가점을 받기 쉽다."
CS-336,VM,VM,클라우드·분산시스템,V,V,"VM(VM)은/는 클라우드·분산시스템 영역의 핵심 개념으로, 확장성, 장애 허용, 일관성, 운영 자동화를 다루는 현대 인프라 핵심이다.","VM(VM)은/는 클라우드·분산시스템 영역의 핵심 개념으로, 확장성, 장애 허용, 일관성, 운영 자동화를 다루는 현대 인프라 핵심이다. 단일 노드 설계와 달리 네트워크 분할, 장애 전파, 재시도, 중복 처리, 관측 가능성을 전제로 설계해야 한다. 연계 개념은 [[가상화]], [[하이퍼바이저]], [[컨테이너]], [[Docker]], [[분산 시스템]]이며, 학습 시 ""정의 → 동작 원리 → 장단점 → 적용 사례"" 순서로 정리하면 좋다.","[[가상화]], [[하이퍼바이저]], [[컨테이너]], [[Docker]], [[분산 시스템]]",05-08-산업은행-기출.md; 05-03-대구은행-기출.md; 16-인공지능-기계학습.md,"클라우드·분산시스템 문제에서는 VM의 정의만 쓰지 말고 관련 개념(가상화, 하이퍼바이저, 컨테이너)과 비교·차이를 함께 쓰면 가점을 받기 쉽다."
CS-337,VPN,VPN,네트워크,V,V,"VPN(VPN)은/는 네트워크 통신에서 주소 지정, 경로 선택, 신뢰성, 이름 해석 또는 보안 채널을 구성하는 핵심 요소이다.","VPN(VPN)은/는 네트워크 통신에서 주소 지정, 경로 선택, 신뢰성, 이름 해석 또는 보안 채널을 구성하는 핵심 요소이다. 프로토콜의 위치 계층, 헤더에 담기는 식별자, 연결 수립/해제 흐름, 장애 시 진단 명령을 연결해 이해해야 한다. 연계 개념은 [[캐시 서버]], [[CDN]], [[터널링]], [[QoS]], [[TCP]]이며, 학습 시 ""정의 → 동작 원리 → 장단점 → 적용 사례"" 순서로 정리하면 좋다.","[[캐시 서버]], [[CDN]], [[터널링]], [[QoS]], [[TCP]]",05-08-산업은행-기출.md; 05-14-17-한국은행-2025-컴퓨터공학-학술-7-네트워크-보안.md; 05-01-우리은행-기출.md,"네트워크 문제에서는 VPN의 정의만 쓰지 말고 관련 개념(캐시 서버, CDN, 터널링)과 비교·차이를 함께 쓰면 가점을 받기 쉽다."
CS-338,취약점,Vulnerability,보안,V,ㅊ,취약점(취약점)은/는 정보 자산을 보호하거나 공격자가 악용하는 취약 지점을 설명하는 보안 개념이다.,"취약점(취약점)은/는 정보 자산을 보호하거나 공격자가 악용하는 취약 지점을 설명하는 보안 개념이다. 공격 원리, 영향, 탐지 단서, 예방·탐지·대응 통제를 구분해 쓰면 금융 보안 답안에 적합하다. 연계 개념은 [[SIEM]], [[로그 감사]], [[위협]], [[위험]], [[인증]]이며, 학습 시 ""정의 → 동작 원리 → 장단점 → 적용 사례"" 순서로 정리하면 좋다.","[[SIEM]], [[로그 감사]], [[위협]], [[위험]], [[인증]]",10-03-01-XSS-SQL-Injection.md; 17-2-컨테이너.md; 19-3-금융결제원-자소서.md,"보안 문제에서는 취약점의 정의만 쓰지 말고 관련 개념(SIEM, 로그 감사, 위협)과 비교·차이를 함께 쓰면 가점을 받기 쉽다."
CS-339,3-Way Handshake,3-Way Handshake,네트워크,W,3,"3-Way Handshake(3-Way Handshake)은/는 네트워크 통신에서 주소 지정, 경로 선택, 신뢰성, 이름 해석 또는 보안 채널을 구성하는 핵심 요소이다.","3-Way Handshake(3-Way Handshake)은/는 네트워크 통신에서 주소 지정, 경로 선택, 신뢰성, 이름 해석 또는 보안 채널을 구성하는 핵심 요소이다. 프로토콜의 위치 계층, 헤더에 담기는 식별자, 연결 수립/해제 흐름, 장애 시 진단 명령을 연결해 이해해야 한다. 연계 개념은 [[TCP]], [[UDP]], [[4-Way Handshake]], [[흐름 제어]], [[IP]]이며, 학습 시 ""정의 → 동작 원리 → 장단점 → 적용 사례"" 순서로 정리하면 좋다.","[[TCP]], [[UDP]], [[4-Way Handshake]], [[흐름 제어]], [[IP]]",05-14-10-한국은행-2024-컴퓨터공학-학술-파트-I.md; 05-14-한국은행-기출.md; 08-02-02-혼잡제어와-흐름제어.md,"네트워크 문제에서는 3-Way Handshake의 정의만 쓰지 말고 관련 개념(TCP, UDP, 4-Way Handshake)과 비교·차이를 함께 쓰면 가점을 받기 쉽다."
CS-340,4-Way Handshake,4-Way Handshake,네트워크,W,4,"4-Way Handshake(4-Way Handshake)은/는 네트워크 통신에서 주소 지정, 경로 선택, 신뢰성, 이름 해석 또는 보안 채널을 구성하는 핵심 요소이다.","4-Way Handshake(4-Way Handshake)은/는 네트워크 통신에서 주소 지정, 경로 선택, 신뢰성, 이름 해석 또는 보안 채널을 구성하는 핵심 요소이다. 프로토콜의 위치 계층, 헤더에 담기는 식별자, 연결 수립/해제 흐름, 장애 시 진단 명령을 연결해 이해해야 한다. 연계 개념은 [[UDP]], [[3-Way Handshake]], [[흐름 제어]], [[혼잡 제어]], [[TCP]]이며, 학습 시 ""정의 → 동작 원리 → 장단점 → 적용 사례"" 순서로 정리하면 좋다.","[[UDP]], [[3-Way Handshake]], [[흐름 제어]], [[혼잡 제어]], [[TCP]]",보강 개념(페이지 직접 언급 없음),"네트워크 문제에서는 4-Way Handshake의 정의만 쓰지 말고 관련 개념(UDP, 3-Way Handshake, 흐름 제어)과 비교·차이를 함께 쓰면 가점을 받기 쉽다."
CS-341,폭포수 모델,Waterfall Model,소프트웨어공학,W,ㅍ,"폭포수 모델(폭포수 모델)은/는 소프트웨어공학 영역의 핵심 개념으로, 요구사항을 안정적인 소프트웨어로 전환하고 변경 비용을 낮추는 방법론이다.","폭포수 모델(폭포수 모델)은/는 소프트웨어공학 영역의 핵심 개념으로, 요구사항을 안정적인 소프트웨어로 전환하고 변경 비용을 낮추는 방법론이다. 산출물, 장단점, 적용 상황, 품질 속성에 미치는 영향을 함께 설명하면 면접·논술 답안으로 확장하기 쉽다. 연계 개념은 [[소프트웨어공학]], [[소프트웨어 생명주기]], [[프로토타입 모델]], [[나선형 모델]], [[테스트]]이며, 학습 시 ""정의 → 동작 원리 → 장단점 → 적용 사례"" 순서로 정리하면 좋다.","[[소프트웨어공학]], [[소프트웨어 생명주기]], [[프로토타입 모델]], [[나선형 모델]], [[테스트]]",11-01-개발방법론.md; 11-소프트웨어공학.md,"소프트웨어공학 문제에서는 폭포수 모델의 정의만 쓰지 말고 관련 개념(소프트웨어공학, 소프트웨어 생명주기, 프로토타입 모델)과 비교·차이를 함께 쓰면 가점을 받기 쉽다."
CS-342,WebSocket,WebSocket,네트워크,W,W,"WebSocket(WebSocket)은/는 네트워크 통신에서 주소 지정, 경로 선택, 신뢰성, 이름 해석 또는 보안 채널을 구성하는 핵심 요소이다.","WebSocket(WebSocket)은/는 네트워크 통신에서 주소 지정, 경로 선택, 신뢰성, 이름 해석 또는 보안 채널을 구성하는 핵심 요소이다. 프로토콜의 위치 계층, 헤더에 담기는 식별자, 연결 수립/해제 흐름, 장애 시 진단 명령을 연결해 이해해야 한다. 연계 개념은 [[세션]], [[REST]], [[프록시]], [[캐시 서버]], [[TCP]]이며, 학습 시 ""정의 → 동작 원리 → 장단점 → 적용 사례"" 순서로 정리하면 좋다.","[[세션]], [[REST]], [[프록시]], [[캐시 서버]], [[TCP]]",보강 개념(페이지 직접 언급 없음),"네트워크 문제에서는 WebSocket의 정의만 쓰지 말고 관련 개념(세션, REST, 프록시)과 비교·차이를 함께 쓰면 가점을 받기 쉽다."
CS-343,WHERE,WHERE,데이터베이스,W,W,"WHERE(WHERE)은/는 데이터베이스 영역의 핵심 개념으로, 데이터 저장·검색·무결성·동시성의 관점에서 금융권 거래 원장과 고객 데이터 품질을 좌우한다.","WHERE(WHERE)은/는 데이터베이스 영역의 핵심 개념으로, 데이터 저장·검색·무결성·동시성의 관점에서 금융권 거래 원장과 고객 데이터 품질을 좌우한다. 시험에서는 정의만이 아니라 이상현상, 정규화, 인덱스 성능, 트랜잭션 격리 수준과 함께 묶어 서술하는 것이 좋다. 연계 개념은 [[TCL]], [[SELECT]], [[GROUP BY]], [[HAVING]], [[SQL]]이며, 학습 시 ""정의 → 동작 원리 → 장단점 → 적용 사례"" 순서로 정리하면 좋다.","[[TCL]], [[SELECT]], [[GROUP BY]], [[HAVING]], [[SQL]]",10-03-01-XSS-SQL-Injection.md; 13-01-00-SQL-기본.md; 07-05-인덱스와-동시성.md,"데이터베이스 문제에서는 WHERE의 정의만 쓰지 말고 관련 개념(TCL, SELECT, GROUP BY)과 비교·차이를 함께 쓰면 가점을 받기 쉽다."
CS-344,화이트박스 테스트,White-box Test,소프트웨어공학,W,ㅎ,"화이트박스 테스트(화이트박스 테스트)은/는 소프트웨어공학 영역의 핵심 개념으로, 요구사항을 안정적인 소프트웨어로 전환하고 변경 비용을 낮추는 방법론이다.","화이트박스 테스트(화이트박스 테스트)은/는 소프트웨어공학 영역의 핵심 개념으로, 요구사항을 안정적인 소프트웨어로 전환하고 변경 비용을 낮추는 방법론이다. 산출물, 장단점, 적용 상황, 품질 속성에 미치는 영향을 함께 설명하면 면접·논술 답안으로 확장하기 쉽다. 연계 개념은 [[인수 테스트]], [[블랙박스 테스트]], [[경계값 분석]], [[동등 분할]], [[테스트]]이며, 학습 시 ""정의 → 동작 원리 → 장단점 → 적용 사례"" 순서로 정리하면 좋다.","[[인수 테스트]], [[블랙박스 테스트]], [[경계값 분석]], [[동등 분할]], [[테스트]]",05-08-산업은행-기출.md; 11-02-01-블랙박스와-화이트박스.md; 04-05-자료구조-알고리즘-DB-금융IT.md,"소프트웨어공학 문제에서는 화이트박스 테스트의 정의만 쓰지 말고 관련 개념(인수 테스트, 블랙박스 테스트, 경계값 분석)과 비교·차이를 함께 쓰면 가점을 받기 쉽다."
CS-345,웜,Worm,보안,W,ㅇ,웜(웜)은/는 정보 자산을 보호하거나 공격자가 악용하는 취약 지점을 설명하는 보안 개념이다.,"웜(웜)은/는 정보 자산을 보호하거나 공격자가 악용하는 취약 지점을 설명하는 보안 개념이다. 공격 원리, 영향, 탐지 단서, 예방·탐지·대응 통제를 구분해 쓰면 금융 보안 답안에 적합하다. 연계 개념은 [[악성코드]], [[바이러스]], [[트로이목마]], [[랜섬웨어]], [[인증]]이며, 학습 시 ""정의 → 동작 원리 → 장단점 → 적용 사례"" 순서로 정리하면 좋다.","[[악성코드]], [[바이러스]], [[트로이목마]], [[랜섬웨어]], [[인증]]",보강 개념(페이지 직접 언급 없음),"보안 문제에서는 웜의 정의만 쓰지 말고 관련 개념(악성코드, 바이러스, 트로이목마)과 비교·차이를 함께 쓰면 가점을 받기 쉽다."
CS-346,XML,XML,프로그래밍 언어,X,X,XML(Extensible Markup Language)은/는 컴퓨터공학과 실무 시스템에서 자주 쓰이는 보강 개념이다.,"XML(Extensible Markup Language)은/는 컴퓨터공학과 실무 시스템에서 자주 쓰이는 보강 개념이다. 관련 개념과 함께 정의, 동작 원리, 장단점, 적용 사례를 연결해 학습한다.","[[JSON]], [[HTML]], [[정규 표현식]]",보강 개념(페이지 직접 언급 없음),프로그래밍 언어 문제에서는 XML의 용도와 인접 기술 차이를 함께 정리한다.
CS-347,XSS,XSS,보안,X,X,XSS(XSS)은/는 정보 자산을 보호하거나 공격자가 악용하는 취약 지점을 설명하는 보안 개념이다.,"XSS(XSS)은/는 정보 자산을 보호하거나 공격자가 악용하는 취약 지점을 설명하는 보안 개념이다. 공격 원리, 영향, 탐지 단서, 예방·탐지·대응 통제를 구분해 쓰면 금융 보안 답안에 적합하다. 연계 개념은 [[파밍]], [[사회공학]], [[SQL Injection]], [[CSRF]], [[인증]]이며, 학습 시 ""정의 → 동작 원리 → 장단점 → 적용 사례"" 순서로 정리하면 좋다.","[[파밍]], [[사회공학]], [[SQL Injection]], [[CSRF]], [[인증]]",05-14-32-한국은행-2026-컴퓨터공학-학술-7-보안.md; 10-03-01-XSS-SQL-Injection.md; 05-01-우리은행-기출.md,"보안 문제에서는 XSS의 정의만 쓰지 말고 관련 개념(파밍, 사회공학, SQL Injection)과 비교·차이를 함께 쓰면 가점을 받기 쉽다."
CS-348,YAML,YAML,프로그래밍 언어,Y,Y,YAML(YAML Ain’t Markup Language)은/는 컴퓨터공학과 실무 시스템에서 자주 쓰이는 보강 개념이다.,"YAML(YAML Ain’t Markup Language)은/는 컴퓨터공학과 실무 시스템에서 자주 쓰이는 보강 개념이다. 관련 개념과 함께 정의, 동작 원리, 장단점, 적용 사례를 연결해 학습한다.","[[JSON]], [[DevOps]], [[Kubernetes]]",보강 개념(페이지 직접 언급 없음),프로그래밍 언어 문제에서는 YAML의 용도와 인접 기술 차이를 함께 정리한다.
CS-349,Zero Trust,Zero Trust,보안,Z,Z,Zero Trust(Zero Trust)은/는 컴퓨터공학과 실무 시스템에서 자주 쓰이는 보강 개념이다.,"Zero Trust(Zero Trust)은/는 컴퓨터공학과 실무 시스템에서 자주 쓰이는 보강 개념이다. 관련 개념과 함께 정의, 동작 원리, 장단점, 적용 사례를 연결해 학습한다.","[[제로 트러스트]], [[접근통제]], [[최소 권한 원칙]]",보강 개념(페이지 직접 언급 없음),보안 문제에서는 Zero Trust의 용도와 인접 기술 차이를 함께 정리한다.
CS-350,제로 트러스트,Zero Trust,보안,Z,ㅈ,제로 트러스트(제로 트러스트)은/는 정보 자산을 보호하거나 공격자가 악용하는 취약 지점을 설명하는 보안 개념이다.,"제로 트러스트(제로 트러스트)은/는 정보 자산을 보호하거나 공격자가 악용하는 취약 지점을 설명하는 보안 개념이다. 공격 원리, 영향, 탐지 단서, 예방·탐지·대응 통제를 구분해 쓰면 금융 보안 답안에 적합하다. 연계 개념은 [[DNS 스푸핑]], [[중간자 공격]], [[VPN]], [[SSH]], [[인증]]이며, 학습 시 ""정의 → 동작 원리 → 장단점 → 적용 사례"" 순서로 정리하면 좋다.","[[DNS 스푸핑]], [[중간자 공격]], [[VPN]], [[SSH]], [[인증]]",보강 개념(페이지 직접 언급 없음),"보안 문제에서는 제로 트러스트의 정의만 쓰지 말고 관련 개념(DNS 스푸핑, 중간자 공격, VPN)과 비교·차이를 함께 쓰면 가점을 받기 쉽다."
CS-351,영지식 증명,Zero-Knowledge Proof,금융IT·신기술,Z,ㅇ,"영지식 증명(영지식 증명)은/는 금융IT·신기술 영역의 핵심 개념으로, 금융 인프라, 규제, 지급결제, 디지털 자산과 IT 기술의 접점을 설명한다.","영지식 증명(영지식 증명)은/는 금융IT·신기술 영역의 핵심 개념으로, 금융 인프라, 규제, 지급결제, 디지털 자산과 IT 기술의 접점을 설명한다. 기술적 구조뿐 아니라 규제, 신뢰, 장애 리스크, 소비자 보호 관점을 함께 설명해야 한다. 연계 개념은 [[양자내성암호]], [[동형암호]], [[전자금융]], [[지급결제]], [[보안]]이며, 학습 시 ""정의 → 동작 원리 → 장단점 → 적용 사례"" 순서로 정리하면 좋다.","[[양자내성암호]], [[동형암호]], [[전자금융]], [[지급결제]], [[보안]]",보강 개념(페이지 직접 언급 없음),"금융IT·신기술 문제에서는 영지식 증명의 정의만 쓰지 말고 관련 개념(양자내성암호, 동형암호, 전자금융)과 비교·차이를 함께 쓰면 가점을 받기 쉽다."
CS-352,2단계 락킹,2단계 락킹,데이터베이스,#,2,2단계 락킹(2단계 락킹)은/는 여러 사용자가 동시에 데이터를 변경해도 결과가 정확하고 장애 후 복구 가능하도록 보장하는 거래 처리 개념이다.,"2단계 락킹(2단계 락킹)은/는 여러 사용자가 동시에 데이터를 변경해도 결과가 정확하고 장애 후 복구 가능하도록 보장하는 거래 처리 개념이다. 시험에서는 정의만이 아니라 이상현상, 정규화, 인덱스 성능, 트랜잭션 격리 수준과 함께 묶어 서술하는 것이 좋다. 연계 개념은 [[동시성 제어]], [[락]], [[교착상태]], [[타임스탬프 기법]], [[SQL]]이며, 학습 시 ""정의 → 동작 원리 → 장단점 → 적용 사례"" 순서로 정리하면 좋다.","[[동시성 제어]], [[락]], [[교착상태]], [[타임스탬프 기법]], [[SQL]]",05-14-10-한국은행-2024-컴퓨터공학-학술-파트-I.md,"데이터베이스 문제에서는 2단계 락킹의 정의만 쓰지 말고 관련 개념(동시성 제어, 락, 교착상태)과 비교·차이를 함께 쓰면 가점을 받기 쉽다."
CS-353,가비지 컬렉션,가비지 컬렉션,프로그래밍 언어,#,ㄱ,"가비지 컬렉션(가비지 컬렉션)은/는 프로그래밍 언어 영역의 핵심 개념으로, 코드 실행 방식, 메모리 모델, 객체지향·함수형 추상화를 이해하는 데 필요하다.","가비지 컬렉션(가비지 컬렉션)은/는 프로그래밍 언어 영역의 핵심 개념으로, 코드 실행 방식, 메모리 모델, 객체지향·함수형 추상화를 이해하는 데 필요하다. 컴파일/실행 시점, 메모리 할당 위치, 타입 검사 방식, 다형성의 바인딩 시점을 비교해 설명하는 문제가 자주 나온다. 연계 개념은 [[스택 메모리]], [[힙 메모리]], [[클래스]], [[객체]], [[컴파일러]]이며, 학습 시 ""정의 → 동작 원리 → 장단점 → 적용 사례"" 순서로 정리하면 좋다.","[[스택 메모리]], [[힙 메모리]], [[클래스]], [[객체]], [[컴파일러]]",05-08-산업은행-기출.md,"프로그래밍 언어 문제에서는 가비지 컬렉션의 정의만 쓰지 말고 관련 개념(스택 메모리, 힙 메모리, 클래스)과 비교·차이를 함께 쓰면 가점을 받기 쉽다."
CS-354,간선,간선,자료구조·알고리즘,#,ㄱ,간선(간선)은/는 데이터를 저장·탐색·갱신하거나 문제를 효율적으로 해결하기 위한 구조 또는 절차이다.,"간선(간선)은/는 데이터를 저장·탐색·갱신하거나 문제를 효율적으로 해결하기 위한 구조 또는 절차이다. 구현 아이디어, 평균/최악 시간복잡도, 안정성·제자리성 같은 성질을 함께 정리하면 코딩형과 서술형 모두에 대응된다. 연계 개념은 [[그래프]], [[정점]], [[인접 행렬]], [[인접 리스트]], [[시간 복잡도]]이며, 학습 시 ""정의 → 동작 원리 → 장단점 → 적용 사례"" 순서로 정리하면 좋다.","[[그래프]], [[정점]], [[인접 행렬]], [[인접 리스트]], [[시간 복잡도]]",05-08-산업은행-기출.md; 05-14-10-한국은행-2024-컴퓨터공학-학술-파트-I.md; 03-08-한국은행-컴퓨터공학-면접-질문-2025.md,"자료구조·알고리즘 문제에서는 간선의 정의만 쓰지 말고 관련 개념(그래프, 정점, 인접 행렬)과 비교·차이를 함께 쓰면 가점을 받기 쉽다."
CS-355,간접 주소 지정,간접 주소 지정,컴퓨터구조,#,ㄱ,"간접 주소 지정(간접 주소 지정)은/는 컴퓨터구조 영역의 핵심 개념으로, 명령어 실행, 캐시, 병렬성, 입출력 병목을 하드웨어 관점에서 설명한다.","간접 주소 지정(간접 주소 지정)은/는 컴퓨터구조 영역의 핵심 개념으로, 명령어 실행, 캐시, 병렬성, 입출력 병목을 하드웨어 관점에서 설명한다. 성능 계산에서는 CPI, 히트율, 병렬화 가능 비율처럼 수치화 가능한 요소와 병목 지점을 함께 본다. 연계 개념은 [[즉시 주소 지정]], [[직접 주소 지정]], [[상대 주소 지정]], [[캐시]], [[CPU]]이며, 학습 시 ""정의 → 동작 원리 → 장단점 → 적용 사례"" 순서로 정리하면 좋다.","[[즉시 주소 지정]], [[직접 주소 지정]], [[상대 주소 지정]], [[캐시]], [[CPU]]",14-3-명령어-세트.md,"컴퓨터구조 문제에서는 간접 주소 지정의 정의만 쓰지 말고 관련 개념(즉시 주소 지정, 직접 주소 지정, 상대 주소 지정)과 비교·차이를 함께 쓰면 가점을 받기 쉽다."
CS-356,강한 타입,강한 타입,프로그래밍 언어,#,ㄱ,"강한 타입(강한 타입)은/는 프로그래밍 언어 영역의 핵심 개념으로, 코드 실행 방식, 메모리 모델, 객체지향·함수형 추상화를 이해하는 데 필요하다.","강한 타입(강한 타입)은/는 프로그래밍 언어 영역의 핵심 개념으로, 코드 실행 방식, 메모리 모델, 객체지향·함수형 추상화를 이해하는 데 필요하다. 컴파일/실행 시점, 메모리 할당 위치, 타입 검사 방식, 다형성의 바인딩 시점을 비교해 설명하는 문제가 자주 나온다. 연계 개념은 [[정적 타입]], [[동적 타입]], [[약한 타입]], [[변수]], [[컴파일러]]이며, 학습 시 ""정의 → 동작 원리 → 장단점 → 적용 사례"" 순서로 정리하면 좋다.","[[정적 타입]], [[동적 타입]], [[약한 타입]], [[변수]], [[컴파일러]]",보강 개념(페이지 직접 언급 없음),"프로그래밍 언어 문제에서는 강한 타입의 정의만 쓰지 말고 관련 개념(정적 타입, 동적 타입, 약한 타입)과 비교·차이를 함께 쓰면 가점을 받기 쉽다."
CS-357,개방 주소법,개방 주소법,자료구조·알고리즘,#,ㄱ,개방 주소법(개방 주소법)은/는 데이터를 저장·탐색·갱신하거나 문제를 효율적으로 해결하기 위한 구조 또는 절차이다.,"개방 주소법(개방 주소법)은/는 데이터를 저장·탐색·갱신하거나 문제를 효율적으로 해결하기 위한 구조 또는 절차이다. 구현 아이디어, 평균/최악 시간복잡도, 안정성·제자리성 같은 성질을 함께 정리하면 코딩형과 서술형 모두에 대응된다. 연계 개념은 [[충돌]], [[체이닝]], [[트리]], [[이진 트리]], [[시간 복잡도]]이며, 학습 시 ""정의 → 동작 원리 → 장단점 → 적용 사례"" 순서로 정리하면 좋다.","[[충돌]], [[체이닝]], [[트리]], [[이진 트리]], [[시간 복잡도]]",05-14-20-한국은행-2025-컴퓨터공학-학술-10-자료구조-해시.md,"자료구조·알고리즘 문제에서는 개방 주소법의 정의만 쓰지 말고 관련 개념(충돌, 체이닝, 트리)과 비교·차이를 함께 쓰면 가점을 받기 쉽다."
CS-358,개방-폐쇄 원칙,개방-폐쇄 원칙,소프트웨어공학,#,ㄱ,"개방-폐쇄 원칙(개방-폐쇄 원칙)은/는 소프트웨어공학 영역의 핵심 개념으로, 요구사항을 안정적인 소프트웨어로 전환하고 변경 비용을 낮추는 방법론이다.","개방-폐쇄 원칙(개방-폐쇄 원칙)은/는 소프트웨어공학 영역의 핵심 개념으로, 요구사항을 안정적인 소프트웨어로 전환하고 변경 비용을 낮추는 방법론이다. 산출물, 장단점, 적용 상황, 품질 속성에 미치는 영향을 함께 설명하면 면접·논술 답안으로 확장하기 쉽다. 연계 개념은 [[SOLID]], [[단일 책임 원칙]], [[리스코프 치환 원칙]], [[인터페이스 분리 원칙]], [[테스트]]이며, 학습 시 ""정의 → 동작 원리 → 장단점 → 적용 사례"" 순서로 정리하면 좋다.","[[SOLID]], [[단일 책임 원칙]], [[리스코프 치환 원칙]], [[인터페이스 분리 원칙]], [[테스트]]",05-05-SGI서울보증-기출.md,"소프트웨어공학 문제에서는 개방-폐쇄 원칙의 정의만 쓰지 말고 관련 개념(SOLID, 단일 책임 원칙, 리스코프 치환 원칙)과 비교·차이를 함께 쓰면 가점을 받기 쉽다."
CS-359,개체 무결성,개체 무결성,데이터베이스,#,ㄱ,"개체 무결성(개체 무결성)은/는 데이터베이스 영역의 핵심 개념으로, 데이터 저장·검색·무결성·동시성의 관점에서 금융권 거래 원장과 고객 데이터 품질을 좌우한다.","개체 무결성(개체 무결성)은/는 데이터베이스 영역의 핵심 개념으로, 데이터 저장·검색·무결성·동시성의 관점에서 금융권 거래 원장과 고객 데이터 품질을 좌우한다. 시험에서는 정의만이 아니라 이상현상, 정규화, 인덱스 성능, 트랜잭션 격리 수준과 함께 묶어 서술하는 것이 좋다. 연계 개념은 [[복합키]], [[무결성]], [[참조 무결성]], [[관계 대수]], [[SQL]]이며, 학습 시 ""정의 → 동작 원리 → 장단점 → 적용 사례"" 순서로 정리하면 좋다.","[[복합키]], [[무결성]], [[참조 무결성]], [[관계 대수]], [[SQL]]",보강 개념(페이지 직접 언급 없음),"데이터베이스 문제에서는 개체 무결성의 정의만 쓰지 말고 관련 개념(복합키, 무결성, 참조 무결성)과 비교·차이를 함께 쓰면 가점을 받기 쉽다."
CS-360,계수 정렬,계수 정렬,자료구조·알고리즘,#,ㄱ,계수 정렬(계수 정렬)은/는 데이터를 저장·탐색·갱신하거나 문제를 효율적으로 해결하기 위한 구조 또는 절차이다.,"계수 정렬(계수 정렬)은/는 데이터를 저장·탐색·갱신하거나 문제를 효율적으로 해결하기 위한 구조 또는 절차이다. 구현 아이디어, 평균/최악 시간복잡도, 안정성·제자리성 같은 성질을 함께 정리하면 코딩형과 서술형 모두에 대응된다. 연계 개념은 [[퀵 정렬]], [[힙 정렬]], [[기수 정렬]], [[이진 탐색]], [[시간 복잡도]]이며, 학습 시 ""정의 → 동작 원리 → 장단점 → 적용 사례"" 순서로 정리하면 좋다.","[[퀵 정렬]], [[힙 정렬]], [[기수 정렬]], [[이진 탐색]], [[시간 복잡도]]",보강 개념(페이지 직접 언급 없음),"자료구조·알고리즘 문제에서는 계수 정렬의 정의만 쓰지 말고 관련 개념(퀵 정렬, 힙 정렬, 기수 정렬)과 비교·차이를 함께 쓰면 가점을 받기 쉽다."
CS-361,고립성,고립성,데이터베이스,#,ㄱ,고립성(고립성)은/는 여러 사용자가 동시에 데이터를 변경해도 결과가 정확하고 장애 후 복구 가능하도록 보장하는 거래 처리 개념이다.,"고립성(고립성)은/는 여러 사용자가 동시에 데이터를 변경해도 결과가 정확하고 장애 후 복구 가능하도록 보장하는 거래 처리 개념이다. 시험에서는 정의만이 아니라 이상현상, 정규화, 인덱스 성능, 트랜잭션 격리 수준과 함께 묶어 서술하는 것이 좋다. 연계 개념은 [[원자성]], [[일관성]], [[지속성]], [[동시성 제어]], [[SQL]]이며, 학습 시 ""정의 → 동작 원리 → 장단점 → 적용 사례"" 순서로 정리하면 좋다.","[[원자성]], [[일관성]], [[지속성]], [[동시성 제어]], [[SQL]]",보강 개념(페이지 직접 언급 없음),"데이터베이스 문제에서는 고립성의 정의만 쓰지 말고 관련 개념(원자성, 일관성, 지속성)과 비교·차이를 함께 쓰면 가점을 받기 쉽다."
CS-362,고차 함수,고차 함수,프로그래밍 언어,#,ㄱ,"고차 함수(고차 함수)은/는 프로그래밍 언어 영역의 핵심 개념으로, 코드 실행 방식, 메모리 모델, 객체지향·함수형 추상화를 이해하는 데 필요하다.","고차 함수(고차 함수)은/는 프로그래밍 언어 영역의 핵심 개념으로, 코드 실행 방식, 메모리 모델, 객체지향·함수형 추상화를 이해하는 데 필요하다. 컴파일/실행 시점, 메모리 할당 위치, 타입 검사 방식, 다형성의 바인딩 시점을 비교해 설명하는 문제가 자주 나온다. 연계 개념은 [[함수형 프로그래밍]], [[순수 함수]], [[불변성]], [[Java]], [[컴파일러]]이며, 학습 시 ""정의 → 동작 원리 → 장단점 → 적용 사례"" 순서로 정리하면 좋다.","[[함수형 프로그래밍]], [[순수 함수]], [[불변성]], [[Java]], [[컴파일러]]",보강 개념(페이지 직접 언급 없음),"프로그래밍 언어 문제에서는 고차 함수의 정의만 쓰지 말고 관련 개념(함수형 프로그래밍, 순수 함수, 불변성)과 비교·차이를 함께 쓰면 가점을 받기 쉽다."
CS-363,공간 복잡도,공간 복잡도,자료구조·알고리즘,#,ㄱ,공간 복잡도(공간 복잡도)은/는 데이터를 저장·탐색·갱신하거나 문제를 효율적으로 해결하기 위한 구조 또는 절차이다.,"공간 복잡도(공간 복잡도)은/는 데이터를 저장·탐색·갱신하거나 문제를 효율적으로 해결하기 위한 구조 또는 절차이다. 구현 아이디어, 평균/최악 시간복잡도, 안정성·제자리성 같은 성질을 함께 정리하면 코딩형과 서술형 모두에 대응된다. 연계 개념은 [[탭ULATION]], [[시간 복잡도]], [[빅오 표기법]], [[NP-완전]], [[자료구조]]이며, 학습 시 ""정의 → 동작 원리 → 장단점 → 적용 사례"" 순서로 정리하면 좋다.","[[탭ULATION]], [[시간 복잡도]], [[빅오 표기법]], [[NP-완전]], [[자료구조]]",보강 개념(페이지 직접 언급 없음),"자료구조·알고리즘 문제에서는 공간 복잡도의 정의만 쓰지 말고 관련 개념(탭ULATION, 시간 복잡도, 빅오 표기법)과 비교·차이를 함께 쓰면 가점을 받기 쉽다."
CS-364,공간 지역성,공간 지역성,컴퓨터구조,#,ㄱ,"공간 지역성(공간 지역성)은/는 컴퓨터구조 영역의 핵심 개념으로, 명령어 실행, 캐시, 병렬성, 입출력 병목을 하드웨어 관점에서 설명한다.","공간 지역성(공간 지역성)은/는 컴퓨터구조 영역의 핵심 개념으로, 명령어 실행, 캐시, 병렬성, 입출력 병목을 하드웨어 관점에서 설명한다. 성능 계산에서는 CPI, 히트율, 병렬화 가능 비율처럼 수치화 가능한 요소와 병목 지점을 함께 본다. 연계 개념은 [[지역성]], [[시간 지역성]], [[캐시 매핑]], [[직접 매핑]], [[CPU]]이며, 학습 시 ""정의 → 동작 원리 → 장단점 → 적용 사례"" 순서로 정리하면 좋다.","[[지역성]], [[시간 지역성]], [[캐시 매핑]], [[직접 매핑]], [[CPU]]",05-07-금융감독원-기출.md; 14-2-캐시와-메모리-계층.md,"컴퓨터구조 문제에서는 공간 지역성의 정의만 쓰지 말고 관련 개념(지역성, 시간 지역성, 캐시 매핑)과 비교·차이를 함께 쓰면 가점을 받기 쉽다."
CS-365,공개키 암호,공개키 암호,네트워크,#,ㄱ,"공개키 암호(공개키 암호)은/는 네트워크 통신에서 주소 지정, 경로 선택, 신뢰성, 이름 해석 또는 보안 채널을 구성하는 핵심 요소이다.","공개키 암호(공개키 암호)은/는 네트워크 통신에서 주소 지정, 경로 선택, 신뢰성, 이름 해석 또는 보안 채널을 구성하는 핵심 요소이다. 프로토콜의 위치 계층, 헤더에 담기는 식별자, 연결 수립/해제 흐름, 장애 시 진단 명령을 연결해 이해해야 한다. 연계 개념은 [[SSL]], [[대칭키 암호]], [[인증서]], [[CA]], [[TCP]]이며, 학습 시 ""정의 → 동작 원리 → 장단점 → 적용 사례"" 순서로 정리하면 좋다.","[[SSL]], [[대칭키 암호]], [[인증서]], [[CA]], [[TCP]]",08-03-HTTP-DNS-TLS.md; 04-04-네트워크-프로토콜-보안.md; 05-12-보안-기출-모음.md,"네트워크 문제에서는 공개키 암호의 정의만 쓰지 말고 관련 개념(SSL, 대칭키 암호, 인증서)과 비교·차이를 함께 쓰면 가점을 받기 쉽다."
CS-366,관계 대수,관계 대수,데이터베이스,#,ㄱ,"관계 대수(관계 대수)은/는 데이터베이스 영역의 핵심 개념으로, 데이터 저장·검색·무결성·동시성의 관점에서 금융권 거래 원장과 고객 데이터 품질을 좌우한다.","관계 대수(관계 대수)은/는 데이터베이스 영역의 핵심 개념으로, 데이터 저장·검색·무결성·동시성의 관점에서 금융권 거래 원장과 고객 데이터 품질을 좌우한다. 시험에서는 정의만이 아니라 이상현상, 정규화, 인덱스 성능, 트랜잭션 격리 수준과 함께 묶어 서술하는 것이 좋다. 연계 개념은 [[개체 무결성]], [[참조 무결성]], [[셀렉션]], [[프로젝션]], [[SQL]]이며, 학습 시 ""정의 → 동작 원리 → 장단점 → 적용 사례"" 순서로 정리하면 좋다.","[[개체 무결성]], [[참조 무결성]], [[셀렉션]], [[프로젝션]], [[SQL]]",05-05-SGI서울보증-기출.md,"데이터베이스 문제에서는 관계 대수의 정의만 쓰지 말고 관련 개념(개체 무결성, 참조 무결성, 셀렉션)과 비교·차이를 함께 쓰면 가점을 받기 쉽다."
CS-367,교차 검증,교차 검증,인공지능·데이터,#,ㄱ,"교차 검증(교차 검증)은/는 데이터 기반 예측·분류·분석 과정에서 모델, 학습 방법, 평가 또는 전처리를 설명하는 개념이다.","교차 검증(교차 검증)은/는 데이터 기반 예측·분류·분석 과정에서 모델, 학습 방법, 평가 또는 전처리를 설명하는 개념이다. 데이터 누수, 편향, 평가 지표 선택, 운영 중 성능 저하를 함께 고려해야 실제 금융 AI 적용에 적합하다. 연계 개념은 [[과소적합]], [[정규화 기법]], [[훈련 데이터]], [[검증 데이터]], [[머신러닝]]이며, 학습 시 ""정의 → 동작 원리 → 장단점 → 적용 사례"" 순서로 정리하면 좋다.","[[과소적합]], [[정규화 기법]], [[훈련 데이터]], [[검증 데이터]], [[머신러닝]]",보강 개념(페이지 직접 언급 없음),"인공지능·데이터 문제에서는 교차 검증의 정의만 쓰지 말고 관련 개념(과소적합, 정규화 기법, 훈련 데이터)과 비교·차이를 함께 쓰면 가점을 받기 쉽다."
CS-368,교착상태,교착상태,데이터베이스,#,ㄱ,"교착상태(교착상태)은/는 데이터베이스 영역의 핵심 개념으로, 데이터 저장·검색·무결성·동시성의 관점에서 금융권 거래 원장과 고객 데이터 품질을 좌우한다.","교착상태(교착상태)은/는 데이터베이스 영역의 핵심 개념으로, 데이터 저장·검색·무결성·동시성의 관점에서 금융권 거래 원장과 고객 데이터 품질을 좌우한다. 시험에서는 정의만이 아니라 이상현상, 정규화, 인덱스 성능, 트랜잭션 격리 수준과 함께 묶어 서술하는 것이 좋다. 연계 개념은 [[락]], [[2단계 락킹]], [[타임스탬프 기법]], [[낙관적 병행제어]], [[SQL]]이며, 학습 시 ""정의 → 동작 원리 → 장단점 → 적용 사례"" 순서로 정리하면 좋다.","[[락]], [[2단계 락킹]], [[타임스탬프 기법]], [[낙관적 병행제어]], [[SQL]]",05-09-운영체제-기출-모음.md; 04-IT-필기-핵심정리.md; 02-01-기본-전제와-일정.md,"데이터베이스 문제에서는 교착상태의 정의만 쓰지 말고 관련 개념(락, 2단계 락킹, 타임스탬프 기법)과 비교·차이를 함께 쓰면 가점을 받기 쉽다."
CS-369,구조적 해저드,구조적 해저드,컴퓨터구조,#,ㄱ,"구조적 해저드(구조적 해저드)은/는 컴퓨터구조 영역의 핵심 개념으로, 명령어 실행, 캐시, 병렬성, 입출력 병목을 하드웨어 관점에서 설명한다.","구조적 해저드(구조적 해저드)은/는 컴퓨터구조 영역의 핵심 개념으로, 명령어 실행, 캐시, 병렬성, 입출력 병목을 하드웨어 관점에서 설명한다. 성능 계산에서는 CPI, 히트율, 병렬화 가능 비율처럼 수치화 가능한 요소와 병목 지점을 함께 본다. 연계 개념은 [[데이터 해저드]], [[제어 해저드]], [[슈퍼스칼라]], [[CISC]], [[CPU]]이며, 학습 시 ""정의 → 동작 원리 → 장단점 → 적용 사례"" 순서로 정리하면 좋다.","[[데이터 해저드]], [[제어 해저드]], [[슈퍼스칼라]], [[CISC]], [[CPU]]",14-1-CPU-설계.md,"컴퓨터구조 문제에서는 구조적 해저드의 정의만 쓰지 말고 관련 개념(데이터 해저드, 제어 해저드, 슈퍼스칼라)과 비교·차이를 함께 쓰면 가점을 받기 쉽다."
CS-370,기능 요구사항,기능 요구사항,소프트웨어공학,#,ㄱ,"기능 요구사항(기능 요구사항)은/는 소프트웨어공학 영역의 핵심 개념으로, 요구사항을 안정적인 소프트웨어로 전환하고 변경 비용을 낮추는 방법론이다.","기능 요구사항(기능 요구사항)은/는 소프트웨어공학 영역의 핵심 개념으로, 요구사항을 안정적인 소프트웨어로 전환하고 변경 비용을 낮추는 방법론이다. 산출물, 장단점, 적용 상황, 품질 속성에 미치는 영향을 함께 설명하면 면접·논술 답안으로 확장하기 쉽다. 연계 개념은 [[CI/CD]], [[요구사항 분석]], [[비기능 요구사항]], [[유스케이스]], [[테스트]]이며, 학습 시 ""정의 → 동작 원리 → 장단점 → 적용 사례"" 순서로 정리하면 좋다.","[[CI/CD]], [[요구사항 분석]], [[비기능 요구사항]], [[유스케이스]], [[테스트]]",11-02-02-단위-통합-인수테스트.md; 11-01-개발방법론.md; 11-02-00-테스트.md,"소프트웨어공학 문제에서는 기능 요구사항의 정의만 쓰지 말고 관련 개념(CI/CD, 요구사항 분석, 비기능 요구사항)과 비교·차이를 함께 쓰면 가점을 받기 쉽다."
CS-371,기능 점수,기능 점수,소프트웨어공학,#,ㄱ,"기능 점수(기능 점수)은/는 소프트웨어공학 영역의 핵심 개념으로, 요구사항을 안정적인 소프트웨어로 전환하고 변경 비용을 낮추는 방법론이다.","기능 점수(기능 점수)은/는 소프트웨어공학 영역의 핵심 개념으로, 요구사항을 안정적인 소프트웨어로 전환하고 변경 비용을 낮추는 방법론이다. 산출물, 장단점, 적용 상황, 품질 속성에 미치는 영향을 함께 설명하면 면접·논술 답안으로 확장하기 쉽다. 연계 개념은 [[리팩터링]], [[기술 부채]], [[COCOMO]], [[CPM]], [[테스트]]이며, 학습 시 ""정의 → 동작 원리 → 장단점 → 적용 사례"" 순서로 정리하면 좋다.","[[리팩터링]], [[기술 부채]], [[COCOMO]], [[CPM]], [[테스트]]",보강 개념(페이지 직접 언급 없음),"소프트웨어공학 문제에서는 기능 점수의 정의만 쓰지 말고 관련 개념(리팩터링, 기술 부채, COCOMO)과 비교·차이를 함께 쓰면 가점을 받기 쉽다."
CS-372,기수 정렬,기수 정렬,자료구조·알고리즘,#,ㄱ,기수 정렬(기수 정렬)은/는 데이터를 저장·탐색·갱신하거나 문제를 효율적으로 해결하기 위한 구조 또는 절차이다.,"기수 정렬(기수 정렬)은/는 데이터를 저장·탐색·갱신하거나 문제를 효율적으로 해결하기 위한 구조 또는 절차이다. 구현 아이디어, 평균/최악 시간복잡도, 안정성·제자리성 같은 성질을 함께 정리하면 코딩형과 서술형 모두에 대응된다. 연계 개념은 [[힙 정렬]], [[계수 정렬]], [[이진 탐색]], [[해시 탐색]], [[시간 복잡도]]이며, 학습 시 ""정의 → 동작 원리 → 장단점 → 적용 사례"" 순서로 정리하면 좋다.","[[힙 정렬]], [[계수 정렬]], [[이진 탐색]], [[해시 탐색]], [[시간 복잡도]]",보강 개념(페이지 직접 언급 없음),"자료구조·알고리즘 문제에서는 기수 정렬의 정의만 쓰지 말고 관련 개념(힙 정렬, 계수 정렬, 이진 탐색)과 비교·차이를 함께 쓰면 가점을 받기 쉽다."
CS-373,기아,기아,운영체제,#,ㄱ,기아(기아)은/는 준비 상태의 작업에 CPU를 어떤 순서와 기준으로 배정할지 결정하는 운영체제 정책이다.,"기아(기아)은/는 준비 상태의 작업에 CPU를 어떤 순서와 기준으로 배정할지 결정하는 운영체제 정책이다. 답안에서는 상태 전이, 자료구조(큐·테이블), 오버헤드와 처리량/응답시간의 트레이드오프를 함께 적으면 완성도가 높다. 연계 개념은 [[멀티레벨 큐]], [[멀티레벨 피드백 큐]], [[에이징]], [[임계구역]], [[프로세스]]이며, 학습 시 ""정의 → 동작 원리 → 장단점 → 적용 사례"" 순서로 정리하면 좋다.","[[멀티레벨 큐]], [[멀티레벨 피드백 큐]], [[에이징]], [[임계구역]], [[프로세스]]",06-02-02-선점형과-비선점형.md; 06-02-00-CPU-스케줄링.md; 06-02-01-FCFS-SJF-HRN-RR.md,"운영체제 문제에서는 기아의 정의만 쓰지 말고 관련 개념(멀티레벨 큐, 멀티레벨 피드백 큐, 에이징)과 비교·차이를 함께 쓰면 가점을 받기 쉽다."
CS-374,나이브 베이즈,나이브 베이즈,인공지능·데이터,#,ㄴ,"나이브 베이즈(나이브 베이즈)은/는 데이터 기반 예측·분류·분석 과정에서 모델, 학습 방법, 평가 또는 전처리를 설명하는 개념이다.","나이브 베이즈(나이브 베이즈)은/는 데이터 기반 예측·분류·분석 과정에서 모델, 학습 방법, 평가 또는 전처리를 설명하는 개념이다. 데이터 누수, 편향, 평가 지표 선택, 운영 중 성능 저하를 함께 고려해야 실제 금융 AI 적용에 적합하다. 연계 개념은 [[SVM]], [[KNN]], [[신경망]], [[퍼셉트론]], [[머신러닝]]이며, 학습 시 ""정의 → 동작 원리 → 장단점 → 적용 사례"" 순서로 정리하면 좋다.","[[SVM]], [[KNN]], [[신경망]], [[퍼셉트론]], [[머신러닝]]",보강 개념(페이지 직접 언급 없음),"인공지능·데이터 문제에서는 나이브 베이즈의 정의만 쓰지 말고 관련 개념(SVM, KNN, 신경망)과 비교·차이를 함께 쓰면 가점을 받기 쉽다."
CS-375,낙관적 병행제어,낙관적 병행제어,데이터베이스,#,ㄴ,"낙관적 병행제어(낙관적 병행제어)은/는 데이터베이스 영역의 핵심 개념으로, 데이터 저장·검색·무결성·동시성의 관점에서 금융권 거래 원장과 고객 데이터 품질을 좌우한다.","낙관적 병행제어(낙관적 병행제어)은/는 데이터베이스 영역의 핵심 개념으로, 데이터 저장·검색·무결성·동시성의 관점에서 금융권 거래 원장과 고객 데이터 품질을 좌우한다. 시험에서는 정의만이 아니라 이상현상, 정규화, 인덱스 성능, 트랜잭션 격리 수준과 함께 묶어 서술하는 것이 좋다. 연계 개념은 [[교착상태]], [[타임스탬프 기법]], [[MVCC]], [[회복]], [[SQL]]이며, 학습 시 ""정의 → 동작 원리 → 장단점 → 적용 사례"" 순서로 정리하면 좋다.","[[교착상태]], [[타임스탬프 기법]], [[MVCC]], [[회복]], [[SQL]]",보강 개념(페이지 직접 언급 없음),"데이터베이스 문제에서는 낙관적 병행제어의 정의만 쓰지 말고 관련 개념(교착상태, 타임스탬프 기법, MVCC)과 비교·차이를 함께 쓰면 가점을 받기 쉽다."
CS-376,네트워크 계층,네트워크 계층,네트워크,#,ㄴ,"네트워크 계층(네트워크 계층)은/는 네트워크 통신에서 주소 지정, 경로 선택, 신뢰성, 이름 해석 또는 보안 채널을 구성하는 핵심 요소이다.","네트워크 계층(네트워크 계층)은/는 네트워크 통신에서 주소 지정, 경로 선택, 신뢰성, 이름 해석 또는 보안 채널을 구성하는 핵심 요소이다. 프로토콜의 위치 계층, 헤더에 담기는 식별자, 연결 수립/해제 흐름, 장애 시 진단 명령을 연결해 이해해야 한다. 연계 개념은 [[물리 계층]], [[데이터링크 계층]], [[전송 계층]], [[세션 계층]], [[TCP]]이며, 학습 시 ""정의 → 동작 원리 → 장단점 → 적용 사례"" 순서로 정리하면 좋다.","[[물리 계층]], [[데이터링크 계층]], [[전송 계층]], [[세션 계층]], [[TCP]]",05-03-대구은행-기출.md; 04-04-네트워크-프로토콜-보안.md; 08-01-OSI와-TCP-IP.md,"네트워크 문제에서는 네트워크 계층의 정의만 쓰지 말고 관련 개념(물리 계층, 데이터링크 계층, 전송 계층)과 비교·차이를 함께 쓰면 가점을 받기 쉽다."
CS-377,논리 주소,논리 주소,운영체제,#,ㄴ,"논리 주소(논리 주소)은/는 운영체제 영역의 핵심 개념으로, CPU, 메모리, 파일, 입출력 자원을 공정하고 효율적으로 배분하는 기반 지식이다.","논리 주소(논리 주소)은/는 운영체제 영역의 핵심 개념으로, CPU, 메모리, 파일, 입출력 자원을 공정하고 효율적으로 배분하는 기반 지식이다. 답안에서는 상태 전이, 자료구조(큐·테이블), 오버헤드와 처리량/응답시간의 트레이드오프를 함께 적으면 완성도가 높다. 연계 개념은 [[메모리 관리]], [[주소 바인딩]], [[물리 주소]], [[페이징]], [[프로세스]]이며, 학습 시 ""정의 → 동작 원리 → 장단점 → 적용 사례"" 순서로 정리하면 좋다.","[[메모리 관리]], [[주소 바인딩]], [[물리 주소]], [[페이징]], [[프로세스]]",05-14-06-한국은행-2022-컴퓨터공학-학술-파트-I.md,"운영체제 문제에서는 논리 주소의 정의만 쓰지 말고 관련 개념(메모리 관리, 주소 바인딩, 물리 주소)과 비교·차이를 함께 쓰면 가점을 받기 쉽다."
CS-378,다단계 페이지 테이블,다단계 페이지 테이블,운영체제,#,ㄷ,"다단계 페이지 테이블(다단계 페이지 테이블)은/는 운영체제 영역의 핵심 개념으로, CPU, 메모리, 파일, 입출력 자원을 공정하고 효율적으로 배분하는 기반 지식이다.","다단계 페이지 테이블(다단계 페이지 테이블)은/는 운영체제 영역의 핵심 개념으로, CPU, 메모리, 파일, 입출력 자원을 공정하고 효율적으로 배분하는 기반 지식이다. 답안에서는 상태 전이, 자료구조(큐·테이블), 오버헤드와 처리량/응답시간의 트레이드오프를 함께 적으면 완성도가 높다. 연계 개념은 [[페이지 테이블]], [[TLB]], [[역페이지 테이블]], [[세그멘테이션]], [[프로세스]]이며, 학습 시 ""정의 → 동작 원리 → 장단점 → 적용 사례"" 순서로 정리하면 좋다.","[[페이지 테이블]], [[TLB]], [[역페이지 테이블]], [[세그멘테이션]], [[프로세스]]",06-04-메모리와-가상메모리.md,"운영체제 문제에서는 다단계 페이지 테이블의 정의만 쓰지 말고 관련 개념(페이지 테이블, TLB, 역페이지 테이블)과 비교·차이를 함께 쓰면 가점을 받기 쉽다."
CS-379,다익스트라 알고리즘,다익스트라 알고리즘,자료구조·알고리즘,#,ㄷ,다익스트라 알고리즘(다익스트라 알고리즘)은/는 데이터를 저장·탐색·갱신하거나 문제를 효율적으로 해결하기 위한 구조 또는 절차이다.,"다익스트라 알고리즘(다익스트라 알고리즘)은/는 데이터를 저장·탐색·갱신하거나 문제를 효율적으로 해결하기 위한 구조 또는 절차이다. 구현 아이디어, 평균/최악 시간복잡도, 안정성·제자리성 같은 성질을 함께 정리하면 코딩형과 서술형 모두에 대응된다. 연계 개념은 [[위상 정렬]], [[최단 경로]], [[벨만-포드 알고리즘]], [[플로이드-워셜 알고리즘]], [[시간 복잡도]]이며, 학습 시 ""정의 → 동작 원리 → 장단점 → 적용 사례"" 순서로 정리하면 좋다.","[[위상 정렬]], [[최단 경로]], [[벨만-포드 알고리즘]], [[플로이드-워셜 알고리즘]], [[시간 복잡도]]",05-14-06-한국은행-2022-컴퓨터공학-학술-파트-I.md; 05-13-알고리즘-기출-모음.md; 05-06-예탁결제원-기출.md,"자료구조·알고리즘 문제에서는 다익스트라 알고리즘의 정의만 쓰지 말고 관련 개념(위상 정렬, 최단 경로, 벨만-포드 알고리즘)과 비교·차이를 함께 쓰면 가점을 받기 쉽다."
CS-380,단기 스케줄러,단기 스케줄러,운영체제,#,ㄷ,단기 스케줄러(단기 스케줄러)은/는 준비 상태의 작업에 CPU를 어떤 순서와 기준으로 배정할지 결정하는 운영체제 정책이다.,"단기 스케줄러(단기 스케줄러)은/는 준비 상태의 작업에 CPU를 어떤 순서와 기준으로 배정할지 결정하는 운영체제 정책이다. 답안에서는 상태 전이, 자료구조(큐·테이블), 오버헤드와 처리량/응답시간의 트레이드오프를 함께 적으면 완성도가 높다. 연계 개념은 [[스케줄링]], [[장기 스케줄러]], [[중기 스케줄러]], [[선점형 스케줄링]], [[프로세스]]이며, 학습 시 ""정의 → 동작 원리 → 장단점 → 적용 사례"" 순서로 정리하면 좋다.","[[스케줄링]], [[장기 스케줄러]], [[중기 스케줄러]], [[선점형 스케줄링]], [[프로세스]]",보강 개념(페이지 직접 언급 없음),"운영체제 문제에서는 단기 스케줄러의 정의만 쓰지 말고 관련 개념(스케줄링, 장기 스케줄러, 중기 스케줄러)과 비교·차이를 함께 쓰면 가점을 받기 쉽다."
CS-381,단일 연결 리스트,단일 연결 리스트,자료구조·알고리즘,#,ㄷ,단일 연결 리스트(단일 연결 리스트)은/는 데이터를 저장·탐색·갱신하거나 문제를 효율적으로 해결하기 위한 구조 또는 절차이다.,"단일 연결 리스트(단일 연결 리스트)은/는 데이터를 저장·탐색·갱신하거나 문제를 효율적으로 해결하기 위한 구조 또는 절차이다. 구현 아이디어, 평균/최악 시간복잡도, 안정성·제자리성 같은 성질을 함께 정리하면 코딩형과 서술형 모두에 대응된다. 연계 개념은 [[배열]], [[연결 리스트]], [[이중 연결 리스트]], [[원형 연결 리스트]], [[시간 복잡도]]이며, 학습 시 ""정의 → 동작 원리 → 장단점 → 적용 사례"" 순서로 정리하면 좋다.","[[배열]], [[연결 리스트]], [[이중 연결 리스트]], [[원형 연결 리스트]], [[시간 복잡도]]",09-01-02-연결리스트.md,"자료구조·알고리즘 문제에서는 단일 연결 리스트의 정의만 쓰지 말고 관련 개념(배열, 연결 리스트, 이중 연결 리스트)과 비교·차이를 함께 쓰면 가점을 받기 쉽다."
CS-382,단일 책임 원칙,단일 책임 원칙,소프트웨어공학,#,ㄷ,"단일 책임 원칙(단일 책임 원칙)은/는 소프트웨어공학 영역의 핵심 개념으로, 요구사항을 안정적인 소프트웨어로 전환하고 변경 비용을 낮추는 방법론이다.","단일 책임 원칙(단일 책임 원칙)은/는 소프트웨어공학 영역의 핵심 개념으로, 요구사항을 안정적인 소프트웨어로 전환하고 변경 비용을 낮추는 방법론이다. 산출물, 장단점, 적용 상황, 품질 속성에 미치는 영향을 함께 설명하면 면접·논술 답안으로 확장하기 쉽다. 연계 개념은 [[정보 은닉]], [[SOLID]], [[개방-폐쇄 원칙]], [[리스코프 치환 원칙]], [[테스트]]이며, 학습 시 ""정의 → 동작 원리 → 장단점 → 적용 사례"" 순서로 정리하면 좋다.","[[정보 은닉]], [[SOLID]], [[개방-폐쇄 원칙]], [[리스코프 치환 원칙]], [[테스트]]",05-05-SGI서울보증-기출.md,"소프트웨어공학 문제에서는 단일 책임 원칙의 정의만 쓰지 말고 관련 개념(정보 은닉, SOLID, 개방-폐쇄 원칙)과 비교·차이를 함께 쓰면 가점을 받기 쉽다."
CS-383,대칭키 암호,대칭키 암호,네트워크,#,ㄷ,"대칭키 암호(대칭키 암호)은/는 네트워크 통신에서 주소 지정, 경로 선택, 신뢰성, 이름 해석 또는 보안 채널을 구성하는 핵심 요소이다.","대칭키 암호(대칭키 암호)은/는 네트워크 통신에서 주소 지정, 경로 선택, 신뢰성, 이름 해석 또는 보안 채널을 구성하는 핵심 요소이다. 프로토콜의 위치 계층, 헤더에 담기는 식별자, 연결 수립/해제 흐름, 장애 시 진단 명령을 연결해 이해해야 한다. 연계 개념은 [[TLS]], [[SSL]], [[공개키 암호]], [[인증서]], [[TCP]]이며, 학습 시 ""정의 → 동작 원리 → 장단점 → 적용 사례"" 순서로 정리하면 좋다.","[[TLS]], [[SSL]], [[공개키 암호]], [[인증서]], [[TCP]]",08-03-HTTP-DNS-TLS.md; 04-04-네트워크-프로토콜-보안.md; 05-12-보안-기출-모음.md,"네트워크 문제에서는 대칭키 암호의 정의만 쓰지 말고 관련 개념(TLS, SSL, 공개키 암호)과 비교·차이를 함께 쓰면 가점을 받기 쉽다."
CS-384,데이터 해저드,데이터 해저드,컴퓨터구조,#,ㄷ,"데이터 해저드(데이터 해저드)은/는 컴퓨터구조 영역의 핵심 개념으로, 명령어 실행, 캐시, 병렬성, 입출력 병목을 하드웨어 관점에서 설명한다.","데이터 해저드(데이터 해저드)은/는 컴퓨터구조 영역의 핵심 개념으로, 명령어 실행, 캐시, 병렬성, 입출력 병목을 하드웨어 관점에서 설명한다. 성능 계산에서는 CPI, 히트율, 병렬화 가능 비율처럼 수치화 가능한 요소와 병목 지점을 함께 본다. 연계 개념은 [[파이프라이닝]], [[파이프라인 해저드]], [[제어 해저드]], [[구조적 해저드]], [[CPU]]이며, 학습 시 ""정의 → 동작 원리 → 장단점 → 적용 사례"" 순서로 정리하면 좋다.","[[파이프라이닝]], [[파이프라인 해저드]], [[제어 해저드]], [[구조적 해저드]], [[CPU]]",14-1-CPU-설계.md,"컴퓨터구조 문제에서는 데이터 해저드의 정의만 쓰지 말고 관련 개념(파이프라이닝, 파이프라인 해저드, 제어 해저드)과 비교·차이를 함께 쓰면 가점을 받기 쉽다."
CS-385,데이터링크 계층,데이터링크 계층,네트워크,#,ㄷ,"데이터링크 계층(데이터링크 계층)은/는 네트워크 통신에서 주소 지정, 경로 선택, 신뢰성, 이름 해석 또는 보안 채널을 구성하는 핵심 요소이다.","데이터링크 계층(데이터링크 계층)은/는 네트워크 통신에서 주소 지정, 경로 선택, 신뢰성, 이름 해석 또는 보안 채널을 구성하는 핵심 요소이다. 프로토콜의 위치 계층, 헤더에 담기는 식별자, 연결 수립/해제 흐름, 장애 시 진단 명령을 연결해 이해해야 한다. 연계 개념은 [[TCP/IP 모델]], [[물리 계층]], [[네트워크 계층]], [[전송 계층]], [[TCP]]이며, 학습 시 ""정의 → 동작 원리 → 장단점 → 적용 사례"" 순서로 정리하면 좋다.","[[TCP/IP 모델]], [[물리 계층]], [[네트워크 계층]], [[전송 계층]], [[TCP]]",08-01-OSI와-TCP-IP.md,"네트워크 문제에서는 데이터링크 계층의 정의만 쓰지 말고 관련 개념(TCP/IP 모델, 물리 계층, 네트워크 계층)과 비교·차이를 함께 쓰면 가점을 받기 쉽다."
CS-386,덱,덱,자료구조·알고리즘,#,ㄷ,덱(덱)은/는 데이터를 저장·탐색·갱신하거나 문제를 효율적으로 해결하기 위한 구조 또는 절차이다.,"덱(덱)은/는 데이터를 저장·탐색·갱신하거나 문제를 효율적으로 해결하기 위한 구조 또는 절차이다. 구현 아이디어, 평균/최악 시간복잡도, 안정성·제자리성 같은 성질을 함께 정리하면 코딩형과 서술형 모두에 대응된다. 연계 개념은 [[큐]], [[원형 큐]], [[우선순위 큐]], [[힙]], [[시간 복잡도]]이며, 학습 시 ""정의 → 동작 원리 → 장단점 → 적용 사례"" 순서로 정리하면 좋다.","[[큐]], [[원형 큐]], [[우선순위 큐]], [[힙]], [[시간 복잡도]]",05-08-산업은행-기출.md; 04-02-프로그래밍-SQL-분산-클라우드.md; 02-01-기본-전제와-일정.md,"자료구조·알고리즘 문제에서는 덱의 정의만 쓰지 말고 관련 개념(큐, 원형 큐, 우선순위 큐)과 비교·차이를 함께 쓰면 가점을 받기 쉽다."
CS-387,동시성 제어,동시성 제어,데이터베이스,#,ㄷ,동시성 제어(동시성 제어)은/는 여러 사용자가 동시에 데이터를 변경해도 결과가 정확하고 장애 후 복구 가능하도록 보장하는 거래 처리 개념이다.,"동시성 제어(동시성 제어)은/는 여러 사용자가 동시에 데이터를 변경해도 결과가 정확하고 장애 후 복구 가능하도록 보장하는 거래 처리 개념이다. 시험에서는 정의만이 아니라 이상현상, 정규화, 인덱스 성능, 트랜잭션 격리 수준과 함께 묶어 서술하는 것이 좋다. 연계 개념은 [[고립성]], [[지속성]], [[락]], [[2단계 락킹]], [[SQL]]이며, 학습 시 ""정의 → 동작 원리 → 장단점 → 적용 사례"" 순서로 정리하면 좋다.","[[고립성]], [[지속성]], [[락]], [[2단계 락킹]], [[SQL]]",05-14-10-한국은행-2024-컴퓨터공학-학술-파트-I.md; 07-05-인덱스와-동시성.md; 05-14-04-한국은행-2021-컴퓨터공학-학술-파트-I.md,"데이터베이스 문제에서는 동시성 제어의 정의만 쓰지 말고 관련 개념(고립성, 지속성, 락)과 비교·차이를 함께 쓰면 가점을 받기 쉽다."
CS-388,동적 라우팅,동적 라우팅,네트워크,#,ㄷ,"동적 라우팅(동적 라우팅)은/는 네트워크 통신에서 주소 지정, 경로 선택, 신뢰성, 이름 해석 또는 보안 채널을 구성하는 핵심 요소이다.","동적 라우팅(동적 라우팅)은/는 네트워크 통신에서 주소 지정, 경로 선택, 신뢰성, 이름 해석 또는 보안 채널을 구성하는 핵심 요소이다. 프로토콜의 위치 계층, 헤더에 담기는 식별자, 연결 수립/해제 흐름, 장애 시 진단 명령을 연결해 이해해야 한다. 연계 개념은 [[라우팅]], [[정적 라우팅]], [[RIP]], [[OSPF]], [[TCP]]이며, 학습 시 ""정의 → 동작 원리 → 장단점 → 적용 사례"" 순서로 정리하면 좋다.","[[라우팅]], [[정적 라우팅]], [[RIP]], [[OSPF]], [[TCP]]",05-14-06-한국은행-2022-컴퓨터공학-학술-파트-I.md,"네트워크 문제에서는 동적 라우팅의 정의만 쓰지 말고 관련 개념(라우팅, 정적 라우팅, RIP)과 비교·차이를 함께 쓰면 가점을 받기 쉽다."
CS-389,동적 바인딩,동적 바인딩,프로그래밍 언어,#,ㄷ,"동적 바인딩(동적 바인딩)은/는 프로그래밍 언어 영역의 핵심 개념으로, 코드 실행 방식, 메모리 모델, 객체지향·함수형 추상화를 이해하는 데 필요하다.","동적 바인딩(동적 바인딩)은/는 프로그래밍 언어 영역의 핵심 개념으로, 코드 실행 방식, 메모리 모델, 객체지향·함수형 추상화를 이해하는 데 필요하다. 컴파일/실행 시점, 메모리 할당 위치, 타입 검사 방식, 다형성의 바인딩 시점을 비교해 설명하는 문제가 자주 나온다. 연계 개념은 [[로더]], [[정적 바인딩]], [[자료형]], [[정적 타입]], [[컴파일러]]이며, 학습 시 ""정의 → 동작 원리 → 장단점 → 적용 사례"" 순서로 정리하면 좋다.","[[로더]], [[정적 바인딩]], [[자료형]], [[정적 타입]], [[컴파일러]]",05-02-기업은행-기출.md,"프로그래밍 언어 문제에서는 동적 바인딩의 정의만 쓰지 말고 관련 개념(로더, 정적 바인딩, 자료형)과 비교·차이를 함께 쓰면 가점을 받기 쉽다."
CS-390,동적 타입,동적 타입,프로그래밍 언어,#,ㄷ,"동적 타입(동적 타입)은/는 프로그래밍 언어 영역의 핵심 개념으로, 코드 실행 방식, 메모리 모델, 객체지향·함수형 추상화를 이해하는 데 필요하다.","동적 타입(동적 타입)은/는 프로그래밍 언어 영역의 핵심 개념으로, 코드 실행 방식, 메모리 모델, 객체지향·함수형 추상화를 이해하는 데 필요하다. 컴파일/실행 시점, 메모리 할당 위치, 타입 검사 방식, 다형성의 바인딩 시점을 비교해 설명하는 문제가 자주 나온다. 연계 개념은 [[자료형]], [[정적 타입]], [[강한 타입]], [[약한 타입]], [[컴파일러]]이며, 학습 시 ""정의 → 동작 원리 → 장단점 → 적용 사례"" 순서로 정리하면 좋다.","[[자료형]], [[정적 타입]], [[강한 타입]], [[약한 타입]], [[컴파일러]]",보강 개념(페이지 직접 언급 없음),"프로그래밍 언어 문제에서는 동적 타입의 정의만 쓰지 말고 관련 개념(자료형, 정적 타입, 강한 타입)과 비교·차이를 함께 쓰면 가점을 받기 쉽다."
CS-391,디렉터리,디렉터리,운영체제,#,ㄷ,"디렉터리(디렉터리)은/는 운영체제 영역의 핵심 개념으로, CPU, 메모리, 파일, 입출력 자원을 공정하고 효율적으로 배분하는 기반 지식이다.","디렉터리(디렉터리)은/는 운영체제 영역의 핵심 개념으로, CPU, 메모리, 파일, 입출력 자원을 공정하고 효율적으로 배분하는 기반 지식이다. 답안에서는 상태 전이, 자료구조(큐·테이블), 오버헤드와 처리량/응답시간의 트레이드오프를 함께 적으면 완성도가 높다. 연계 개념은 [[워킹 세트]], [[파일 시스템]], [[아이노드]], [[저널링 파일 시스템]], [[프로세스]]이며, 학습 시 ""정의 → 동작 원리 → 장단점 → 적용 사례"" 순서로 정리하면 좋다.","[[워킹 세트]], [[파일 시스템]], [[아이노드]], [[저널링 파일 시스템]], [[프로세스]]",보강 개념(페이지 직접 언급 없음),"운영체제 문제에서는 디렉터리의 정의만 쓰지 말고 관련 개념(워킹 세트, 파일 시스템, 아이노드)과 비교·차이를 함께 쓰면 가점을 받기 쉽다."
CS-392,락,락,데이터베이스,#,ㄹ,락(락)은/는 여러 사용자가 동시에 데이터를 변경해도 결과가 정확하고 장애 후 복구 가능하도록 보장하는 거래 처리 개념이다.,"락(락)은/는 여러 사용자가 동시에 데이터를 변경해도 결과가 정확하고 장애 후 복구 가능하도록 보장하는 거래 처리 개념이다. 시험에서는 정의만이 아니라 이상현상, 정규화, 인덱스 성능, 트랜잭션 격리 수준과 함께 묶어 서술하는 것이 좋다. 연계 개념은 [[지속성]], [[동시성 제어]], [[2단계 락킹]], [[교착상태]], [[SQL]]이며, 학습 시 ""정의 → 동작 원리 → 장단점 → 적용 사례"" 순서로 정리하면 좋다.","[[지속성]], [[동시성 제어]], [[2단계 락킹]], [[교착상태]], [[SQL]]",07-01-01-릴레이션-튜플-속성.md; 03-07-2026-한국은행-G5-채용-FAQ.md; 05-14-10-한국은행-2024-컴퓨터공학-학술-파트-I.md,"데이터베이스 문제에서는 락의 정의만 쓰지 말고 관련 개념(지속성, 동시성 제어, 2단계 락킹)과 비교·차이를 함께 쓰면 가점을 받기 쉽다."
CS-393,람다식,람다식,프로그래밍 언어,#,ㄹ,"람다식(람다식)은/는 프로그래밍 언어 영역의 핵심 개념으로, 코드 실행 방식, 메모리 모델, 객체지향·함수형 추상화를 이해하는 데 필요하다.","람다식(람다식)은/는 프로그래밍 언어 영역의 핵심 개념으로, 코드 실행 방식, 메모리 모델, 객체지향·함수형 추상화를 이해하는 데 필요하다. 컴파일/실행 시점, 메모리 할당 위치, 타입 검사 방식, 다형성의 바인딩 시점을 비교해 설명하는 문제가 자주 나온다. 연계 개념은 [[제네릭]], [[템플릿]], [[클로저]], [[함수형 프로그래밍]], [[컴파일러]]이며, 학습 시 ""정의 → 동작 원리 → 장단점 → 적용 사례"" 순서로 정리하면 좋다.","[[제네릭]], [[템플릿]], [[클로저]], [[함수형 프로그래밍]], [[컴파일러]]",보강 개념(페이지 직접 언급 없음),"프로그래밍 언어 문제에서는 람다식의 정의만 쓰지 말고 관련 개념(제네릭, 템플릿, 클로저)과 비교·차이를 함께 쓰면 가점을 받기 쉽다."
CS-394,레드블랙 트리,레드블랙 트리,자료구조·알고리즘,#,ㄹ,레드블랙 트리(레드블랙 트리)은/는 데이터를 저장·탐색·갱신하거나 문제를 효율적으로 해결하기 위한 구조 또는 절차이다.,"레드블랙 트리(레드블랙 트리)은/는 데이터를 저장·탐색·갱신하거나 문제를 효율적으로 해결하기 위한 구조 또는 절차이다. 구현 아이디어, 평균/최악 시간복잡도, 안정성·제자리성 같은 성질을 함께 정리하면 코딩형과 서술형 모두에 대응된다. 연계 개념은 [[이진 탐색 트리]], [[AVL 트리]], [[B-트리]], [[B+트리]], [[시간 복잡도]]이며, 학습 시 ""정의 → 동작 원리 → 장단점 → 적용 사례"" 순서로 정리하면 좋다.","[[이진 탐색 트리]], [[AVL 트리]], [[B-트리]], [[B+트리]], [[시간 복잡도]]",보강 개념(페이지 직접 언급 없음),"자료구조·알고리즘 문제에서는 레드블랙 트리의 정의만 쓰지 말고 관련 개념(이진 탐색 트리, AVL 트리, B-트리)과 비교·차이를 함께 쓰면 가점을 받기 쉽다."
CS-395,레지스터,레지스터,컴퓨터구조,#,ㄹ,"레지스터(레지스터)은/는 컴퓨터구조 영역의 핵심 개념으로, 명령어 실행, 캐시, 병렬성, 입출력 병목을 하드웨어 관점에서 설명한다.","레지스터(레지스터)은/는 컴퓨터구조 영역의 핵심 개념으로, 명령어 실행, 캐시, 병렬성, 입출력 병목을 하드웨어 관점에서 설명한다. 성능 계산에서는 CPI, 히트율, 병렬화 가능 비율처럼 수치화 가능한 요소와 병목 지점을 함께 본다. 연계 개념은 [[ALU]], [[제어장치]], [[프로그램 카운터]], [[명령어 레지스터]], [[CPU]]이며, 학습 시 ""정의 → 동작 원리 → 장단점 → 적용 사례"" 순서로 정리하면 좋다.","[[ALU]], [[제어장치]], [[프로그램 카운터]], [[명령어 레지스터]], [[CPU]]",06-02-02-선점형과-비선점형.md; 06-01-01-프로세스-상태와-PCB.md; 05-04-금융결제원-기출.md,"컴퓨터구조 문제에서는 레지스터의 정의만 쓰지 말고 관련 개념(ALU, 제어장치, 프로그램 카운터)과 비교·차이를 함께 쓰면 가점을 받기 쉽다."
CS-396,로그,로그,데이터베이스,#,ㄹ,"로그(로그)은/는 데이터베이스 영역의 핵심 개념으로, 데이터 저장·검색·무결성·동시성의 관점에서 금융권 거래 원장과 고객 데이터 품질을 좌우한다.","로그(로그)은/는 데이터베이스 영역의 핵심 개념으로, 데이터 저장·검색·무결성·동시성의 관점에서 금융권 거래 원장과 고객 데이터 품질을 좌우한다. 시험에서는 정의만이 아니라 이상현상, 정규화, 인덱스 성능, 트랜잭션 격리 수준과 함께 묶어 서술하는 것이 좋다. 연계 개념은 [[MVCC]], [[회복]], [[UNDO]], [[REDO]], [[SQL]]이며, 학습 시 ""정의 → 동작 원리 → 장단점 → 적용 사례"" 순서로 정리하면 좋다.","[[MVCC]], [[회복]], [[UNDO]], [[REDO]], [[SQL]]",05-09-운영체제-기출-모음.md; 05-08-산업은행-기출.md; 04-IT-필기-핵심정리.md,"데이터베이스 문제에서는 로그의 정의만 쓰지 말고 관련 개념(MVCC, 회복, UNDO)과 비교·차이를 함께 쓰면 가점을 받기 쉽다."
CS-397,로더,로더,프로그래밍 언어,#,ㄹ,"로더(로더)은/는 프로그래밍 언어 영역의 핵심 개념으로, 코드 실행 방식, 메모리 모델, 객체지향·함수형 추상화를 이해하는 데 필요하다.","로더(로더)은/는 프로그래밍 언어 영역의 핵심 개념으로, 코드 실행 방식, 메모리 모델, 객체지향·함수형 추상화를 이해하는 데 필요하다. 컴파일/실행 시점, 메모리 할당 위치, 타입 검사 방식, 다형성의 바인딩 시점을 비교해 설명하는 문제가 자주 나온다. 연계 개념은 [[어셈블러]], [[링커]], [[정적 바인딩]], [[동적 바인딩]], [[컴파일러]]이며, 학습 시 ""정의 → 동작 원리 → 장단점 → 적용 사례"" 순서로 정리하면 좋다.","[[어셈블러]], [[링커]], [[정적 바인딩]], [[동적 바인딩]], [[컴파일러]]",보강 개념(페이지 직접 언급 없음),"프로그래밍 언어 문제에서는 로더의 정의만 쓰지 말고 관련 개념(어셈블러, 링커, 정적 바인딩)과 비교·차이를 함께 쓰면 가점을 받기 쉽다."
CS-398,로드 밸런서,로드 밸런서,네트워크,#,ㄹ,"로드 밸런서(로드 밸런서)은/는 네트워크 통신에서 주소 지정, 경로 선택, 신뢰성, 이름 해석 또는 보안 채널을 구성하는 핵심 요소이다.","로드 밸런서(로드 밸런서)은/는 네트워크 통신에서 주소 지정, 경로 선택, 신뢰성, 이름 해석 또는 보안 채널을 구성하는 핵심 요소이다. 프로토콜의 위치 계층, 헤더에 담기는 식별자, 연결 수립/해제 흐름, 장애 시 진단 명령을 연결해 이해해야 한다. 연계 개념은 [[터널링]], [[QoS]], [[TCP]], [[IP]], [[DNS]]이며, 학습 시 ""정의 → 동작 원리 → 장단점 → 적용 사례"" 순서로 정리하면 좋다.","[[터널링]], [[QoS]], [[TCP]], [[IP]], [[DNS]]",보강 개념(페이지 직접 언급 없음),"네트워크 문제에서는 로드 밸런서의 정의만 쓰지 말고 관련 개념(터널링, QoS, TCP)과 비교·차이를 함께 쓰면 가점을 받기 쉽다."
CS-399,로드 밸런싱,로드 밸런싱,클라우드·분산시스템,#,ㄹ,"로드 밸런싱(로드 밸런싱)은/는 클라우드·분산시스템 영역의 핵심 개념으로, 확장성, 장애 허용, 일관성, 운영 자동화를 다루는 현대 인프라 핵심이다.","로드 밸런싱(로드 밸런싱)은/는 클라우드·분산시스템 영역의 핵심 개념으로, 확장성, 장애 허용, 일관성, 운영 자동화를 다루는 현대 인프라 핵심이다. 단일 노드 설계와 달리 네트워크 분할, 장애 전파, 재시도, 중복 처리, 관측 가능성을 전제로 설계해야 한다. 연계 개념은 [[샤딩]], [[파티셔닝]], [[메시지 큐]], [[Kafka]], [[분산 시스템]]이며, 학습 시 ""정의 → 동작 원리 → 장단점 → 적용 사례"" 순서로 정리하면 좋다.","[[샤딩]], [[파티셔닝]], [[메시지 큐]], [[Kafka]], [[분산 시스템]]",보강 개념(페이지 직접 언급 없음),"클라우드·분산시스템 문제에서는 로드 밸런싱의 정의만 쓰지 말고 관련 개념(샤딩, 파티셔닝, 메시지 큐)과 비교·차이를 함께 쓰면 가점을 받기 쉽다."
CS-400,로지스틱 회귀,로지스틱 회귀,인공지능·데이터,#,ㄹ,"로지스틱 회귀(로지스틱 회귀)은/는 데이터 기반 예측·분류·분석 과정에서 모델, 학습 방법, 평가 또는 전처리를 설명하는 개념이다.","로지스틱 회귀(로지스틱 회귀)은/는 데이터 기반 예측·분류·분석 과정에서 모델, 학습 방법, 평가 또는 전처리를 설명하는 개념이다. 데이터 누수, 편향, 평가 지표 선택, 운영 중 성능 저하를 함께 고려해야 실제 금융 AI 적용에 적합하다. 연계 개념은 [[차원 축소]], [[선형 회귀]], [[결정 트리]], [[랜덤 포레스트]], [[머신러닝]]이며, 학습 시 ""정의 → 동작 원리 → 장단점 → 적용 사례"" 순서로 정리하면 좋다.","[[차원 축소]], [[선형 회귀]], [[결정 트리]], [[랜덤 포레스트]], [[머신러닝]]",04-01-빅데이터-블록체인-머신러닝.md,"인공지능·데이터 문제에서는 로지스틱 회귀의 정의만 쓰지 말고 관련 개념(차원 축소, 선형 회귀, 결정 트리)과 비교·차이를 함께 쓰면 가점을 받기 쉽다."
CS-401,리스코프 치환 원칙,리스코프 치환 원칙,소프트웨어공학,#,ㄹ,"리스코프 치환 원칙(리스코프 치환 원칙)은/는 소프트웨어공학 영역의 핵심 개념으로, 요구사항을 안정적인 소프트웨어로 전환하고 변경 비용을 낮추는 방법론이다.","리스코프 치환 원칙(리스코프 치환 원칙)은/는 소프트웨어공학 영역의 핵심 개념으로, 요구사항을 안정적인 소프트웨어로 전환하고 변경 비용을 낮추는 방법론이다. 산출물, 장단점, 적용 상황, 품질 속성에 미치는 영향을 함께 설명하면 면접·논술 답안으로 확장하기 쉽다. 연계 개념은 [[단일 책임 원칙]], [[개방-폐쇄 원칙]], [[인터페이스 분리 원칙]], [[의존성 역전 원칙]], [[테스트]]이며, 학습 시 ""정의 → 동작 원리 → 장단점 → 적용 사례"" 순서로 정리하면 좋다.","[[단일 책임 원칙]], [[개방-폐쇄 원칙]], [[인터페이스 분리 원칙]], [[의존성 역전 원칙]], [[테스트]]",보강 개념(페이지 직접 언급 없음),"소프트웨어공학 문제에서는 리스코프 치환 원칙의 정의만 쓰지 말고 관련 개념(단일 책임 원칙, 개방-폐쇄 원칙, 인터페이스 분리 원칙)과 비교·차이를 함께 쓰면 가점을 받기 쉽다."
CS-402,링커,링커,프로그래밍 언어,#,ㄹ,"링커(링커)은/는 프로그래밍 언어 영역의 핵심 개념으로, 코드 실행 방식, 메모리 모델, 객체지향·함수형 추상화를 이해하는 데 필요하다.","링커(링커)은/는 프로그래밍 언어 영역의 핵심 개념으로, 코드 실행 방식, 메모리 모델, 객체지향·함수형 추상화를 이해하는 데 필요하다. 컴파일/실행 시점, 메모리 할당 위치, 타입 검사 방식, 다형성의 바인딩 시점을 비교해 설명하는 문제가 자주 나온다. 연계 개념은 [[인터프리터]], [[어셈블러]], [[로더]], [[정적 바인딩]], [[컴파일러]]이며, 학습 시 ""정의 → 동작 원리 → 장단점 → 적용 사례"" 순서로 정리하면 좋다.","[[인터프리터]], [[어셈블러]], [[로더]], [[정적 바인딩]], [[컴파일러]]",보강 개념(페이지 직접 언급 없음),"프로그래밍 언어 문제에서는 링커의 정의만 쓰지 말고 관련 개념(인터프리터, 어셈블러, 로더)과 비교·차이를 함께 쓰면 가점을 받기 쉽다."
CS-403,멀티레벨 큐,멀티레벨 큐,운영체제,#,ㅁ,멀티레벨 큐(멀티레벨 큐)은/는 준비 상태의 작업에 CPU를 어떤 순서와 기준으로 배정할지 결정하는 운영체제 정책이다.,"멀티레벨 큐(멀티레벨 큐)은/는 준비 상태의 작업에 CPU를 어떤 순서와 기준으로 배정할지 결정하는 운영체제 정책이다. 답안에서는 상태 전이, 자료구조(큐·테이블), 오버헤드와 처리량/응답시간의 트레이드오프를 함께 적으면 완성도가 높다. 연계 개념은 [[Round Robin]], [[우선순위 스케줄링]], [[멀티레벨 피드백 큐]], [[기아]], [[프로세스]]이며, 학습 시 ""정의 → 동작 원리 → 장단점 → 적용 사례"" 순서로 정리하면 좋다.","[[Round Robin]], [[우선순위 스케줄링]], [[멀티레벨 피드백 큐]], [[기아]], [[프로세스]]",보강 개념(페이지 직접 언급 없음),"운영체제 문제에서는 멀티레벨 큐의 정의만 쓰지 말고 관련 개념(Round Robin, 우선순위 스케줄링, 멀티레벨 피드백 큐)과 비교·차이를 함께 쓰면 가점을 받기 쉽다."
CS-404,멀티레벨 피드백 큐,멀티레벨 피드백 큐,운영체제,#,ㅁ,"멀티레벨 피드백 큐(멀티레벨 피드백 큐)은/는 운영체제 영역의 핵심 개념으로, CPU, 메모리, 파일, 입출력 자원을 공정하고 효율적으로 배분하는 기반 지식이다.","멀티레벨 피드백 큐(멀티레벨 피드백 큐)은/는 운영체제 영역의 핵심 개념으로, CPU, 메모리, 파일, 입출력 자원을 공정하고 효율적으로 배분하는 기반 지식이다. 답안에서는 상태 전이, 자료구조(큐·테이블), 오버헤드와 처리량/응답시간의 트레이드오프를 함께 적으면 완성도가 높다. 연계 개념은 [[우선순위 스케줄링]], [[멀티레벨 큐]], [[기아]], [[에이징]], [[프로세스]]이며, 학습 시 ""정의 → 동작 원리 → 장단점 → 적용 사례"" 순서로 정리하면 좋다.","[[우선순위 스케줄링]], [[멀티레벨 큐]], [[기아]], [[에이징]], [[프로세스]]",보강 개념(페이지 직접 언급 없음),"운영체제 문제에서는 멀티레벨 피드백 큐의 정의만 쓰지 말고 관련 개념(우선순위 스케줄링, 멀티레벨 큐, 기아)과 비교·차이를 함께 쓰면 가점을 받기 쉽다."
CS-405,멀티스레딩,멀티스레딩,운영체제,#,ㅁ,"멀티스레딩(멀티스레딩)은/는 운영체제 영역의 핵심 개념으로, CPU, 메모리, 파일, 입출력 자원을 공정하고 효율적으로 배분하는 기반 지식이다.","멀티스레딩(멀티스레딩)은/는 운영체제 영역의 핵심 개념으로, CPU, 메모리, 파일, 입출력 자원을 공정하고 효율적으로 배분하는 기반 지식이다. 답안에서는 상태 전이, 자료구조(큐·테이블), 오버헤드와 처리량/응답시간의 트레이드오프를 함께 적으면 완성도가 높다. 연계 개념은 [[프로세스]], [[스레드]], [[PCB]], [[문맥 교환]], [[메모리 관리]]이며, 학습 시 ""정의 → 동작 원리 → 장단점 → 적용 사례"" 순서로 정리하면 좋다.","[[프로세스]], [[스레드]], [[PCB]], [[문맥 교환]], [[메모리 관리]]",06-01-02-스레드와-멀티스레딩.md,"운영체제 문제에서는 멀티스레딩의 정의만 쓰지 말고 관련 개념(프로세스, 스레드, PCB)과 비교·차이를 함께 쓰면 가점을 받기 쉽다."
CS-406,메모리 관리,메모리 관리,운영체제,#,ㅁ,"메모리 관리(메모리 관리)은/는 운영체제 영역의 핵심 개념으로, CPU, 메모리, 파일, 입출력 자원을 공정하고 효율적으로 배분하는 기반 지식이다.","메모리 관리(메모리 관리)은/는 운영체제 영역의 핵심 개념으로, CPU, 메모리, 파일, 입출력 자원을 공정하고 효율적으로 배분하는 기반 지식이다. 답안에서는 상태 전이, 자료구조(큐·테이블), 오버헤드와 처리량/응답시간의 트레이드오프를 함께 적으면 완성도가 높다. 연계 개념은 [[환형대기 조건]], [[은행가 알고리즘]], [[주소 바인딩]], [[논리 주소]], [[프로세스]]이며, 학습 시 ""정의 → 동작 원리 → 장단점 → 적용 사례"" 순서로 정리하면 좋다.","[[환형대기 조건]], [[은행가 알고리즘]], [[주소 바인딩]], [[논리 주소]], [[프로세스]]",05-14-06-한국은행-2022-컴퓨터공학-학술-파트-I.md; 05-08-산업은행-기출.md; 05-14-10-한국은행-2024-컴퓨터공학-학술-파트-I.md,"운영체제 문제에서는 메모리 관리의 정의만 쓰지 말고 관련 개념(환형대기 조건, 은행가 알고리즘, 주소 바인딩)과 비교·차이를 함께 쓰면 가점을 받기 쉽다."
CS-407,메모이제이션,메모이제이션,자료구조·알고리즘,#,ㅁ,메모이제이션(메모이제이션)은/는 데이터를 저장·탐색·갱신하거나 문제를 효율적으로 해결하기 위한 구조 또는 절차이다.,"메모이제이션(메모이제이션)은/는 데이터를 저장·탐색·갱신하거나 문제를 효율적으로 해결하기 위한 구조 또는 절차이다. 구현 아이디어, 평균/최악 시간복잡도, 안정성·제자리성 같은 성질을 함께 정리하면 코딩형과 서술형 모두에 대응된다. 연계 개념은 [[백트래킹]], [[재귀]], [[탭ULATION]], [[시간 복잡도]], [[공간 복잡도]]이며, 학습 시 ""정의 → 동작 원리 → 장단점 → 적용 사례"" 순서로 정리하면 좋다.","[[백트래킹]], [[재귀]], [[탭ULATION]], [[시간 복잡도]], [[공간 복잡도]]",05-08-산업은행-기출.md,"자료구조·알고리즘 문제에서는 메모이제이션의 정의만 쓰지 말고 관련 개념(백트래킹, 재귀, 탭ULATION)과 비교·차이를 함께 쓰면 가점을 받기 쉽다."
CS-408,명령어 레지스터,명령어 레지스터,컴퓨터구조,#,ㅁ,"명령어 레지스터(명령어 레지스터)은/는 컴퓨터구조 영역의 핵심 개념으로, 명령어 실행, 캐시, 병렬성, 입출력 병목을 하드웨어 관점에서 설명한다.","명령어 레지스터(명령어 레지스터)은/는 컴퓨터구조 영역의 핵심 개념으로, 명령어 실행, 캐시, 병렬성, 입출력 병목을 하드웨어 관점에서 설명한다. 성능 계산에서는 CPI, 히트율, 병렬화 가능 비율처럼 수치화 가능한 요소와 병목 지점을 함께 본다. 연계 개념은 [[레지스터]], [[프로그램 카운터]], [[명령어 사이클]], [[인출]], [[CPU]]이며, 학습 시 ""정의 → 동작 원리 → 장단점 → 적용 사례"" 순서로 정리하면 좋다.","[[레지스터]], [[프로그램 카운터]], [[명령어 사이클]], [[인출]], [[CPU]]",보강 개념(페이지 직접 언급 없음),"컴퓨터구조 문제에서는 명령어 레지스터의 정의만 쓰지 말고 관련 개념(레지스터, 프로그램 카운터, 명령어 사이클)과 비교·차이를 함께 쓰면 가점을 받기 쉽다."
CS-409,명령어 사이클,명령어 사이클,컴퓨터구조,#,ㅁ,"명령어 사이클(명령어 사이클)은/는 컴퓨터구조 영역의 핵심 개념으로, 명령어 실행, 캐시, 병렬성, 입출력 병목을 하드웨어 관점에서 설명한다.","명령어 사이클(명령어 사이클)은/는 컴퓨터구조 영역의 핵심 개념으로, 명령어 실행, 캐시, 병렬성, 입출력 병목을 하드웨어 관점에서 설명한다. 성능 계산에서는 CPI, 히트율, 병렬화 가능 비율처럼 수치화 가능한 요소와 병목 지점을 함께 본다. 연계 개념은 [[프로그램 카운터]], [[명령어 레지스터]], [[인출]], [[해독]], [[CPU]]이며, 학습 시 ""정의 → 동작 원리 → 장단점 → 적용 사례"" 순서로 정리하면 좋다.","[[프로그램 카운터]], [[명령어 레지스터]], [[인출]], [[해독]], [[CPU]]",보강 개념(페이지 직접 언급 없음),"컴퓨터구조 문제에서는 명령어 사이클의 정의만 쓰지 말고 관련 개념(프로그램 카운터, 명령어 레지스터, 인출)과 비교·차이를 함께 쓰면 가점을 받기 쉽다."
CS-410,모니터,모니터,운영체제,#,ㅁ,모니터(모니터)은/는 공유 자원에 여러 실행 흐름이 동시에 접근할 때 경쟁 조건을 막는 동기화 개념이다.,"모니터(모니터)은/는 공유 자원에 여러 실행 흐름이 동시에 접근할 때 경쟁 조건을 막는 동기화 개념이다. 답안에서는 상태 전이, 자료구조(큐·테이블), 오버헤드와 처리량/응답시간의 트레이드오프를 함께 적으면 완성도가 높다. 연계 개념은 [[세마포어]], [[뮤텍스]], [[스핀락]], [[바쁜 대기]], [[프로세스]]이며, 학습 시 ""정의 → 동작 원리 → 장단점 → 적용 사례"" 순서로 정리하면 좋다.","[[세마포어]], [[뮤텍스]], [[스핀락]], [[바쁜 대기]], [[프로세스]]",19-1-코스콤-자소서.md; 05-01-우리은행-기출.md; 18-1-AI-in-Finance.md,"운영체제 문제에서는 모니터의 정의만 쓰지 말고 관련 개념(세마포어, 뮤텍스, 스핀락)과 비교·차이를 함께 쓰면 가점을 받기 쉽다."
CS-411,모듈화,모듈화,소프트웨어공학,#,ㅁ,"모듈화(모듈화)은/는 소프트웨어공학 영역의 핵심 개념으로, 요구사항을 안정적인 소프트웨어로 전환하고 변경 비용을 낮추는 방법론이다.","모듈화(모듈화)은/는 소프트웨어공학 영역의 핵심 개념으로, 요구사항을 안정적인 소프트웨어로 전환하고 변경 비용을 낮추는 방법론이다. 산출물, 장단점, 적용 상황, 품질 속성에 미치는 영향을 함께 설명하면 면접·논술 답안으로 확장하기 쉽다. 연계 개념은 [[시퀀스 다이어그램]], [[아키텍처]], [[결합도]], [[응집도]], [[테스트]]이며, 학습 시 ""정의 → 동작 원리 → 장단점 → 적용 사례"" 순서로 정리하면 좋다.","[[시퀀스 다이어그램]], [[아키텍처]], [[결합도]], [[응집도]], [[테스트]]",05-14-06-한국은행-2022-컴퓨터공학-학술-파트-I.md; 05-08-산업은행-기출.md; 19-3-금융결제원-자소서.md,"소프트웨어공학 문제에서는 모듈화의 정의만 쓰지 말고 관련 개념(시퀀스 다이어그램, 아키텍처, 결합도)과 비교·차이를 함께 쓰면 가점을 받기 쉽다."
CS-412,무손실 분해,무손실 분해,데이터베이스,#,ㅁ,"무손실 분해(무손실 분해)은/는 데이터베이스 영역의 핵심 개념으로, 데이터 저장·검색·무결성·동시성의 관점에서 금융권 거래 원장과 고객 데이터 품질을 좌우한다.","무손실 분해(무손실 분해)은/는 데이터베이스 영역의 핵심 개념으로, 데이터 저장·검색·무결성·동시성의 관점에서 금융권 거래 원장과 고객 데이터 품질을 좌우한다. 시험에서는 정의만이 아니라 이상현상, 정규화, 인덱스 성능, 트랜잭션 격리 수준과 함께 묶어 서술하는 것이 좋다. 연계 개념은 [[이행 함수 종속]], [[이상 현상]], [[종속성 보존]], [[트랜잭션]], [[SQL]]이며, 학습 시 ""정의 → 동작 원리 → 장단점 → 적용 사례"" 순서로 정리하면 좋다.","[[이행 함수 종속]], [[이상 현상]], [[종속성 보존]], [[트랜잭션]], [[SQL]]",07-02-00-정규화.md,"데이터베이스 문제에서는 무손실 분해의 정의만 쓰지 말고 관련 개념(이행 함수 종속, 이상 현상, 종속성 보존)과 비교·차이를 함께 쓰면 가점을 받기 쉽다."
CS-413,물리 계층,물리 계층,네트워크,#,ㅁ,"물리 계층(물리 계층)은/는 네트워크 통신에서 주소 지정, 경로 선택, 신뢰성, 이름 해석 또는 보안 채널을 구성하는 핵심 요소이다.","물리 계층(물리 계층)은/는 네트워크 통신에서 주소 지정, 경로 선택, 신뢰성, 이름 해석 또는 보안 채널을 구성하는 핵심 요소이다. 프로토콜의 위치 계층, 헤더에 담기는 식별자, 연결 수립/해제 흐름, 장애 시 진단 명령을 연결해 이해해야 한다. 연계 개념은 [[OSI 7계층]], [[TCP/IP 모델]], [[데이터링크 계층]], [[네트워크 계층]], [[TCP]]이며, 학습 시 ""정의 → 동작 원리 → 장단점 → 적용 사례"" 순서로 정리하면 좋다.","[[OSI 7계층]], [[TCP/IP 모델]], [[데이터링크 계층]], [[네트워크 계층]], [[TCP]]",05-01-우리은행-기출.md,"네트워크 문제에서는 물리 계층의 정의만 쓰지 말고 관련 개념(OSI 7계층, TCP/IP 모델, 데이터링크 계층)과 비교·차이를 함께 쓰면 가점을 받기 쉽다."
CS-414,물리 주소,물리 주소,운영체제,#,ㅁ,"물리 주소(물리 주소)은/는 운영체제 영역의 핵심 개념으로, CPU, 메모리, 파일, 입출력 자원을 공정하고 효율적으로 배분하는 기반 지식이다.","물리 주소(물리 주소)은/는 운영체제 영역의 핵심 개념으로, CPU, 메모리, 파일, 입출력 자원을 공정하고 효율적으로 배분하는 기반 지식이다. 답안에서는 상태 전이, 자료구조(큐·테이블), 오버헤드와 처리량/응답시간의 트레이드오프를 함께 적으면 완성도가 높다. 연계 개념은 [[주소 바인딩]], [[논리 주소]], [[페이징]], [[페이지]], [[프로세스]]이며, 학습 시 ""정의 → 동작 원리 → 장단점 → 적용 사례"" 순서로 정리하면 좋다.","[[주소 바인딩]], [[논리 주소]], [[페이징]], [[페이지]], [[프로세스]]",05-14-06-한국은행-2022-컴퓨터공학-학술-파트-I.md,"운영체제 문제에서는 물리 주소의 정의만 쓰지 말고 관련 개념(주소 바인딩, 논리 주소, 페이징)과 비교·차이를 함께 쓰면 가점을 받기 쉽다."
CS-415,뮤텍스,뮤텍스,운영체제,#,ㅁ,뮤텍스(뮤텍스)은/는 공유 자원에 여러 실행 흐름이 동시에 접근할 때 경쟁 조건을 막는 동기화 개념이다.,"뮤텍스(뮤텍스)은/는 공유 자원에 여러 실행 흐름이 동시에 접근할 때 경쟁 조건을 막는 동기화 개념이다. 답안에서는 상태 전이, 자료구조(큐·테이블), 오버헤드와 처리량/응답시간의 트레이드오프를 함께 적으면 완성도가 높다. 연계 개념은 [[상호배제]], [[세마포어]], [[모니터]], [[스핀락]], [[프로세스]]이며, 학습 시 ""정의 → 동작 원리 → 장단점 → 적용 사례"" 순서로 정리하면 좋다.","[[상호배제]], [[세마포어]], [[모니터]], [[스핀락]], [[프로세스]]",05-14-10-한국은행-2024-컴퓨터공학-학술-파트-I.md; 06-01-00-프로세스와-스레드.md; 06-03-동기화와-교착상태.md,"운영체제 문제에서는 뮤텍스의 정의만 쓰지 말고 관련 개념(상호배제, 세마포어, 모니터)과 비교·차이를 함께 쓰면 가점을 받기 쉽다."
CS-416,바쁜 대기,바쁜 대기,운영체제,#,ㅂ,"바쁜 대기(바쁜 대기)은/는 운영체제 영역의 핵심 개념으로, CPU, 메모리, 파일, 입출력 자원을 공정하고 효율적으로 배분하는 기반 지식이다.","바쁜 대기(바쁜 대기)은/는 운영체제 영역의 핵심 개념으로, CPU, 메모리, 파일, 입출력 자원을 공정하고 효율적으로 배분하는 기반 지식이다. 답안에서는 상태 전이, 자료구조(큐·테이블), 오버헤드와 처리량/응답시간의 트레이드오프를 함께 적으면 완성도가 높다. 연계 개념은 [[모니터]], [[스핀락]], [[생산자-소비자 문제]], [[식사하는 철학자 문제]], [[프로세스]]이며, 학습 시 ""정의 → 동작 원리 → 장단점 → 적용 사례"" 순서로 정리하면 좋다.","[[모니터]], [[스핀락]], [[생산자-소비자 문제]], [[식사하는 철학자 문제]], [[프로세스]]",05-14-10-한국은행-2024-컴퓨터공학-학술-파트-I.md,"운영체제 문제에서는 바쁜 대기의 정의만 쓰지 말고 관련 개념(모니터, 스핀락, 생산자-소비자 문제)과 비교·차이를 함께 쓰면 가점을 받기 쉽다."
CS-417,바이트코드,바이트코드,프로그래밍 언어,#,ㅂ,"바이트코드(바이트코드)은/는 프로그래밍 언어 영역의 핵심 개념으로, 코드 실행 방식, 메모리 모델, 객체지향·함수형 추상화를 이해하는 데 필요하다.","바이트코드(바이트코드)은/는 프로그래밍 언어 영역의 핵심 개념으로, 코드 실행 방식, 메모리 모델, 객체지향·함수형 추상화를 이해하는 데 필요하다. 컴파일/실행 시점, 메모리 할당 위치, 타입 검사 방식, 다형성의 바인딩 시점을 비교해 설명하는 문제가 자주 나온다. 연계 개념은 [[Java]], [[JVM]], [[JIT 컴파일]], [[C 언어]], [[컴파일러]]이며, 학습 시 ""정의 → 동작 원리 → 장단점 → 적용 사례"" 순서로 정리하면 좋다.","[[Java]], [[JVM]], [[JIT 컴파일]], [[C 언어]], [[컴파일러]]",05-08-산업은행-기출.md,"프로그래밍 언어 문제에서는 바이트코드의 정의만 쓰지 말고 관련 개념(Java, JVM, JIT 컴파일)과 비교·차이를 함께 쓰면 가점을 받기 쉽다."
CS-418,반복 질의,반복 질의,네트워크,#,ㅂ,"반복 질의(반복 질의)은/는 네트워크 통신에서 주소 지정, 경로 선택, 신뢰성, 이름 해석 또는 보안 채널을 구성하는 핵심 요소이다.","반복 질의(반복 질의)은/는 네트워크 통신에서 주소 지정, 경로 선택, 신뢰성, 이름 해석 또는 보안 채널을 구성하는 핵심 요소이다. 프로토콜의 위치 계층, 헤더에 담기는 식별자, 연결 수립/해제 흐름, 장애 시 진단 명령을 연결해 이해해야 한다. 연계 개념은 [[DNS]], [[재귀 질의]], [[TLS]], [[SSL]], [[TCP]]이며, 학습 시 ""정의 → 동작 원리 → 장단점 → 적용 사례"" 순서로 정리하면 좋다.","[[DNS]], [[재귀 질의]], [[TLS]], [[SSL]], [[TCP]]",보강 개념(페이지 직접 언급 없음),"네트워크 문제에서는 반복 질의의 정의만 쓰지 말고 관련 개념(DNS, 재귀 질의, TLS)과 비교·차이를 함께 쓰면 가점을 받기 쉽다."
CS-419,백트래킹,백트래킹,자료구조·알고리즘,#,ㅂ,백트래킹(백트래킹)은/는 데이터를 저장·탐색·갱신하거나 문제를 효율적으로 해결하기 위한 구조 또는 절차이다.,"백트래킹(백트래킹)은/는 데이터를 저장·탐색·갱신하거나 문제를 효율적으로 해결하기 위한 구조 또는 절차이다. 구현 아이디어, 평균/최악 시간복잡도, 안정성·제자리성 같은 성질을 함께 정리하면 코딩형과 서술형 모두에 대응된다. 연계 개념은 [[동적 계획법]], [[탐욕 알고리즘]], [[재귀]], [[메모이제이션]], [[시간 복잡도]]이며, 학습 시 ""정의 → 동작 원리 → 장단점 → 적용 사례"" 순서로 정리하면 좋다.","[[동적 계획법]], [[탐욕 알고리즘]], [[재귀]], [[메모이제이션]], [[시간 복잡도]]",보강 개념(페이지 직접 언급 없음),"자료구조·알고리즘 문제에서는 백트래킹의 정의만 쓰지 말고 관련 개념(동적 계획법, 탐욕 알고리즘, 재귀)과 비교·차이를 함께 쓰면 가점을 받기 쉽다."
CS-420,버블 정렬,버블 정렬,자료구조·알고리즘,#,ㅂ,버블 정렬(버블 정렬)은/는 데이터를 저장·탐색·갱신하거나 문제를 효율적으로 해결하기 위한 구조 또는 절차이다.,"버블 정렬(버블 정렬)은/는 데이터를 저장·탐색·갱신하거나 문제를 효율적으로 해결하기 위한 구조 또는 절차이다. 구현 아이디어, 평균/최악 시간복잡도, 안정성·제자리성 같은 성질을 함께 정리하면 코딩형과 서술형 모두에 대응된다. 연계 개념은 [[프림 알고리즘]], [[정렬]], [[선택 정렬]], [[삽입 정렬]], [[시간 복잡도]]이며, 학습 시 ""정의 → 동작 원리 → 장단점 → 적용 사례"" 순서로 정리하면 좋다.","[[프림 알고리즘]], [[정렬]], [[선택 정렬]], [[삽입 정렬]], [[시간 복잡도]]",04-05-자료구조-알고리즘-DB-금융IT.md,"자료구조·알고리즘 문제에서는 버블 정렬의 정의만 쓰지 말고 관련 개념(프림 알고리즘, 정렬, 선택 정렬)과 비교·차이를 함께 쓰면 가점을 받기 쉽다."
CS-421,버스,버스,컴퓨터구조,#,ㅂ,"버스(버스)은/는 컴퓨터구조 영역의 핵심 개념으로, 명령어 실행, 캐시, 병렬성, 입출력 병목을 하드웨어 관점에서 설명한다.","버스(버스)은/는 컴퓨터구조 영역의 핵심 개념으로, 명령어 실행, 캐시, 병렬성, 입출력 병목을 하드웨어 관점에서 설명한다. 성능 계산에서는 CPI, 히트율, 병렬화 가능 비율처럼 수치화 가능한 요소와 병목 지점을 함께 본다. 연계 개념은 [[DRAM]], [[플래시 메모리]], [[입출력]], [[폴링]], [[CPU]]이며, 학습 시 ""정의 → 동작 원리 → 장단점 → 적용 사례"" 순서로 정리하면 좋다.","[[DRAM]], [[플래시 메모리]], [[입출력]], [[폴링]], [[CPU]]",05-01-우리은행-기출.md; 05-03-대구은행-기출.md,"컴퓨터구조 문제에서는 버스의 정의만 쓰지 말고 관련 개념(DRAM, 플래시 메모리, 입출력)과 비교·차이를 함께 쓰면 가점을 받기 쉽다."
CS-422,벨만-포드 알고리즘,벨만-포드 알고리즘,자료구조·알고리즘,#,ㅂ,벨만-포드 알고리즘(벨만-포드 알고리즘)은/는 데이터를 저장·탐색·갱신하거나 문제를 효율적으로 해결하기 위한 구조 또는 절차이다.,"벨만-포드 알고리즘(벨만-포드 알고리즘)은/는 데이터를 저장·탐색·갱신하거나 문제를 효율적으로 해결하기 위한 구조 또는 절차이다. 구현 아이디어, 평균/최악 시간복잡도, 안정성·제자리성 같은 성질을 함께 정리하면 코딩형과 서술형 모두에 대응된다. 연계 개념은 [[최단 경로]], [[다익스트라 알고리즘]], [[플로이드-워셜 알고리즘]], [[최소 신장 트리]], [[시간 복잡도]]이며, 학습 시 ""정의 → 동작 원리 → 장단점 → 적용 사례"" 순서로 정리하면 좋다.","[[최단 경로]], [[다익스트라 알고리즘]], [[플로이드-워셜 알고리즘]], [[최소 신장 트리]], [[시간 복잡도]]",보강 개념(페이지 직접 언급 없음),"자료구조·알고리즘 문제에서는 벨만-포드 알고리즘의 정의만 쓰지 말고 관련 개념(최단 경로, 다익스트라 알고리즘, 플로이드-워셜 알고리즘)과 비교·차이를 함께 쓰면 가점을 받기 쉽다."
CS-423,변수,변수,프로그래밍 언어,#,ㅂ,"변수(변수)은/는 프로그래밍 언어 영역의 핵심 개념으로, 코드 실행 방식, 메모리 모델, 객체지향·함수형 추상화를 이해하는 데 필요하다.","변수(변수)은/는 프로그래밍 언어 영역의 핵심 개념으로, 코드 실행 방식, 메모리 모델, 객체지향·함수형 추상화를 이해하는 데 필요하다. 컴파일/실행 시점, 메모리 할당 위치, 타입 검사 방식, 다형성의 바인딩 시점을 비교해 설명하는 문제가 자주 나온다. 연계 개념은 [[강한 타입]], [[약한 타입]], [[상수]], [[포인터]], [[컴파일러]]이며, 학습 시 ""정의 → 동작 원리 → 장단점 → 적용 사례"" 순서로 정리하면 좋다.","[[강한 타입]], [[약한 타입]], [[상수]], [[포인터]], [[컴파일러]]",05-08-산업은행-기출.md; 04-02-프로그래밍-SQL-분산-클라우드.md; 05-03-대구은행-기출.md,"프로그래밍 언어 문제에서는 변수의 정의만 쓰지 말고 관련 개념(강한 타입, 약한 타입, 상수)과 비교·차이를 함께 쓰면 가점을 받기 쉽다."
CS-424,병렬 처리,병렬 처리,컴퓨터구조,#,ㅂ,"병렬 처리(병렬 처리)은/는 컴퓨터구조 영역의 핵심 개념으로, 명령어 실행, 캐시, 병렬성, 입출력 병목을 하드웨어 관점에서 설명한다.","병렬 처리(병렬 처리)은/는 컴퓨터구조 영역의 핵심 개념으로, 명령어 실행, 캐시, 병렬성, 입출력 병목을 하드웨어 관점에서 설명한다. 성능 계산에서는 CPI, 히트율, 병렬화 가능 비율처럼 수치화 가능한 요소와 병목 지점을 함께 본다. 연계 개념은 [[인터럽트]], [[DMA]], [[암달의 법칙]], [[CPU]], [[캐시]]이며, 학습 시 ""정의 → 동작 원리 → 장단점 → 적용 사례"" 순서로 정리하면 좋다.","[[인터럽트]], [[DMA]], [[암달의 법칙]], [[CPU]], [[캐시]]",04-02-프로그래밍-SQL-분산-클라우드.md; 03-08-한국은행-컴퓨터공학-면접-질문-2025.md; 04-03-소프트웨어공학-운영체제-컴퓨터구조.md,"컴퓨터구조 문제에서는 병렬 처리의 정의만 쓰지 말고 관련 개념(인터럽트, DMA, 암달의 법칙)과 비교·차이를 함께 쓰면 가점을 받기 쉽다."
CS-425,병합 정렬,병합 정렬,자료구조·알고리즘,#,ㅂ,병합 정렬(병합 정렬)은/는 데이터를 저장·탐색·갱신하거나 문제를 효율적으로 해결하기 위한 구조 또는 절차이다.,"병합 정렬(병합 정렬)은/는 데이터를 저장·탐색·갱신하거나 문제를 효율적으로 해결하기 위한 구조 또는 절차이다. 구현 아이디어, 평균/최악 시간복잡도, 안정성·제자리성 같은 성질을 함께 정리하면 코딩형과 서술형 모두에 대응된다. 연계 개념은 [[선택 정렬]], [[삽입 정렬]], [[퀵 정렬]], [[힙 정렬]], [[시간 복잡도]]이며, 학습 시 ""정의 → 동작 원리 → 장단점 → 적용 사례"" 순서로 정리하면 좋다.","[[선택 정렬]], [[삽입 정렬]], [[퀵 정렬]], [[힙 정렬]], [[시간 복잡도]]",09-03-정렬과-탐색.md; 04-05-자료구조-알고리즘-DB-금융IT.md,"자료구조·알고리즘 문제에서는 병합 정렬의 정의만 쓰지 말고 관련 개념(선택 정렬, 삽입 정렬, 퀵 정렬)과 비교·차이를 함께 쓰면 가점을 받기 쉽다."
CS-426,부분 함수 종속,부분 함수 종속,데이터베이스,#,ㅂ,부분 함수 종속(부분 함수 종속)은/는 데이터 중복과 갱신 이상을 줄이기 위해 릴레이션 구조와 속성 의존 관계를 분석하는 개념이다.,"부분 함수 종속(부분 함수 종속)은/는 데이터 중복과 갱신 이상을 줄이기 위해 릴레이션 구조와 속성 의존 관계를 분석하는 개념이다. 시험에서는 정의만이 아니라 이상현상, 정규화, 인덱스 성능, 트랜잭션 격리 수준과 함께 묶어 서술하는 것이 좋다. 연계 개념은 [[함수 종속]], [[완전 함수 종속]], [[이행 함수 종속]], [[이상 현상]], [[SQL]]이며, 학습 시 ""정의 → 동작 원리 → 장단점 → 적용 사례"" 순서로 정리하면 좋다.","[[함수 종속]], [[완전 함수 종속]], [[이행 함수 종속]], [[이상 현상]], [[SQL]]",05-08-산업은행-기출.md; 07-02-00-정규화.md; 07-02-01-1NF-2NF-3NF.md,"데이터베이스 문제에서는 부분 함수 종속의 정의만 쓰지 말고 관련 개념(함수 종속, 완전 함수 종속, 이행 함수 종속)과 비교·차이를 함께 쓰면 가점을 받기 쉽다."
CS-427,분산 트랜잭션,분산 트랜잭션,클라우드·분산시스템,#,ㅂ,"분산 트랜잭션(분산 트랜잭션)은/는 클라우드·분산시스템 영역의 핵심 개념으로, 확장성, 장애 허용, 일관성, 운영 자동화를 다루는 현대 인프라 핵심이다.","분산 트랜잭션(분산 트랜잭션)은/는 클라우드·분산시스템 영역의 핵심 개념으로, 확장성, 장애 허용, 일관성, 운영 자동화를 다루는 현대 인프라 핵심이다. 단일 노드 설계와 달리 네트워크 분할, 장애 전파, 재시도, 중복 처리, 관측 가능성을 전제로 설계해야 한다. 연계 개념은 [[RabbitMQ]], [[이벤트 기반 아키텍처]], [[2PC]], [[사가 패턴]], [[분산 시스템]]이며, 학습 시 ""정의 → 동작 원리 → 장단점 → 적용 사례"" 순서로 정리하면 좋다.","[[RabbitMQ]], [[이벤트 기반 아키텍처]], [[2PC]], [[사가 패턴]], [[분산 시스템]]",03-06-관심-경제이슈-CBDC.md; 17-5-마이크로서비스.md,"클라우드·분산시스템 문제에서는 분산 트랜잭션의 정의만 쓰지 말고 관련 개념(RabbitMQ, 이벤트 기반 아키텍처, 2PC)과 비교·차이를 함께 쓰면 가점을 받기 쉽다."
CS-428,분할 정복,분할 정복,자료구조·알고리즘,#,ㅂ,분할 정복(분할 정복)은/는 데이터를 저장·탐색·갱신하거나 문제를 효율적으로 해결하기 위한 구조 또는 절차이다.,"분할 정복(분할 정복)은/는 데이터를 저장·탐색·갱신하거나 문제를 효율적으로 해결하기 위한 구조 또는 절차이다. 구현 아이디어, 평균/최악 시간복잡도, 안정성·제자리성 같은 성질을 함께 정리하면 코딩형과 서술형 모두에 대응된다. 연계 개념은 [[이진 탐색]], [[해시 탐색]], [[동적 계획법]], [[탐욕 알고리즘]], [[시간 복잡도]]이며, 학습 시 ""정의 → 동작 원리 → 장단점 → 적용 사례"" 순서로 정리하면 좋다.","[[이진 탐색]], [[해시 탐색]], [[동적 계획법]], [[탐욕 알고리즘]], [[시간 복잡도]]",05-06-예탁결제원-기출.md; 05-02-기업은행-기출.md,"자료구조·알고리즘 문제에서는 분할 정복의 정의만 쓰지 말고 관련 개념(이진 탐색, 해시 탐색, 동적 계획법)과 비교·차이를 함께 쓰면 가점을 받기 쉽다."
CS-429,분할 허용성,분할 허용성,클라우드·분산시스템,#,ㅂ,"분할 허용성(분할 허용성)은/는 클라우드·분산시스템 영역의 핵심 개념으로, 확장성, 장애 허용, 일관성, 운영 자동화를 다루는 현대 인프라 핵심이다.","분할 허용성(분할 허용성)은/는 클라우드·분산시스템 영역의 핵심 개념으로, 확장성, 장애 허용, 일관성, 운영 자동화를 다루는 현대 인프라 핵심이다. 단일 노드 설계와 달리 네트워크 분할, 장애 전파, 재시도, 중복 처리, 관측 가능성을 전제로 설계해야 한다. 연계 개념은 [[일관성]], [[가용성]], [[BASE]], [[최종 일관성]], [[분산 시스템]]이며, 학습 시 ""정의 → 동작 원리 → 장단점 → 적용 사례"" 순서로 정리하면 좋다.","[[일관성]], [[가용성]], [[BASE]], [[최종 일관성]], [[분산 시스템]]",보강 개념(페이지 직접 언급 없음),"클라우드·분산시스템 문제에서는 분할 허용성의 정의만 쓰지 말고 관련 개념(일관성, 가용성, BASE)과 비교·차이를 함께 쓰면 가점을 받기 쉽다."
CS-430,불변성,불변성,프로그래밍 언어,#,ㅂ,"불변성(불변성)은/는 프로그래밍 언어 영역의 핵심 개념으로, 코드 실행 방식, 메모리 모델, 객체지향·함수형 추상화를 이해하는 데 필요하다.","불변성(불변성)은/는 프로그래밍 언어 영역의 핵심 개념으로, 코드 실행 방식, 메모리 모델, 객체지향·함수형 추상화를 이해하는 데 필요하다. 컴파일/실행 시점, 메모리 할당 위치, 타입 검사 방식, 다형성의 바인딩 시점을 비교해 설명하는 문제가 자주 나온다. 연계 개념은 [[순수 함수]], [[고차 함수]], [[Java]], [[JVM]], [[컴파일러]]이며, 학습 시 ""정의 → 동작 원리 → 장단점 → 적용 사례"" 순서로 정리하면 좋다.","[[순수 함수]], [[고차 함수]], [[Java]], [[JVM]], [[컴파일러]]",보강 개념(페이지 직접 언급 없음),"프로그래밍 언어 문제에서는 불변성의 정의만 쓰지 말고 관련 개념(순수 함수, 고차 함수, Java)과 비교·차이를 함께 쓰면 가점을 받기 쉽다."
CS-431,뷰,뷰,데이터베이스,#,ㅂ,"뷰(뷰)은/는 데이터베이스 영역의 핵심 개념으로, 데이터 저장·검색·무결성·동시성의 관점에서 금융권 거래 원장과 고객 데이터 품질을 좌우한다.","뷰(뷰)은/는 데이터베이스 영역의 핵심 개념으로, 데이터 저장·검색·무결성·동시성의 관점에서 금융권 거래 원장과 고객 데이터 품질을 좌우한다. 시험에서는 정의만이 아니라 이상현상, 정규화, 인덱스 성능, 트랜잭션 격리 수준과 함께 묶어 서술하는 것이 좋다. 연계 개념은 [[JOIN]], [[서브쿼리]], [[저장 프로시저]], [[트리거]], [[SQL]]이며, 학습 시 ""정의 → 동작 원리 → 장단점 → 적용 사례"" 순서로 정리하면 좋다.","[[JOIN]], [[서브쿼리]], [[저장 프로시저]], [[트리거]], [[SQL]]",05-14-06-한국은행-2022-컴퓨터공학-학술-파트-I.md; 04-02-프로그래밍-SQL-분산-클라우드.md; 05-04-금융결제원-기출.md,"데이터베이스 문제에서는 뷰의 정의만 쓰지 말고 관련 개념(JOIN, 서브쿼리, 저장 프로시저)과 비교·차이를 함께 쓰면 가점을 받기 쉽다."
CS-432,비기능 요구사항,비기능 요구사항,소프트웨어공학,#,ㅂ,"비기능 요구사항(비기능 요구사항)은/는 소프트웨어공학 영역의 핵심 개념으로, 요구사항을 안정적인 소프트웨어로 전환하고 변경 비용을 낮추는 방법론이다.","비기능 요구사항(비기능 요구사항)은/는 소프트웨어공학 영역의 핵심 개념으로, 요구사항을 안정적인 소프트웨어로 전환하고 변경 비용을 낮추는 방법론이다. 산출물, 장단점, 적용 상황, 품질 속성에 미치는 영향을 함께 설명하면 면접·논술 답안으로 확장하기 쉽다. 연계 개념은 [[요구사항 분석]], [[기능 요구사항]], [[유스케이스]], [[UML]], [[테스트]]이며, 학습 시 ""정의 → 동작 원리 → 장단점 → 적용 사례"" 순서로 정리하면 좋다.","[[요구사항 분석]], [[기능 요구사항]], [[유스케이스]], [[UML]], [[테스트]]",11-02-02-단위-통합-인수테스트.md; 11-01-개발방법론.md; 11-02-00-테스트.md,"소프트웨어공학 문제에서는 비기능 요구사항의 정의만 쓰지 말고 관련 개념(요구사항 분석, 기능 요구사항, 유스케이스)과 비교·차이를 함께 쓰면 가점을 받기 쉽다."
CS-433,비선점 조건,비선점 조건,운영체제,#,ㅂ,"비선점 조건(비선점 조건)은/는 운영체제 영역의 핵심 개념으로, CPU, 메모리, 파일, 입출력 자원을 공정하고 효율적으로 배분하는 기반 지식이다.","비선점 조건(비선점 조건)은/는 운영체제 영역의 핵심 개념으로, CPU, 메모리, 파일, 입출력 자원을 공정하고 효율적으로 배분하는 기반 지식이다. 답안에서는 상태 전이, 자료구조(큐·테이블), 오버헤드와 처리량/응답시간의 트레이드오프를 함께 적으면 완성도가 높다. 연계 개념은 [[상호배제 조건]], [[점유대기 조건]], [[환형대기 조건]], [[은행가 알고리즘]], [[프로세스]]이며, 학습 시 ""정의 → 동작 원리 → 장단점 → 적용 사례"" 순서로 정리하면 좋다.","[[상호배제 조건]], [[점유대기 조건]], [[환형대기 조건]], [[은행가 알고리즘]], [[프로세스]]",보강 개념(페이지 직접 언급 없음),"운영체제 문제에서는 비선점 조건의 정의만 쓰지 말고 관련 개념(상호배제 조건, 점유대기 조건, 환형대기 조건)과 비교·차이를 함께 쓰면 가점을 받기 쉽다."
CS-434,비선점형 스케줄링,비선점형 스케줄링,운영체제,#,ㅂ,비선점형 스케줄링(비선점형 스케줄링)은/는 준비 상태의 작업에 CPU를 어떤 순서와 기준으로 배정할지 결정하는 운영체제 정책이다.,"비선점형 스케줄링(비선점형 스케줄링)은/는 준비 상태의 작업에 CPU를 어떤 순서와 기준으로 배정할지 결정하는 운영체제 정책이다. 답안에서는 상태 전이, 자료구조(큐·테이블), 오버헤드와 처리량/응답시간의 트레이드오프를 함께 적으면 완성도가 높다. 연계 개념은 [[중기 스케줄러]], [[선점형 스케줄링]], [[FCFS]], [[SJF]], [[프로세스]]이며, 학습 시 ""정의 → 동작 원리 → 장단점 → 적용 사례"" 순서로 정리하면 좋다.","[[중기 스케줄러]], [[선점형 스케줄링]], [[FCFS]], [[SJF]], [[프로세스]]",06-02-02-선점형과-비선점형.md; 05-14-21-한국은행-2025-컴퓨터공학-학술-11-운영체제-교착상태와-스케줄링.md; 04-03-소프트웨어공학-운영체제-컴퓨터구조.md,"운영체제 문제에서는 비선점형 스케줄링의 정의만 쓰지 말고 관련 개념(중기 스케줄러, 선점형 스케줄링, FCFS)과 비교·차이를 함께 쓰면 가점을 받기 쉽다."
CS-435,비클러스터드 인덱스,비클러스터드 인덱스,데이터베이스,#,ㅂ,"비클러스터드 인덱스(비클러스터드 인덱스)은/는 데이터베이스 영역의 핵심 개념으로, 데이터 저장·검색·무결성·동시성의 관점에서 금융권 거래 원장과 고객 데이터 품질을 좌우한다.","비클러스터드 인덱스(비클러스터드 인덱스)은/는 데이터베이스 영역의 핵심 개념으로, 데이터 저장·검색·무결성·동시성의 관점에서 금융권 거래 원장과 고객 데이터 품질을 좌우한다. 시험에서는 정의만이 아니라 이상현상, 정규화, 인덱스 성능, 트랜잭션 격리 수준과 함께 묶어 서술하는 것이 좋다. 연계 개념은 [[해시 인덱스]], [[클러스터드 인덱스]], [[SQL]], [[DDL]], [[트랜잭션]]이며, 학습 시 ""정의 → 동작 원리 → 장단점 → 적용 사례"" 순서로 정리하면 좋다.","[[해시 인덱스]], [[클러스터드 인덱스]], [[SQL]], [[DDL]], [[트랜잭션]]",보강 개념(페이지 직접 언급 없음),"데이터베이스 문제에서는 비클러스터드 인덱스의 정의만 쓰지 말고 관련 개념(해시 인덱스, 클러스터드 인덱스, SQL)과 비교·차이를 함께 쓰면 가점을 받기 쉽다."
CS-436,빅오 표기법,빅오 표기법,자료구조·알고리즘,#,ㅂ,빅오 표기법(빅오 표기법)은/는 데이터를 저장·탐색·갱신하거나 문제를 효율적으로 해결하기 위한 구조 또는 절차이다.,"빅오 표기법(빅오 표기법)은/는 데이터를 저장·탐색·갱신하거나 문제를 효율적으로 해결하기 위한 구조 또는 절차이다. 구현 아이디어, 평균/최악 시간복잡도, 안정성·제자리성 같은 성질을 함께 정리하면 코딩형과 서술형 모두에 대응된다. 연계 개념은 [[시간 복잡도]], [[공간 복잡도]], [[NP-완전]], [[자료구조]]이며, 학습 시 ""정의 → 동작 원리 → 장단점 → 적용 사례"" 순서로 정리하면 좋다.","[[시간 복잡도]], [[공간 복잡도]], [[NP-완전]], [[자료구조]]",보강 개념(페이지 직접 언급 없음),"자료구조·알고리즘 문제에서는 빅오 표기법의 정의만 쓰지 말고 관련 개념(시간 복잡도, 공간 복잡도, NP-완전)과 비교·차이를 함께 쓰면 가점을 받기 쉽다."
CS-437,사가 패턴,사가 패턴,클라우드·분산시스템,#,ㅅ,"사가 패턴(사가 패턴)은/는 클라우드·분산시스템 영역의 핵심 개념으로, 확장성, 장애 허용, 일관성, 운영 자동화를 다루는 현대 인프라 핵심이다.","사가 패턴(사가 패턴)은/는 클라우드·분산시스템 영역의 핵심 개념으로, 확장성, 장애 허용, 일관성, 운영 자동화를 다루는 현대 인프라 핵심이다. 단일 노드 설계와 달리 네트워크 분할, 장애 전파, 재시도, 중복 처리, 관측 가능성을 전제로 설계해야 한다. 연계 개념은 [[분산 트랜잭션]], [[2PC]], [[멱등성]], [[장애 격리]], [[분산 시스템]]이며, 학습 시 ""정의 → 동작 원리 → 장단점 → 적용 사례"" 순서로 정리하면 좋다.","[[분산 트랜잭션]], [[2PC]], [[멱등성]], [[장애 격리]], [[분산 시스템]]",보강 개념(페이지 직접 언급 없음),"클라우드·분산시스템 문제에서는 사가 패턴의 정의만 쓰지 말고 관련 개념(분산 트랜잭션, 2PC, 멱등성)과 비교·차이를 함께 쓰면 가점을 받기 쉽다."
CS-438,삽입 정렬,삽입 정렬,자료구조·알고리즘,#,ㅅ,삽입 정렬(삽입 정렬)은/는 데이터를 저장·탐색·갱신하거나 문제를 효율적으로 해결하기 위한 구조 또는 절차이다.,"삽입 정렬(삽입 정렬)은/는 데이터를 저장·탐색·갱신하거나 문제를 효율적으로 해결하기 위한 구조 또는 절차이다. 구현 아이디어, 평균/최악 시간복잡도, 안정성·제자리성 같은 성질을 함께 정리하면 코딩형과 서술형 모두에 대응된다. 연계 개념은 [[버블 정렬]], [[선택 정렬]], [[병합 정렬]], [[퀵 정렬]], [[시간 복잡도]]이며, 학습 시 ""정의 → 동작 원리 → 장단점 → 적용 사례"" 순서로 정리하면 좋다.","[[버블 정렬]], [[선택 정렬]], [[병합 정렬]], [[퀵 정렬]], [[시간 복잡도]]",09-03-정렬과-탐색.md; 05-04-금융결제원-기출.md; 04-05-자료구조-알고리즘-DB-금융IT.md,"자료구조·알고리즘 문제에서는 삽입 정렬의 정의만 쓰지 말고 관련 개념(버블 정렬, 선택 정렬, 병합 정렬)과 비교·차이를 함께 쓰면 가점을 받기 쉽다."
CS-439,상대 주소 지정,상대 주소 지정,컴퓨터구조,#,ㅅ,"상대 주소 지정(상대 주소 지정)은/는 컴퓨터구조 영역의 핵심 개념으로, 명령어 실행, 캐시, 병렬성, 입출력 병목을 하드웨어 관점에서 설명한다.","상대 주소 지정(상대 주소 지정)은/는 컴퓨터구조 영역의 핵심 개념으로, 명령어 실행, 캐시, 병렬성, 입출력 병목을 하드웨어 관점에서 설명한다. 성능 계산에서는 CPI, 히트율, 병렬화 가능 비율처럼 수치화 가능한 요소와 병목 지점을 함께 본다. 연계 개념은 [[직접 주소 지정]], [[간접 주소 지정]], [[캐시]], [[캐시 히트]], [[CPU]]이며, 학습 시 ""정의 → 동작 원리 → 장단점 → 적용 사례"" 순서로 정리하면 좋다.","[[직접 주소 지정]], [[간접 주소 지정]], [[캐시]], [[캐시 히트]], [[CPU]]",보강 개념(페이지 직접 언급 없음),"컴퓨터구조 문제에서는 상대 주소 지정의 정의만 쓰지 말고 관련 개념(직접 주소 지정, 간접 주소 지정, 캐시)과 비교·차이를 함께 쓰면 가점을 받기 쉽다."
CS-440,상수,상수,프로그래밍 언어,#,ㅅ,"상수(상수)은/는 프로그래밍 언어 영역의 핵심 개념으로, 코드 실행 방식, 메모리 모델, 객체지향·함수형 추상화를 이해하는 데 필요하다.","상수(상수)은/는 프로그래밍 언어 영역의 핵심 개념으로, 코드 실행 방식, 메모리 모델, 객체지향·함수형 추상화를 이해하는 데 필요하다. 컴파일/실행 시점, 메모리 할당 위치, 타입 검사 방식, 다형성의 바인딩 시점을 비교해 설명하는 문제가 자주 나온다. 연계 개념은 [[약한 타입]], [[변수]], [[포인터]], [[참조]], [[컴파일러]]이며, 학습 시 ""정의 → 동작 원리 → 장단점 → 적용 사례"" 순서로 정리하면 좋다.","[[약한 타입]], [[변수]], [[포인터]], [[참조]], [[컴파일러]]",14-3-명령어-세트.md,"프로그래밍 언어 문제에서는 상수의 정의만 쓰지 말고 관련 개념(약한 타입, 변수, 포인터)과 비교·차이를 함께 쓰면 가점을 받기 쉽다."
CS-441,상호배제,상호배제,운영체제,#,ㅅ,상호배제(상호배제)은/는 공유 자원에 여러 실행 흐름이 동시에 접근할 때 경쟁 조건을 막는 동기화 개념이다.,"상호배제(상호배제)은/는 공유 자원에 여러 실행 흐름이 동시에 접근할 때 경쟁 조건을 막는 동기화 개념이다. 답안에서는 상태 전이, 자료구조(큐·테이블), 오버헤드와 처리량/응답시간의 트레이드오프를 함께 적으면 완성도가 높다. 연계 개념은 [[에이징]], [[임계구역]], [[세마포어]], [[뮤텍스]], [[프로세스]]이며, 학습 시 ""정의 → 동작 원리 → 장단점 → 적용 사례"" 순서로 정리하면 좋다.","[[에이징]], [[임계구역]], [[세마포어]], [[뮤텍스]], [[프로세스]]",05-02-기업은행-기출.md; 06-03-동기화와-교착상태.md,"운영체제 문제에서는 상호배제의 정의만 쓰지 말고 관련 개념(에이징, 임계구역, 세마포어)과 비교·차이를 함께 쓰면 가점을 받기 쉽다."
CS-442,상호배제 조건,상호배제 조건,운영체제,#,ㅅ,"상호배제 조건(상호배제 조건)은/는 운영체제 영역의 핵심 개념으로, CPU, 메모리, 파일, 입출력 자원을 공정하고 효율적으로 배분하는 기반 지식이다.","상호배제 조건(상호배제 조건)은/는 운영체제 영역의 핵심 개념으로, CPU, 메모리, 파일, 입출력 자원을 공정하고 효율적으로 배분하는 기반 지식이다. 답안에서는 상태 전이, 자료구조(큐·테이블), 오버헤드와 처리량/응답시간의 트레이드오프를 함께 적으면 완성도가 높다. 연계 개념은 [[식사하는 철학자 문제]], [[교착상태]], [[점유대기 조건]], [[비선점 조건]], [[프로세스]]이며, 학습 시 ""정의 → 동작 원리 → 장단점 → 적용 사례"" 순서로 정리하면 좋다.","[[식사하는 철학자 문제]], [[교착상태]], [[점유대기 조건]], [[비선점 조건]], [[프로세스]]",보강 개념(페이지 직접 언급 없음),"운영체제 문제에서는 상호배제 조건의 정의만 쓰지 말고 관련 개념(식사하는 철학자 문제, 교착상태, 점유대기 조건)과 비교·차이를 함께 쓰면 가점을 받기 쉽다."
CS-443,생산자-소비자 문제,생산자-소비자 문제,운영체제,#,ㅅ,"생산자-소비자 문제(생산자-소비자 문제)은/는 운영체제 영역의 핵심 개념으로, CPU, 메모리, 파일, 입출력 자원을 공정하고 효율적으로 배분하는 기반 지식이다.","생산자-소비자 문제(생산자-소비자 문제)은/는 운영체제 영역의 핵심 개념으로, CPU, 메모리, 파일, 입출력 자원을 공정하고 효율적으로 배분하는 기반 지식이다. 답안에서는 상태 전이, 자료구조(큐·테이블), 오버헤드와 처리량/응답시간의 트레이드오프를 함께 적으면 완성도가 높다. 연계 개념은 [[스핀락]], [[바쁜 대기]], [[식사하는 철학자 문제]], [[교착상태]], [[프로세스]]이며, 학습 시 ""정의 → 동작 원리 → 장단점 → 적용 사례"" 순서로 정리하면 좋다.","[[스핀락]], [[바쁜 대기]], [[식사하는 철학자 문제]], [[교착상태]], [[프로세스]]",06-03-동기화와-교착상태.md,"운영체제 문제에서는 생산자-소비자 문제의 정의만 쓰지 말고 관련 개념(스핀락, 바쁜 대기, 식사하는 철학자 문제)과 비교·차이를 함께 쓰면 가점을 받기 쉽다."
CS-444,생성자,생성자,프로그래밍 언어,#,ㅅ,"생성자(생성자)은/는 프로그래밍 언어 영역의 핵심 개념으로, 코드 실행 방식, 메모리 모델, 객체지향·함수형 추상화를 이해하는 데 필요하다.","생성자(생성자)은/는 프로그래밍 언어 영역의 핵심 개념으로, 코드 실행 방식, 메모리 모델, 객체지향·함수형 추상화를 이해하는 데 필요하다. 컴파일/실행 시점, 메모리 할당 위치, 타입 검사 방식, 다형성의 바인딩 시점을 비교해 설명하는 문제가 자주 나온다. 연계 개념은 [[인터페이스]], [[추상 클래스]], [[소멸자]], [[예외 처리]], [[컴파일러]]이며, 학습 시 ""정의 → 동작 원리 → 장단점 → 적용 사례"" 순서로 정리하면 좋다.","[[인터페이스]], [[추상 클래스]], [[소멸자]], [[예외 처리]], [[컴파일러]]",05-03-대구은행-기출.md,"프로그래밍 언어 문제에서는 생성자의 정의만 쓰지 말고 관련 개념(인터페이스, 추상 클래스, 소멸자)과 비교·차이를 함께 쓰면 가점을 받기 쉽다."
CS-445,서브넷 마스크,서브넷 마스크,네트워크,#,ㅅ,"서브넷 마스크(서브넷 마스크)은/는 네트워크 통신에서 주소 지정, 경로 선택, 신뢰성, 이름 해석 또는 보안 채널을 구성하는 핵심 요소이다.","서브넷 마스크(서브넷 마스크)은/는 네트워크 통신에서 주소 지정, 경로 선택, 신뢰성, 이름 해석 또는 보안 채널을 구성하는 핵심 요소이다. 프로토콜의 위치 계층, 헤더에 담기는 식별자, 연결 수립/해제 흐름, 장애 시 진단 명령을 연결해 이해해야 한다. 연계 개념은 [[IPv6]], [[서브넷]], [[CIDR]], [[라우팅]], [[TCP]]이며, 학습 시 ""정의 → 동작 원리 → 장단점 → 적용 사례"" 순서로 정리하면 좋다.","[[IPv6]], [[서브넷]], [[CIDR]], [[라우팅]], [[TCP]]",05-08-산업은행-기출.md; 05-14-01-한국은행-2019-컴퓨터공학-학술-파트-I.md; 05-11-네트워크-기출-모음.md,"네트워크 문제에서는 서브넷 마스크의 정의만 쓰지 말고 관련 개념(IPv6, 서브넷, CIDR)과 비교·차이를 함께 쓰면 가점을 받기 쉽다."
CS-446,서브쿼리,서브쿼리,데이터베이스,#,ㅅ,"서브쿼리(서브쿼리)은/는 데이터베이스 영역의 핵심 개념으로, 데이터 저장·검색·무결성·동시성의 관점에서 금융권 거래 원장과 고객 데이터 품질을 좌우한다.","서브쿼리(서브쿼리)은/는 데이터베이스 영역의 핵심 개념으로, 데이터 저장·검색·무결성·동시성의 관점에서 금융권 거래 원장과 고객 데이터 품질을 좌우한다. 시험에서는 정의만이 아니라 이상현상, 정규화, 인덱스 성능, 트랜잭션 격리 수준과 함께 묶어 서술하는 것이 좋다. 연계 개념은 [[ORDER BY]], [[JOIN]], [[뷰]], [[저장 프로시저]], [[SQL]]이며, 학습 시 ""정의 → 동작 원리 → 장단점 → 적용 사례"" 순서로 정리하면 좋다.","[[ORDER BY]], [[JOIN]], [[뷰]], [[저장 프로시저]], [[SQL]]",02-01-기본-전제와-일정.md; 13-SQL-코딩.md; 13-01-02-JOIN-서브쿼리.md,"데이터베이스 문제에서는 서브쿼리의 정의만 쓰지 말고 관련 개념(ORDER BY, JOIN, 뷰)과 비교·차이를 함께 쓰면 가점을 받기 쉽다."
CS-447,서비스 메시,서비스 메시,클라우드·분산시스템,#,ㅅ,"서비스 메시(서비스 메시)은/는 클라우드·분산시스템 영역의 핵심 개념으로, 확장성, 장애 허용, 일관성, 운영 자동화를 다루는 현대 인프라 핵심이다.","서비스 메시(서비스 메시)은/는 클라우드·분산시스템 영역의 핵심 개념으로, 확장성, 장애 허용, 일관성, 운영 자동화를 다루는 현대 인프라 핵심이다. 단일 노드 설계와 달리 네트워크 분할, 장애 전파, 재시도, 중복 처리, 관측 가능성을 전제로 설계해야 한다. 연계 개념은 [[마이크로서비스]], [[API 게이트웨이]], [[분산 시스템]], [[CAP 정리]], [[컨테이너]]이며, 학습 시 ""정의 → 동작 원리 → 장단점 → 적용 사례"" 순서로 정리하면 좋다.","[[마이크로서비스]], [[API 게이트웨이]], [[분산 시스템]], [[CAP 정리]], [[컨테이너]]",보강 개념(페이지 직접 언급 없음),"클라우드·분산시스템 문제에서는 서비스 메시의 정의만 쓰지 말고 관련 개념(마이크로서비스, API 게이트웨이, 분산 시스템)과 비교·차이를 함께 쓰면 가점을 받기 쉽다."
CS-448,선점형 스케줄링,선점형 스케줄링,운영체제,#,ㅅ,선점형 스케줄링(선점형 스케줄링)은/는 준비 상태의 작업에 CPU를 어떤 순서와 기준으로 배정할지 결정하는 운영체제 정책이다.,"선점형 스케줄링(선점형 스케줄링)은/는 준비 상태의 작업에 CPU를 어떤 순서와 기준으로 배정할지 결정하는 운영체제 정책이다. 답안에서는 상태 전이, 자료구조(큐·테이블), 오버헤드와 처리량/응답시간의 트레이드오프를 함께 적으면 완성도가 높다. 연계 개념은 [[단기 스케줄러]], [[중기 스케줄러]], [[비선점형 스케줄링]], [[FCFS]], [[프로세스]]이며, 학습 시 ""정의 → 동작 원리 → 장단점 → 적용 사례"" 순서로 정리하면 좋다.","[[단기 스케줄러]], [[중기 스케줄러]], [[비선점형 스케줄링]], [[FCFS]], [[프로세스]]",05-08-산업은행-기출.md; 06-02-02-선점형과-비선점형.md; 05-14-21-한국은행-2025-컴퓨터공학-학술-11-운영체제-교착상태와-스케줄링.md,"운영체제 문제에서는 선점형 스케줄링의 정의만 쓰지 말고 관련 개념(단기 스케줄러, 중기 스케줄러, 비선점형 스케줄링)과 비교·차이를 함께 쓰면 가점을 받기 쉽다."
CS-449,선택 정렬,선택 정렬,자료구조·알고리즘,#,ㅅ,선택 정렬(선택 정렬)은/는 데이터를 저장·탐색·갱신하거나 문제를 효율적으로 해결하기 위한 구조 또는 절차이다.,"선택 정렬(선택 정렬)은/는 데이터를 저장·탐색·갱신하거나 문제를 효율적으로 해결하기 위한 구조 또는 절차이다. 구현 아이디어, 평균/최악 시간복잡도, 안정성·제자리성 같은 성질을 함께 정리하면 코딩형과 서술형 모두에 대응된다. 연계 개념은 [[정렬]], [[버블 정렬]], [[삽입 정렬]], [[병합 정렬]], [[시간 복잡도]]이며, 학습 시 ""정의 → 동작 원리 → 장단점 → 적용 사례"" 순서로 정리하면 좋다.","[[정렬]], [[버블 정렬]], [[삽입 정렬]], [[병합 정렬]], [[시간 복잡도]]",04-05-자료구조-알고리즘-DB-금융IT.md,"자료구조·알고리즘 문제에서는 선택 정렬의 정의만 쓰지 말고 관련 개념(정렬, 버블 정렬, 삽입 정렬)과 비교·차이를 함께 쓰면 가점을 받기 쉽다."
CS-450,선형 회귀,선형 회귀,인공지능·데이터,#,ㅅ,"선형 회귀(선형 회귀)은/는 데이터 기반 예측·분류·분석 과정에서 모델, 학습 방법, 평가 또는 전처리를 설명하는 개념이다.","선형 회귀(선형 회귀)은/는 데이터 기반 예측·분류·분석 과정에서 모델, 학습 방법, 평가 또는 전처리를 설명하는 개념이다. 데이터 누수, 편향, 평가 지표 선택, 운영 중 성능 저하를 함께 고려해야 실제 금융 AI 적용에 적합하다. 연계 개념은 [[군집화]], [[차원 축소]], [[로지스틱 회귀]], [[결정 트리]], [[머신러닝]]이며, 학습 시 ""정의 → 동작 원리 → 장단점 → 적용 사례"" 순서로 정리하면 좋다.","[[군집화]], [[차원 축소]], [[로지스틱 회귀]], [[결정 트리]], [[머신러닝]]",04-01-빅데이터-블록체인-머신러닝.md; 05-14-08-한국은행-2023-컴퓨터공학-학술-파트-I.md,"인공지능·데이터 문제에서는 선형 회귀의 정의만 쓰지 말고 관련 개념(군집화, 차원 축소, 로지스틱 회귀)과 비교·차이를 함께 쓰면 가점을 받기 쉽다."
CS-451,세그멘테이션,세그멘테이션,운영체제,#,ㅅ,"세그멘테이션(세그멘테이션)은/는 운영체제 영역의 핵심 개념으로, CPU, 메모리, 파일, 입출력 자원을 공정하고 효율적으로 배분하는 기반 지식이다.","세그멘테이션(세그멘테이션)은/는 운영체제 영역의 핵심 개념으로, CPU, 메모리, 파일, 입출력 자원을 공정하고 효율적으로 배분하는 기반 지식이다. 답안에서는 상태 전이, 자료구조(큐·테이블), 오버헤드와 처리량/응답시간의 트레이드오프를 함께 적으면 완성도가 높다. 연계 개념은 [[다단계 페이지 테이블]], [[역페이지 테이블]], [[가상 메모리]], [[요구 페이징]], [[프로세스]]이며, 학습 시 ""정의 → 동작 원리 → 장단점 → 적용 사례"" 순서로 정리하면 좋다.","[[다단계 페이지 테이블]], [[역페이지 테이블]], [[가상 메모리]], [[요구 페이징]], [[프로세스]]",보강 개념(페이지 직접 언급 없음),"운영체제 문제에서는 세그멘테이션의 정의만 쓰지 말고 관련 개념(다단계 페이지 테이블, 역페이지 테이블, 가상 메모리)과 비교·차이를 함께 쓰면 가점을 받기 쉽다."
CS-452,세마포어,세마포어,운영체제,#,ㅅ,세마포어(세마포어)은/는 공유 자원에 여러 실행 흐름이 동시에 접근할 때 경쟁 조건을 막는 동기화 개념이다.,"세마포어(세마포어)은/는 공유 자원에 여러 실행 흐름이 동시에 접근할 때 경쟁 조건을 막는 동기화 개념이다. 답안에서는 상태 전이, 자료구조(큐·테이블), 오버헤드와 처리량/응답시간의 트레이드오프를 함께 적으면 완성도가 높다. 연계 개념은 [[임계구역]], [[상호배제]], [[뮤텍스]], [[모니터]], [[프로세스]]이며, 학습 시 ""정의 → 동작 원리 → 장단점 → 적용 사례"" 순서로 정리하면 좋다.","[[임계구역]], [[상호배제]], [[뮤텍스]], [[모니터]], [[프로세스]]",06-01-00-프로세스와-스레드.md; 06-03-동기화와-교착상태.md,"운영체제 문제에서는 세마포어의 정의만 쓰지 말고 관련 개념(임계구역, 상호배제, 뮤텍스)과 비교·차이를 함께 쓰면 가점을 받기 쉽다."
CS-453,세션,세션,네트워크,#,ㅅ,"세션(세션)은/는 네트워크 통신에서 주소 지정, 경로 선택, 신뢰성, 이름 해석 또는 보안 채널을 구성하는 핵심 요소이다.","세션(세션)은/는 네트워크 통신에서 주소 지정, 경로 선택, 신뢰성, 이름 해석 또는 보안 채널을 구성하는 핵심 요소이다. 프로토콜의 위치 계층, 헤더에 담기는 식별자, 연결 수립/해제 흐름, 장애 시 진단 명령을 연결해 이해해야 한다. 연계 개념은 [[CA]], [[쿠키]], [[REST]], [[WebSocket]], [[TCP]]이며, 학습 시 ""정의 → 동작 원리 → 장단점 → 적용 사례"" 순서로 정리하면 좋다.","[[CA]], [[쿠키]], [[REST]], [[WebSocket]], [[TCP]]",05-05-SGI서울보증-기출.md; 10-03-01-XSS-SQL-Injection.md; 08-03-HTTP-DNS-TLS.md,"네트워크 문제에서는 세션의 정의만 쓰지 말고 관련 개념(CA, 쿠키, REST)과 비교·차이를 함께 쓰면 가점을 받기 쉽다."
CS-454,세션 계층,세션 계층,네트워크,#,ㅅ,"세션 계층(세션 계층)은/는 네트워크 통신에서 주소 지정, 경로 선택, 신뢰성, 이름 해석 또는 보안 채널을 구성하는 핵심 요소이다.","세션 계층(세션 계층)은/는 네트워크 통신에서 주소 지정, 경로 선택, 신뢰성, 이름 해석 또는 보안 채널을 구성하는 핵심 요소이다. 프로토콜의 위치 계층, 헤더에 담기는 식별자, 연결 수립/해제 흐름, 장애 시 진단 명령을 연결해 이해해야 한다. 연계 개념은 [[네트워크 계층]], [[전송 계층]], [[표현 계층]], [[응용 계층]], [[TCP]]이며, 학습 시 ""정의 → 동작 원리 → 장단점 → 적용 사례"" 순서로 정리하면 좋다.","[[네트워크 계층]], [[전송 계층]], [[표현 계층]], [[응용 계층]], [[TCP]]",보강 개념(페이지 직접 언급 없음),"네트워크 문제에서는 세션 계층의 정의만 쓰지 말고 관련 개념(네트워크 계층, 전송 계층, 표현 계층)과 비교·차이를 함께 쓰면 가점을 받기 쉽다."
CS-455,세타 조인,세타 조인,데이터베이스,#,ㅅ,"세타 조인(세타 조인)은/는 데이터베이스 영역의 핵심 개념으로, 데이터 저장·검색·무결성·동시성의 관점에서 금융권 거래 원장과 고객 데이터 품질을 좌우한다.","세타 조인(세타 조인)은/는 데이터베이스 영역의 핵심 개념으로, 데이터 저장·검색·무결성·동시성의 관점에서 금융권 거래 원장과 고객 데이터 품질을 좌우한다. 시험에서는 정의만이 아니라 이상현상, 정규화, 인덱스 성능, 트랜잭션 격리 수준과 함께 묶어 서술하는 것이 좋다. 연계 개념은 [[프로젝션]], [[조인]], [[자연 조인]], [[외부 조인]], [[SQL]]이며, 학습 시 ""정의 → 동작 원리 → 장단점 → 적용 사례"" 순서로 정리하면 좋다.","[[프로젝션]], [[조인]], [[자연 조인]], [[외부 조인]], [[SQL]]",보강 개념(페이지 직접 언급 없음),"데이터베이스 문제에서는 세타 조인의 정의만 쓰지 말고 관련 개념(프로젝션, 조인, 자연 조인)과 비교·차이를 함께 쓰면 가점을 받기 쉽다."
CS-456,세트 연관 매핑,세트 연관 매핑,컴퓨터구조,#,ㅅ,"세트 연관 매핑(세트 연관 매핑)은/는 컴퓨터구조 영역의 핵심 개념으로, 명령어 실행, 캐시, 병렬성, 입출력 병목을 하드웨어 관점에서 설명한다.","세트 연관 매핑(세트 연관 매핑)은/는 컴퓨터구조 영역의 핵심 개념으로, 명령어 실행, 캐시, 병렬성, 입출력 병목을 하드웨어 관점에서 설명한다. 성능 계산에서는 CPI, 히트율, 병렬화 가능 비율처럼 수치화 가능한 요소와 병목 지점을 함께 본다. 연계 개념은 [[직접 매핑]], [[완전 연관 매핑]], [[쓰기 스루]], [[쓰기 백]], [[CPU]]이며, 학습 시 ""정의 → 동작 원리 → 장단점 → 적용 사례"" 순서로 정리하면 좋다.","[[직접 매핑]], [[완전 연관 매핑]], [[쓰기 스루]], [[쓰기 백]], [[CPU]]",보강 개념(페이지 직접 언급 없음),"컴퓨터구조 문제에서는 세트 연관 매핑의 정의만 쓰지 말고 관련 개념(직접 매핑, 완전 연관 매핑, 쓰기 스루)과 비교·차이를 함께 쓰면 가점을 받기 쉽다."
CS-457,셀렉션,셀렉션,데이터베이스,#,ㅅ,"셀렉션(셀렉션)은/는 데이터베이스 영역의 핵심 개념으로, 데이터 저장·검색·무결성·동시성의 관점에서 금융권 거래 원장과 고객 데이터 품질을 좌우한다.","셀렉션(셀렉션)은/는 데이터베이스 영역의 핵심 개념으로, 데이터 저장·검색·무결성·동시성의 관점에서 금융권 거래 원장과 고객 데이터 품질을 좌우한다. 시험에서는 정의만이 아니라 이상현상, 정규화, 인덱스 성능, 트랜잭션 격리 수준과 함께 묶어 서술하는 것이 좋다. 연계 개념은 [[참조 무결성]], [[관계 대수]], [[프로젝션]], [[조인]], [[SQL]]이며, 학습 시 ""정의 → 동작 원리 → 장단점 → 적용 사례"" 순서로 정리하면 좋다.","[[참조 무결성]], [[관계 대수]], [[프로젝션]], [[조인]], [[SQL]]",보강 개념(페이지 직접 언급 없음),"데이터베이스 문제에서는 셀렉션의 정의만 쓰지 말고 관련 개념(참조 무결성, 관계 대수, 프로젝션)과 비교·차이를 함께 쓰면 가점을 받기 쉽다."
CS-458,소멸자,소멸자,프로그래밍 언어,#,ㅅ,"소멸자(소멸자)은/는 프로그래밍 언어 영역의 핵심 개념으로, 코드 실행 방식, 메모리 모델, 객체지향·함수형 추상화를 이해하는 데 필요하다.","소멸자(소멸자)은/는 프로그래밍 언어 영역의 핵심 개념으로, 코드 실행 방식, 메모리 모델, 객체지향·함수형 추상화를 이해하는 데 필요하다. 컴파일/실행 시점, 메모리 할당 위치, 타입 검사 방식, 다형성의 바인딩 시점을 비교해 설명하는 문제가 자주 나온다. 연계 개념은 [[추상 클래스]], [[생성자]], [[예외 처리]], [[제네릭]], [[컴파일러]]이며, 학습 시 ""정의 → 동작 원리 → 장단점 → 적용 사례"" 순서로 정리하면 좋다.","[[추상 클래스]], [[생성자]], [[예외 처리]], [[제네릭]], [[컴파일러]]",보강 개념(페이지 직접 언급 없음),"프로그래밍 언어 문제에서는 소멸자의 정의만 쓰지 말고 관련 개념(추상 클래스, 생성자, 예외 처리)과 비교·차이를 함께 쓰면 가점을 받기 쉽다."
CS-459,소프트웨어 생명주기,소프트웨어 생명주기,소프트웨어공학,#,ㅅ,"소프트웨어 생명주기(소프트웨어 생명주기)은/는 소프트웨어공학 영역의 핵심 개념으로, 요구사항을 안정적인 소프트웨어로 전환하고 변경 비용을 낮추는 방법론이다.","소프트웨어 생명주기(소프트웨어 생명주기)은/는 소프트웨어공학 영역의 핵심 개념으로, 요구사항을 안정적인 소프트웨어로 전환하고 변경 비용을 낮추는 방법론이다. 산출물, 장단점, 적용 상황, 품질 속성에 미치는 영향을 함께 설명하면 면접·논술 답안으로 확장하기 쉽다. 연계 개념은 [[소프트웨어공학]], [[폭포수 모델]], [[프로토타입 모델]], [[테스트]], [[형상 관리]]이며, 학습 시 ""정의 → 동작 원리 → 장단점 → 적용 사례"" 순서로 정리하면 좋다.","[[소프트웨어공학]], [[폭포수 모델]], [[프로토타입 모델]], [[테스트]], [[형상 관리]]",보강 개념(페이지 직접 언급 없음),"소프트웨어공학 문제에서는 소프트웨어 생명주기의 정의만 쓰지 말고 관련 개념(소프트웨어공학, 폭포수 모델, 프로토타입 모델)과 비교·차이를 함께 쓰면 가점을 받기 쉽다."
CS-460,수명,수명,프로그래밍 언어,#,ㅅ,"수명(수명)은/는 프로그래밍 언어 영역의 핵심 개념으로, 코드 실행 방식, 메모리 모델, 객체지향·함수형 추상화를 이해하는 데 필요하다.","수명(수명)은/는 프로그래밍 언어 영역의 핵심 개념으로, 코드 실행 방식, 메모리 모델, 객체지향·함수형 추상화를 이해하는 데 필요하다. 컴파일/실행 시점, 메모리 할당 위치, 타입 검사 방식, 다형성의 바인딩 시점을 비교해 설명하는 문제가 자주 나온다. 연계 개념은 [[참조]], [[스코프]], [[스택 메모리]], [[힙 메모리]], [[컴파일러]]이며, 학습 시 ""정의 → 동작 원리 → 장단점 → 적용 사례"" 순서로 정리하면 좋다.","[[참조]], [[스코프]], [[스택 메모리]], [[힙 메모리]], [[컴파일러]]",05-08-산업은행-기출.md; 05-03-대구은행-기출.md; 05-02-기업은행-기출.md,"프로그래밍 언어 문제에서는 수명의 정의만 쓰지 말고 관련 개념(참조, 스코프, 스택 메모리)과 비교·차이를 함께 쓰면 가점을 받기 쉽다."
CS-461,순수 함수,순수 함수,프로그래밍 언어,#,ㅅ,"순수 함수(순수 함수)은/는 프로그래밍 언어 영역의 핵심 개념으로, 코드 실행 방식, 메모리 모델, 객체지향·함수형 추상화를 이해하는 데 필요하다.","순수 함수(순수 함수)은/는 프로그래밍 언어 영역의 핵심 개념으로, 코드 실행 방식, 메모리 모델, 객체지향·함수형 추상화를 이해하는 데 필요하다. 컴파일/실행 시점, 메모리 할당 위치, 타입 검사 방식, 다형성의 바인딩 시점을 비교해 설명하는 문제가 자주 나온다. 연계 개념은 [[클로저]], [[함수형 프로그래밍]], [[고차 함수]], [[불변성]], [[컴파일러]]이며, 학습 시 ""정의 → 동작 원리 → 장단점 → 적용 사례"" 순서로 정리하면 좋다.","[[클로저]], [[함수형 프로그래밍]], [[고차 함수]], [[불변성]], [[컴파일러]]",보강 개념(페이지 직접 언급 없음),"프로그래밍 언어 문제에서는 순수 함수의 정의만 쓰지 말고 관련 개념(클로저, 함수형 프로그래밍, 고차 함수)과 비교·차이를 함께 쓰면 가점을 받기 쉽다."
CS-462,슈퍼스칼라,슈퍼스칼라,컴퓨터구조,#,ㅅ,"슈퍼스칼라(슈퍼스칼라)은/는 컴퓨터구조 영역의 핵심 개념으로, 명령어 실행, 캐시, 병렬성, 입출력 병목을 하드웨어 관점에서 설명한다.","슈퍼스칼라(슈퍼스칼라)은/는 컴퓨터구조 영역의 핵심 개념으로, 명령어 실행, 캐시, 병렬성, 입출력 병목을 하드웨어 관점에서 설명한다. 성능 계산에서는 CPI, 히트율, 병렬화 가능 비율처럼 수치화 가능한 요소와 병목 지점을 함께 본다. 연계 개념은 [[제어 해저드]], [[구조적 해저드]], [[CISC]], [[RISC]], [[CPU]]이며, 학습 시 ""정의 → 동작 원리 → 장단점 → 적용 사례"" 순서로 정리하면 좋다.","[[제어 해저드]], [[구조적 해저드]], [[CISC]], [[RISC]], [[CPU]]",14-1-CPU-설계.md,"컴퓨터구조 문제에서는 슈퍼스칼라의 정의만 쓰지 말고 관련 개념(제어 해저드, 구조적 해저드, CISC)과 비교·차이를 함께 쓰면 가점을 받기 쉽다."
CS-463,스래싱,스래싱,운영체제,#,ㅅ,스래싱(스래싱)은/는 물리 메모리보다 큰 주소 공간을 효율적으로 제공하고 주소 변환 비용을 관리하는 메모리 관리 개념이다.,"스래싱(스래싱)은/는 물리 메모리보다 큰 주소 공간을 효율적으로 제공하고 주소 변환 비용을 관리하는 메모리 관리 개념이다. 답안에서는 상태 전이, 자료구조(큐·테이블), 오버헤드와 처리량/응답시간의 트레이드오프를 함께 적으면 완성도가 높다. 연계 개념은 [[LRU]], [[Optimal 페이지 교체]], [[워킹 세트]], [[파일 시스템]], [[프로세스]]이며, 학습 시 ""정의 → 동작 원리 → 장단점 → 적용 사례"" 순서로 정리하면 좋다.","[[LRU]], [[Optimal 페이지 교체]], [[워킹 세트]], [[파일 시스템]], [[프로세스]]",보강 개념(페이지 직접 언급 없음),"운영체제 문제에서는 스래싱의 정의만 쓰지 말고 관련 개념(LRU, Optimal 페이지 교체, 워킹 세트)과 비교·차이를 함께 쓰면 가점을 받기 쉽다."
CS-464,스코프,스코프,프로그래밍 언어,#,ㅅ,"스코프(스코프)은/는 프로그래밍 언어 영역의 핵심 개념으로, 코드 실행 방식, 메모리 모델, 객체지향·함수형 추상화를 이해하는 데 필요하다.","스코프(스코프)은/는 프로그래밍 언어 영역의 핵심 개념으로, 코드 실행 방식, 메모리 모델, 객체지향·함수형 추상화를 이해하는 데 필요하다. 컴파일/실행 시점, 메모리 할당 위치, 타입 검사 방식, 다형성의 바인딩 시점을 비교해 설명하는 문제가 자주 나온다. 연계 개념은 [[포인터]], [[참조]], [[수명]], [[스택 메모리]], [[컴파일러]]이며, 학습 시 ""정의 → 동작 원리 → 장단점 → 적용 사례"" 순서로 정리하면 좋다.","[[포인터]], [[참조]], [[수명]], [[스택 메모리]], [[컴파일러]]",05-05-SGI서울보증-기출.md; 11-03-설계-결합도-응집도.md,"프로그래밍 언어 문제에서는 스코프의 정의만 쓰지 말고 관련 개념(포인터, 참조, 수명)과 비교·차이를 함께 쓰면 가점을 받기 쉽다."
CS-465,스택 메모리,스택 메모리,프로그래밍 언어,#,ㅅ,"스택 메모리(스택 메모리)은/는 프로그래밍 언어 영역의 핵심 개념으로, 코드 실행 방식, 메모리 모델, 객체지향·함수형 추상화를 이해하는 데 필요하다.","스택 메모리(스택 메모리)은/는 프로그래밍 언어 영역의 핵심 개념으로, 코드 실행 방식, 메모리 모델, 객체지향·함수형 추상화를 이해하는 데 필요하다. 컴파일/실행 시점, 메모리 할당 위치, 타입 검사 방식, 다형성의 바인딩 시점을 비교해 설명하는 문제가 자주 나온다. 연계 개념은 [[스코프]], [[수명]], [[힙 메모리]], [[가비지 컬렉션]], [[컴파일러]]이며, 학습 시 ""정의 → 동작 원리 → 장단점 → 적용 사례"" 순서로 정리하면 좋다.","[[스코프]], [[수명]], [[힙 메모리]], [[가비지 컬렉션]], [[컴파일러]]",보강 개념(페이지 직접 언급 없음),"프로그래밍 언어 문제에서는 스택 메모리의 정의만 쓰지 말고 관련 개념(스코프, 수명, 힙 메모리)과 비교·차이를 함께 쓰면 가점을 받기 쉽다."
CS-466,스핀락,스핀락,운영체제,#,ㅅ,스핀락(스핀락)은/는 공유 자원에 여러 실행 흐름이 동시에 접근할 때 경쟁 조건을 막는 동기화 개념이다.,"스핀락(스핀락)은/는 공유 자원에 여러 실행 흐름이 동시에 접근할 때 경쟁 조건을 막는 동기화 개념이다. 답안에서는 상태 전이, 자료구조(큐·테이블), 오버헤드와 처리량/응답시간의 트레이드오프를 함께 적으면 완성도가 높다. 연계 개념은 [[뮤텍스]], [[모니터]], [[바쁜 대기]], [[생산자-소비자 문제]], [[프로세스]]이며, 학습 시 ""정의 → 동작 원리 → 장단점 → 적용 사례"" 순서로 정리하면 좋다.","[[뮤텍스]], [[모니터]], [[바쁜 대기]], [[생산자-소비자 문제]], [[프로세스]]",05-14-10-한국은행-2024-컴퓨터공학-학술-파트-I.md,"운영체제 문제에서는 스핀락의 정의만 쓰지 말고 관련 개념(뮤텍스, 모니터, 바쁜 대기)과 비교·차이를 함께 쓰면 가점을 받기 쉽다."
CS-467,슬라이딩 윈도우,슬라이딩 윈도우,네트워크,#,ㅅ,"슬라이딩 윈도우(슬라이딩 윈도우)은/는 네트워크 통신에서 주소 지정, 경로 선택, 신뢰성, 이름 해석 또는 보안 채널을 구성하는 핵심 요소이다.","슬라이딩 윈도우(슬라이딩 윈도우)은/는 네트워크 통신에서 주소 지정, 경로 선택, 신뢰성, 이름 해석 또는 보안 채널을 구성하는 핵심 요소이다. 프로토콜의 위치 계층, 헤더에 담기는 식별자, 연결 수립/해제 흐름, 장애 시 진단 명령을 연결해 이해해야 한다. 연계 개념은 [[흐름 제어]], [[혼잡 제어]], [[Stop-and-Wait]], [[Go-Back-N]], [[TCP]]이며, 학습 시 ""정의 → 동작 원리 → 장단점 → 적용 사례"" 순서로 정리하면 좋다.","[[흐름 제어]], [[혼잡 제어]], [[Stop-and-Wait]], [[Go-Back-N]], [[TCP]]",08-02-02-혼잡제어와-흐름제어.md,"네트워크 문제에서는 슬라이딩 윈도우의 정의만 쓰지 말고 관련 개념(흐름 제어, 혼잡 제어, Stop-and-Wait)과 비교·차이를 함께 쓰면 가점을 받기 쉽다."
CS-468,시간 복잡도,시간 복잡도,자료구조·알고리즘,#,ㅅ,시간 복잡도(시간 복잡도)은/는 데이터를 저장·탐색·갱신하거나 문제를 효율적으로 해결하기 위한 구조 또는 절차이다.,"시간 복잡도(시간 복잡도)은/는 데이터를 저장·탐색·갱신하거나 문제를 효율적으로 해결하기 위한 구조 또는 절차이다. 구현 아이디어, 평균/최악 시간복잡도, 안정성·제자리성 같은 성질을 함께 정리하면 코딩형과 서술형 모두에 대응된다. 연계 개념은 [[메모이제이션]], [[탭ULATION]], [[공간 복잡도]], [[빅오 표기법]], [[자료구조]]이며, 학습 시 ""정의 → 동작 원리 → 장단점 → 적용 사례"" 순서로 정리하면 좋다.","[[메모이제이션]], [[탭ULATION]], [[공간 복잡도]], [[빅오 표기법]], [[자료구조]]",03-08-한국은행-컴퓨터공학-면접-질문-2025.md; 04-05-자료구조-알고리즘-DB-금융IT.md,"자료구조·알고리즘 문제에서는 시간 복잡도의 정의만 쓰지 말고 관련 개념(메모이제이션, 탭ULATION, 공간 복잡도)과 비교·차이를 함께 쓰면 가점을 받기 쉽다."
CS-469,시간 지역성,시간 지역성,컴퓨터구조,#,ㅅ,"시간 지역성(시간 지역성)은/는 컴퓨터구조 영역의 핵심 개념으로, 명령어 실행, 캐시, 병렬성, 입출력 병목을 하드웨어 관점에서 설명한다.","시간 지역성(시간 지역성)은/는 컴퓨터구조 영역의 핵심 개념으로, 명령어 실행, 캐시, 병렬성, 입출력 병목을 하드웨어 관점에서 설명한다. 성능 계산에서는 CPI, 히트율, 병렬화 가능 비율처럼 수치화 가능한 요소와 병목 지점을 함께 본다. 연계 개념은 [[캐시 미스]], [[지역성]], [[공간 지역성]], [[캐시 매핑]], [[CPU]]이며, 학습 시 ""정의 → 동작 원리 → 장단점 → 적용 사례"" 순서로 정리하면 좋다.","[[캐시 미스]], [[지역성]], [[공간 지역성]], [[캐시 매핑]], [[CPU]]",05-07-금융감독원-기출.md; 14-2-캐시와-메모리-계층.md,"컴퓨터구조 문제에서는 시간 지역성의 정의만 쓰지 말고 관련 개념(캐시 미스, 지역성, 공간 지역성)과 비교·차이를 함께 쓰면 가점을 받기 쉽다."
CS-470,식사하는 철학자 문제,식사하는 철학자 문제,운영체제,#,ㅅ,"식사하는 철학자 문제(식사하는 철학자 문제)은/는 운영체제 영역의 핵심 개념으로, CPU, 메모리, 파일, 입출력 자원을 공정하고 효율적으로 배분하는 기반 지식이다.","식사하는 철학자 문제(식사하는 철학자 문제)은/는 운영체제 영역의 핵심 개념으로, CPU, 메모리, 파일, 입출력 자원을 공정하고 효율적으로 배분하는 기반 지식이다. 답안에서는 상태 전이, 자료구조(큐·테이블), 오버헤드와 처리량/응답시간의 트레이드오프를 함께 적으면 완성도가 높다. 연계 개념은 [[바쁜 대기]], [[생산자-소비자 문제]], [[교착상태]], [[상호배제 조건]], [[프로세스]]이며, 학습 시 ""정의 → 동작 원리 → 장단점 → 적용 사례"" 순서로 정리하면 좋다.","[[바쁜 대기]], [[생산자-소비자 문제]], [[교착상태]], [[상호배제 조건]], [[프로세스]]",보강 개념(페이지 직접 언급 없음),"운영체제 문제에서는 식사하는 철학자 문제의 정의만 쓰지 말고 관련 개념(바쁜 대기, 생산자-소비자 문제, 교착상태)과 비교·차이를 함께 쓰면 가점을 받기 쉽다."
CS-471,실행,실행,컴퓨터구조,#,ㅅ,"실행(실행)은/는 컴퓨터구조 영역의 핵심 개념으로, 명령어 실행, 캐시, 병렬성, 입출력 병목을 하드웨어 관점에서 설명한다.","실행(실행)은/는 컴퓨터구조 영역의 핵심 개념으로, 명령어 실행, 캐시, 병렬성, 입출력 병목을 하드웨어 관점에서 설명한다. 성능 계산에서는 CPI, 히트율, 병렬화 가능 비율처럼 수치화 가능한 요소와 병목 지점을 함께 본다. 연계 개념은 [[인출]], [[해독]], [[파이프라이닝]], [[파이프라인 해저드]], [[CPU]]이며, 학습 시 ""정의 → 동작 원리 → 장단점 → 적용 사례"" 순서로 정리하면 좋다.","[[인출]], [[해독]], [[파이프라이닝]], [[파이프라인 해저드]], [[CPU]]",05-09-운영체제-기출-모음.md; 14-컴퓨터구조-심화.md; 05-08-산업은행-기출.md,"컴퓨터구조 문제에서는 실행의 정의만 쓰지 말고 관련 개념(인출, 해독, 파이프라이닝)과 비교·차이를 함께 쓰면 가점을 받기 쉽다."
CS-472,쓰기 백,쓰기 백,컴퓨터구조,#,ㅆ,"쓰기 백(쓰기 백)은/는 컴퓨터구조 영역의 핵심 개념으로, 명령어 실행, 캐시, 병렬성, 입출력 병목을 하드웨어 관점에서 설명한다.","쓰기 백(쓰기 백)은/는 컴퓨터구조 영역의 핵심 개념으로, 명령어 실행, 캐시, 병렬성, 입출력 병목을 하드웨어 관점에서 설명한다. 성능 계산에서는 CPI, 히트율, 병렬화 가능 비율처럼 수치화 가능한 요소와 병목 지점을 함께 본다. 연계 개념은 [[세트 연관 매핑]], [[쓰기 스루]], [[메모리 계층]], [[RAM]], [[CPU]]이며, 학습 시 ""정의 → 동작 원리 → 장단점 → 적용 사례"" 순서로 정리하면 좋다.","[[세트 연관 매핑]], [[쓰기 스루]], [[메모리 계층]], [[RAM]], [[CPU]]",보강 개념(페이지 직접 언급 없음),"컴퓨터구조 문제에서는 쓰기 백의 정의만 쓰지 말고 관련 개념(세트 연관 매핑, 쓰기 스루, 메모리 계층)과 비교·차이를 함께 쓰면 가점을 받기 쉽다."
CS-473,쓰기 스루,쓰기 스루,컴퓨터구조,#,ㅆ,"쓰기 스루(쓰기 스루)은/는 컴퓨터구조 영역의 핵심 개념으로, 명령어 실행, 캐시, 병렬성, 입출력 병목을 하드웨어 관점에서 설명한다.","쓰기 스루(쓰기 스루)은/는 컴퓨터구조 영역의 핵심 개념으로, 명령어 실행, 캐시, 병렬성, 입출력 병목을 하드웨어 관점에서 설명한다. 성능 계산에서는 CPI, 히트율, 병렬화 가능 비율처럼 수치화 가능한 요소와 병목 지점을 함께 본다. 연계 개념은 [[완전 연관 매핑]], [[세트 연관 매핑]], [[쓰기 백]], [[메모리 계층]], [[CPU]]이며, 학습 시 ""정의 → 동작 원리 → 장단점 → 적용 사례"" 순서로 정리하면 좋다.","[[완전 연관 매핑]], [[세트 연관 매핑]], [[쓰기 백]], [[메모리 계층]], [[CPU]]",보강 개념(페이지 직접 언급 없음),"컴퓨터구조 문제에서는 쓰기 스루의 정의만 쓰지 말고 관련 개념(완전 연관 매핑, 세트 연관 매핑, 쓰기 백)과 비교·차이를 함께 쓰면 가점을 받기 쉽다."
CS-474,아이노드,아이노드,운영체제,#,ㅇ,"아이노드(아이노드)은/는 운영체제 영역의 핵심 개념으로, CPU, 메모리, 파일, 입출력 자원을 공정하고 효율적으로 배분하는 기반 지식이다.","아이노드(아이노드)은/는 운영체제 영역의 핵심 개념으로, CPU, 메모리, 파일, 입출력 자원을 공정하고 효율적으로 배분하는 기반 지식이다. 답안에서는 상태 전이, 자료구조(큐·테이블), 오버헤드와 처리량/응답시간의 트레이드오프를 함께 적으면 완성도가 높다. 연계 개념은 [[파일 시스템]], [[디렉터리]], [[저널링 파일 시스템]], [[RAID]], [[프로세스]]이며, 학습 시 ""정의 → 동작 원리 → 장단점 → 적용 사례"" 순서로 정리하면 좋다.","[[파일 시스템]], [[디렉터리]], [[저널링 파일 시스템]], [[RAID]], [[프로세스]]",보강 개념(페이지 직접 언급 없음),"운영체제 문제에서는 아이노드의 정의만 쓰지 말고 관련 개념(파일 시스템, 디렉터리, 저널링 파일 시스템)과 비교·차이를 함께 쓰면 가점을 받기 쉽다."
CS-475,아키텍처,아키텍처,소프트웨어공학,#,ㅇ,"아키텍처(아키텍처)은/는 소프트웨어공학 영역의 핵심 개념으로, 요구사항을 안정적인 소프트웨어로 전환하고 변경 비용을 낮추는 방법론이다.","아키텍처(아키텍처)은/는 소프트웨어공학 영역의 핵심 개념으로, 요구사항을 안정적인 소프트웨어로 전환하고 변경 비용을 낮추는 방법론이다. 산출물, 장단점, 적용 상황, 품질 속성에 미치는 영향을 함께 설명하면 면접·논술 답안으로 확장하기 쉽다. 연계 개념은 [[클래스 다이어그램]], [[시퀀스 다이어그램]], [[모듈화]], [[결합도]], [[테스트]]이며, 학습 시 ""정의 → 동작 원리 → 장단점 → 적용 사례"" 순서로 정리하면 좋다.","[[클래스 다이어그램]], [[시퀀스 다이어그램]], [[모듈화]], [[결합도]], [[테스트]]",04-02-프로그래밍-SQL-분산-클라우드.md; 17-클라우드-분산-시스템-심화.md; 14-3-명령어-세트.md,"소프트웨어공학 문제에서는 아키텍처의 정의만 쓰지 말고 관련 개념(클래스 다이어그램, 시퀀스 다이어그램, 모듈화)과 비교·차이를 함께 쓰면 가점을 받기 쉽다."
CS-476,암달의 법칙,암달의 법칙,컴퓨터구조,#,ㅇ,"암달의 법칙(암달의 법칙)은/는 컴퓨터구조 영역의 핵심 개념으로, 명령어 실행, 캐시, 병렬성, 입출력 병목을 하드웨어 관점에서 설명한다.","암달의 법칙(암달의 법칙)은/는 컴퓨터구조 영역의 핵심 개념으로, 명령어 실행, 캐시, 병렬성, 입출력 병목을 하드웨어 관점에서 설명한다. 성능 계산에서는 CPI, 히트율, 병렬화 가능 비율처럼 수치화 가능한 요소와 병목 지점을 함께 본다. 연계 개념은 [[DMA]], [[병렬 처리]], [[CPU]], [[캐시]], [[메모리 계층]]이며, 학습 시 ""정의 → 동작 원리 → 장단점 → 적용 사례"" 순서로 정리하면 좋다.","[[DMA]], [[병렬 처리]], [[CPU]], [[캐시]], [[메모리 계층]]",보강 개념(페이지 직접 언급 없음),"컴퓨터구조 문제에서는 암달의 법칙의 정의만 쓰지 말고 관련 개념(DMA, 병렬 처리, CPU)과 비교·차이를 함께 쓰면 가점을 받기 쉽다."
CS-477,약한 타입,약한 타입,프로그래밍 언어,#,ㅇ,"약한 타입(약한 타입)은/는 프로그래밍 언어 영역의 핵심 개념으로, 코드 실행 방식, 메모리 모델, 객체지향·함수형 추상화를 이해하는 데 필요하다.","약한 타입(약한 타입)은/는 프로그래밍 언어 영역의 핵심 개념으로, 코드 실행 방식, 메모리 모델, 객체지향·함수형 추상화를 이해하는 데 필요하다. 컴파일/실행 시점, 메모리 할당 위치, 타입 검사 방식, 다형성의 바인딩 시점을 비교해 설명하는 문제가 자주 나온다. 연계 개념은 [[동적 타입]], [[강한 타입]], [[변수]], [[상수]], [[컴파일러]]이며, 학습 시 ""정의 → 동작 원리 → 장단점 → 적용 사례"" 순서로 정리하면 좋다.","[[동적 타입]], [[강한 타입]], [[변수]], [[상수]], [[컴파일러]]",보강 개념(페이지 직접 언급 없음),"프로그래밍 언어 문제에서는 약한 타입의 정의만 쓰지 말고 관련 개념(동적 타입, 강한 타입, 변수)과 비교·차이를 함께 쓰면 가점을 받기 쉽다."
CS-478,어셈블러,어셈블러,프로그래밍 언어,#,ㅇ,"어셈블러(어셈블러)은/는 프로그래밍 언어 영역의 핵심 개념으로, 코드 실행 방식, 메모리 모델, 객체지향·함수형 추상화를 이해하는 데 필요하다.","어셈블러(어셈블러)은/는 프로그래밍 언어 영역의 핵심 개념으로, 코드 실행 방식, 메모리 모델, 객체지향·함수형 추상화를 이해하는 데 필요하다. 컴파일/실행 시점, 메모리 할당 위치, 타입 검사 방식, 다형성의 바인딩 시점을 비교해 설명하는 문제가 자주 나온다. 연계 개념은 [[컴파일러]], [[인터프리터]], [[링커]], [[로더]], [[객체]]이며, 학습 시 ""정의 → 동작 원리 → 장단점 → 적용 사례"" 순서로 정리하면 좋다.","[[컴파일러]], [[인터프리터]], [[링커]], [[로더]], [[객체]]",보강 개념(페이지 직접 언급 없음),"프로그래밍 언어 문제에서는 어셈블러의 정의만 쓰지 말고 관련 개념(컴파일러, 인터프리터, 링커)과 비교·차이를 함께 쓰면 가점을 받기 쉽다."
CS-479,에이징,에이징,운영체제,#,ㅇ,에이징(에이징)은/는 준비 상태의 작업에 CPU를 어떤 순서와 기준으로 배정할지 결정하는 운영체제 정책이다.,"에이징(에이징)은/는 준비 상태의 작업에 CPU를 어떤 순서와 기준으로 배정할지 결정하는 운영체제 정책이다. 답안에서는 상태 전이, 자료구조(큐·테이블), 오버헤드와 처리량/응답시간의 트레이드오프를 함께 적으면 완성도가 높다. 연계 개념은 [[멀티레벨 피드백 큐]], [[기아]], [[임계구역]], [[상호배제]], [[프로세스]]이며, 학습 시 ""정의 → 동작 원리 → 장단점 → 적용 사례"" 순서로 정리하면 좋다.","[[멀티레벨 피드백 큐]], [[기아]], [[임계구역]], [[상호배제]], [[프로세스]]",보강 개념(페이지 직접 언급 없음),"운영체제 문제에서는 에이징의 정의만 쓰지 말고 관련 개념(멀티레벨 피드백 큐, 기아, 임계구역)과 비교·차이를 함께 쓰면 가점을 받기 쉽다."
CS-480,역페이지 테이블,역페이지 테이블,운영체제,#,ㅇ,"역페이지 테이블(역페이지 테이블)은/는 운영체제 영역의 핵심 개념으로, CPU, 메모리, 파일, 입출력 자원을 공정하고 효율적으로 배분하는 기반 지식이다.","역페이지 테이블(역페이지 테이블)은/는 운영체제 영역의 핵심 개념으로, CPU, 메모리, 파일, 입출력 자원을 공정하고 효율적으로 배분하는 기반 지식이다. 답안에서는 상태 전이, 자료구조(큐·테이블), 오버헤드와 처리량/응답시간의 트레이드오프를 함께 적으면 완성도가 높다. 연계 개념은 [[TLB]], [[다단계 페이지 테이블]], [[세그멘테이션]], [[가상 메모리]], [[프로세스]]이며, 학습 시 ""정의 → 동작 원리 → 장단점 → 적용 사례"" 순서로 정리하면 좋다.","[[TLB]], [[다단계 페이지 테이블]], [[세그멘테이션]], [[가상 메모리]], [[프로세스]]",보강 개념(페이지 직접 언급 없음),"운영체제 문제에서는 역페이지 테이블의 정의만 쓰지 말고 관련 개념(TLB, 다단계 페이지 테이블, 세그멘테이션)과 비교·차이를 함께 쓰면 가점을 받기 쉽다."
CS-481,예외 처리,예외 처리,프로그래밍 언어,#,ㅇ,"예외 처리(예외 처리)은/는 프로그래밍 언어 영역의 핵심 개념으로, 코드 실행 방식, 메모리 모델, 객체지향·함수형 추상화를 이해하는 데 필요하다.","예외 처리(예외 처리)은/는 프로그래밍 언어 영역의 핵심 개념으로, 코드 실행 방식, 메모리 모델, 객체지향·함수형 추상화를 이해하는 데 필요하다. 컴파일/실행 시점, 메모리 할당 위치, 타입 검사 방식, 다형성의 바인딩 시점을 비교해 설명하는 문제가 자주 나온다. 연계 개념은 [[생성자]], [[소멸자]], [[제네릭]], [[템플릿]], [[컴파일러]]이며, 학습 시 ""정의 → 동작 원리 → 장단점 → 적용 사례"" 순서로 정리하면 좋다.","[[생성자]], [[소멸자]], [[제네릭]], [[템플릿]], [[컴파일러]]",보강 개념(페이지 직접 언급 없음),"프로그래밍 언어 문제에서는 예외 처리의 정의만 쓰지 말고 관련 개념(생성자, 소멸자, 제네릭)과 비교·차이를 함께 쓰면 가점을 받기 쉽다."
CS-482,오버라이딩,오버라이딩,프로그래밍 언어,#,ㅇ,"오버라이딩(오버라이딩)은/는 프로그래밍 언어 영역의 핵심 개념으로, 코드 실행 방식, 메모리 모델, 객체지향·함수형 추상화를 이해하는 데 필요하다.","오버라이딩(오버라이딩)은/는 프로그래밍 언어 영역의 핵심 개념으로, 코드 실행 방식, 메모리 모델, 객체지향·함수형 추상화를 이해하는 데 필요하다. 컴파일/실행 시점, 메모리 할당 위치, 타입 검사 방식, 다형성의 바인딩 시점을 비교해 설명하는 문제가 자주 나온다. 연계 개념은 [[추상화]], [[오버로딩]], [[인터페이스]], [[추상 클래스]], [[컴파일러]]이며, 학습 시 ""정의 → 동작 원리 → 장단점 → 적용 사례"" 순서로 정리하면 좋다.","[[추상화]], [[오버로딩]], [[인터페이스]], [[추상 클래스]], [[컴파일러]]",04-02-프로그래밍-SQL-분산-클라우드.md; 05-14-12-한국은행-2025-컴퓨터공학-학술-2-프로그래밍-언어-객체지향-개념.md; 05-03-대구은행-기출.md,"프로그래밍 언어 문제에서는 오버라이딩의 정의만 쓰지 말고 관련 개념(추상화, 오버로딩, 인터페이스)과 비교·차이를 함께 쓰면 가점을 받기 쉽다."
CS-483,오버로딩,오버로딩,프로그래밍 언어,#,ㅇ,"오버로딩(오버로딩)은/는 프로그래밍 언어 영역의 핵심 개념으로, 코드 실행 방식, 메모리 모델, 객체지향·함수형 추상화를 이해하는 데 필요하다.","오버로딩(오버로딩)은/는 프로그래밍 언어 영역의 핵심 개념으로, 코드 실행 방식, 메모리 모델, 객체지향·함수형 추상화를 이해하는 데 필요하다. 컴파일/실행 시점, 메모리 할당 위치, 타입 검사 방식, 다형성의 바인딩 시점을 비교해 설명하는 문제가 자주 나온다. 연계 개념은 [[다형성]], [[추상화]], [[오버라이딩]], [[인터페이스]], [[컴파일러]]이며, 학습 시 ""정의 → 동작 원리 → 장단점 → 적용 사례"" 순서로 정리하면 좋다.","[[다형성]], [[추상화]], [[오버라이딩]], [[인터페이스]], [[컴파일러]]",04-02-프로그래밍-SQL-분산-클라우드.md; 05-14-12-한국은행-2025-컴퓨터공학-학술-2-프로그래밍-언어-객체지향-개념.md; 05-03-대구은행-기출.md,"프로그래밍 언어 문제에서는 오버로딩의 정의만 쓰지 말고 관련 개념(다형성, 추상화, 오버라이딩)과 비교·차이를 함께 쓰면 가점을 받기 쉽다."
CS-484,오토스케일링,오토스케일링,클라우드·분산시스템,#,ㅇ,"오토스케일링(오토스케일링)은/는 클라우드·분산시스템 영역의 핵심 개념으로, 확장성, 장애 허용, 일관성, 운영 자동화를 다루는 현대 인프라 핵심이다.","오토스케일링(오토스케일링)은/는 클라우드·분산시스템 영역의 핵심 개념으로, 확장성, 장애 허용, 일관성, 운영 자동화를 다루는 현대 인프라 핵심이다. 단일 노드 설계와 달리 네트워크 분할, 장애 전파, 재시도, 중복 처리, 관측 가능성을 전제로 설계해야 한다. 연계 개념은 [[프라이빗 클라우드]], [[하이브리드 클라우드]], [[서버리스]], [[마이크로서비스]], [[분산 시스템]]이며, 학습 시 ""정의 → 동작 원리 → 장단점 → 적용 사례"" 순서로 정리하면 좋다.","[[프라이빗 클라우드]], [[하이브리드 클라우드]], [[서버리스]], [[마이크로서비스]], [[분산 시스템]]",05-15-코스콤-기출.md,"클라우드·분산시스템 문제에서는 오토스케일링의 정의만 쓰지 말고 관련 개념(프라이빗 클라우드, 하이브리드 클라우드, 서버리스)과 비교·차이를 함께 쓰면 가점을 받기 쉽다."
CS-485,완전 연관 매핑,완전 연관 매핑,컴퓨터구조,#,ㅇ,"완전 연관 매핑(완전 연관 매핑)은/는 컴퓨터구조 영역의 핵심 개념으로, 명령어 실행, 캐시, 병렬성, 입출력 병목을 하드웨어 관점에서 설명한다.","완전 연관 매핑(완전 연관 매핑)은/는 컴퓨터구조 영역의 핵심 개념으로, 명령어 실행, 캐시, 병렬성, 입출력 병목을 하드웨어 관점에서 설명한다. 성능 계산에서는 CPI, 히트율, 병렬화 가능 비율처럼 수치화 가능한 요소와 병목 지점을 함께 본다. 연계 개념은 [[캐시 매핑]], [[직접 매핑]], [[세트 연관 매핑]], [[쓰기 스루]], [[CPU]]이며, 학습 시 ""정의 → 동작 원리 → 장단점 → 적용 사례"" 순서로 정리하면 좋다.","[[캐시 매핑]], [[직접 매핑]], [[세트 연관 매핑]], [[쓰기 스루]], [[CPU]]",보강 개념(페이지 직접 언급 없음),"컴퓨터구조 문제에서는 완전 연관 매핑의 정의만 쓰지 말고 관련 개념(캐시 매핑, 직접 매핑, 세트 연관 매핑)과 비교·차이를 함께 쓰면 가점을 받기 쉽다."
CS-486,완전 함수 종속,완전 함수 종속,데이터베이스,#,ㅇ,완전 함수 종속(완전 함수 종속)은/는 데이터 중복과 갱신 이상을 줄이기 위해 릴레이션 구조와 속성 의존 관계를 분석하는 개념이다.,"완전 함수 종속(완전 함수 종속)은/는 데이터 중복과 갱신 이상을 줄이기 위해 릴레이션 구조와 속성 의존 관계를 분석하는 개념이다. 시험에서는 정의만이 아니라 이상현상, 정규화, 인덱스 성능, 트랜잭션 격리 수준과 함께 묶어 서술하는 것이 좋다. 연계 개념은 [[BCNF]], [[함수 종속]], [[부분 함수 종속]], [[이행 함수 종속]], [[SQL]]이며, 학습 시 ""정의 → 동작 원리 → 장단점 → 적용 사례"" 순서로 정리하면 좋다.","[[BCNF]], [[함수 종속]], [[부분 함수 종속]], [[이행 함수 종속]], [[SQL]]",07-02-01-1NF-2NF-3NF.md; 07-02-02-이상현상과-함수종속.md,"데이터베이스 문제에서는 완전 함수 종속의 정의만 쓰지 말고 관련 개념(BCNF, 함수 종속, 부분 함수 종속)과 비교·차이를 함께 쓰면 가점을 받기 쉽다."
CS-487,외부 조인,외부 조인,데이터베이스,#,ㅇ,"외부 조인(외부 조인)은/는 데이터베이스 영역의 핵심 개념으로, 데이터 저장·검색·무결성·동시성의 관점에서 금융권 거래 원장과 고객 데이터 품질을 좌우한다.","외부 조인(외부 조인)은/는 데이터베이스 영역의 핵심 개념으로, 데이터 저장·검색·무결성·동시성의 관점에서 금융권 거래 원장과 고객 데이터 품질을 좌우한다. 시험에서는 정의만이 아니라 이상현상, 정규화, 인덱스 성능, 트랜잭션 격리 수준과 함께 묶어 서술하는 것이 좋다. 연계 개념은 [[세타 조인]], [[자연 조인]], [[정규화]], [[제1정규형]], [[SQL]]이며, 학습 시 ""정의 → 동작 원리 → 장단점 → 적용 사례"" 순서로 정리하면 좋다.","[[세타 조인]], [[자연 조인]], [[정규화]], [[제1정규형]], [[SQL]]",보강 개념(페이지 직접 언급 없음),"데이터베이스 문제에서는 외부 조인의 정의만 쓰지 말고 관련 개념(세타 조인, 자연 조인, 정규화)과 비교·차이를 함께 쓰면 가점을 받기 쉽다."
CS-488,요구 페이징,요구 페이징,운영체제,#,ㅇ,요구 페이징(요구 페이징)은/는 물리 메모리보다 큰 주소 공간을 효율적으로 제공하고 주소 변환 비용을 관리하는 메모리 관리 개념이다.,"요구 페이징(요구 페이징)은/는 물리 메모리보다 큰 주소 공간을 효율적으로 제공하고 주소 변환 비용을 관리하는 메모리 관리 개념이다. 답안에서는 상태 전이, 자료구조(큐·테이블), 오버헤드와 처리량/응답시간의 트레이드오프를 함께 적으면 완성도가 높다. 연계 개념은 [[세그멘테이션]], [[가상 메모리]], [[페이지 폴트]], [[페이지 교체]], [[프로세스]]이며, 학습 시 ""정의 → 동작 원리 → 장단점 → 적용 사례"" 순서로 정리하면 좋다.","[[세그멘테이션]], [[가상 메모리]], [[페이지 폴트]], [[페이지 교체]], [[프로세스]]",보강 개념(페이지 직접 언급 없음),"운영체제 문제에서는 요구 페이징의 정의만 쓰지 말고 관련 개념(세그멘테이션, 가상 메모리, 페이지 폴트)과 비교·차이를 함께 쓰면 가점을 받기 쉽다."
CS-489,우선순위 스케줄링,우선순위 스케줄링,운영체제,#,ㅇ,우선순위 스케줄링(우선순위 스케줄링)은/는 준비 상태의 작업에 CPU를 어떤 순서와 기준으로 배정할지 결정하는 운영체제 정책이다.,"우선순위 스케줄링(우선순위 스케줄링)은/는 준비 상태의 작업에 CPU를 어떤 순서와 기준으로 배정할지 결정하는 운영체제 정책이다. 답안에서는 상태 전이, 자료구조(큐·테이블), 오버헤드와 처리량/응답시간의 트레이드오프를 함께 적으면 완성도가 높다. 연계 개념은 [[HRN]], [[Round Robin]], [[멀티레벨 큐]], [[멀티레벨 피드백 큐]], [[프로세스]]이며, 학습 시 ""정의 → 동작 원리 → 장단점 → 적용 사례"" 순서로 정리하면 좋다.","[[HRN]], [[Round Robin]], [[멀티레벨 큐]], [[멀티레벨 피드백 큐]], [[프로세스]]",보강 개념(페이지 직접 언급 없음),"운영체제 문제에서는 우선순위 스케줄링의 정의만 쓰지 말고 관련 개념(HRN, Round Robin, 멀티레벨 큐)과 비교·차이를 함께 쓰면 가점을 받기 쉽다."
CS-490,우선순위 큐,우선순위 큐,자료구조·알고리즘,#,ㅇ,우선순위 큐(우선순위 큐)은/는 데이터를 저장·탐색·갱신하거나 문제를 효율적으로 해결하기 위한 구조 또는 절차이다.,"우선순위 큐(우선순위 큐)은/는 데이터를 저장·탐색·갱신하거나 문제를 효율적으로 해결하기 위한 구조 또는 절차이다. 구현 아이디어, 평균/최악 시간복잡도, 안정성·제자리성 같은 성질을 함께 정리하면 코딩형과 서술형 모두에 대응된다. 연계 개념은 [[원형 큐]], [[덱]], [[힙]], [[최대 힙]], [[시간 복잡도]]이며, 학습 시 ""정의 → 동작 원리 → 장단점 → 적용 사례"" 순서로 정리하면 좋다.","[[원형 큐]], [[덱]], [[힙]], [[최대 힙]], [[시간 복잡도]]",02-08-하루-루틴과-주간-점검표.md; 03-08-한국은행-컴퓨터공학-면접-질문-2025.md; 09-02-01-이진트리-힙-B트리.md,"자료구조·알고리즘 문제에서는 우선순위 큐의 정의만 쓰지 말고 관련 개념(원형 큐, 덱, 힙)과 비교·차이를 함께 쓰면 가점을 받기 쉽다."
CS-491,워킹 세트,워킹 세트,운영체제,#,ㅇ,워킹 세트(워킹 세트)은/는 물리 메모리보다 큰 주소 공간을 효율적으로 제공하고 주소 변환 비용을 관리하는 메모리 관리 개념이다.,"워킹 세트(워킹 세트)은/는 물리 메모리보다 큰 주소 공간을 효율적으로 제공하고 주소 변환 비용을 관리하는 메모리 관리 개념이다. 답안에서는 상태 전이, 자료구조(큐·테이블), 오버헤드와 처리량/응답시간의 트레이드오프를 함께 적으면 완성도가 높다. 연계 개념은 [[Optimal 페이지 교체]], [[스래싱]], [[파일 시스템]], [[디렉터리]], [[프로세스]]이며, 학습 시 ""정의 → 동작 원리 → 장단점 → 적용 사례"" 순서로 정리하면 좋다.","[[Optimal 페이지 교체]], [[스래싱]], [[파일 시스템]], [[디렉터리]], [[프로세스]]",보강 개념(페이지 직접 언급 없음),"운영체제 문제에서는 워킹 세트의 정의만 쓰지 말고 관련 개념(Optimal 페이지 교체, 스래싱, 파일 시스템)과 비교·차이를 함께 쓰면 가점을 받기 쉽다."
CS-492,원자성,원자성,데이터베이스,#,ㅇ,원자성(원자성)은/는 여러 사용자가 동시에 데이터를 변경해도 결과가 정확하고 장애 후 복구 가능하도록 보장하는 거래 처리 개념이다.,"원자성(원자성)은/는 여러 사용자가 동시에 데이터를 변경해도 결과가 정확하고 장애 후 복구 가능하도록 보장하는 거래 처리 개념이다. 시험에서는 정의만이 아니라 이상현상, 정규화, 인덱스 성능, 트랜잭션 격리 수준과 함께 묶어 서술하는 것이 좋다. 연계 개념은 [[트랜잭션]], [[ACID]], [[일관성]], [[고립성]], [[SQL]]이며, 학습 시 ""정의 → 동작 원리 → 장단점 → 적용 사례"" 순서로 정리하면 좋다.","[[트랜잭션]], [[ACID]], [[일관성]], [[고립성]], [[SQL]]",05-08-산업은행-기출.md; 02-01-기본-전제와-일정.md; 07-04-트랜잭션과-회복.md,"데이터베이스 문제에서는 원자성의 정의만 쓰지 말고 관련 개념(트랜잭션, ACID, 일관성)과 비교·차이를 함께 쓰면 가점을 받기 쉽다."
CS-493,원형 연결 리스트,원형 연결 리스트,자료구조·알고리즘,#,ㅇ,원형 연결 리스트(원형 연결 리스트)은/는 데이터를 저장·탐색·갱신하거나 문제를 효율적으로 해결하기 위한 구조 또는 절차이다.,"원형 연결 리스트(원형 연결 리스트)은/는 데이터를 저장·탐색·갱신하거나 문제를 효율적으로 해결하기 위한 구조 또는 절차이다. 구현 아이디어, 평균/최악 시간복잡도, 안정성·제자리성 같은 성질을 함께 정리하면 코딩형과 서술형 모두에 대응된다. 연계 개념은 [[단일 연결 리스트]], [[이중 연결 리스트]], [[스택]], [[큐]], [[시간 복잡도]]이며, 학습 시 ""정의 → 동작 원리 → 장단점 → 적용 사례"" 순서로 정리하면 좋다.","[[단일 연결 리스트]], [[이중 연결 리스트]], [[스택]], [[큐]], [[시간 복잡도]]",보강 개념(페이지 직접 언급 없음),"자료구조·알고리즘 문제에서는 원형 연결 리스트의 정의만 쓰지 말고 관련 개념(단일 연결 리스트, 이중 연결 리스트, 스택)과 비교·차이를 함께 쓰면 가점을 받기 쉽다."
CS-494,원형 큐,원형 큐,자료구조·알고리즘,#,ㅇ,원형 큐(원형 큐)은/는 데이터를 저장·탐색·갱신하거나 문제를 효율적으로 해결하기 위한 구조 또는 절차이다.,"원형 큐(원형 큐)은/는 데이터를 저장·탐색·갱신하거나 문제를 효율적으로 해결하기 위한 구조 또는 절차이다. 구현 아이디어, 평균/최악 시간복잡도, 안정성·제자리성 같은 성질을 함께 정리하면 코딩형과 서술형 모두에 대응된다. 연계 개념은 [[스택]], [[큐]], [[덱]], [[우선순위 큐]], [[시간 복잡도]]이며, 학습 시 ""정의 → 동작 원리 → 장단점 → 적용 사례"" 순서로 정리하면 좋다.","[[스택]], [[큐]], [[덱]], [[우선순위 큐]], [[시간 복잡도]]",보강 개념(페이지 직접 언급 없음),"자료구조·알고리즘 문제에서는 원형 큐의 정의만 쓰지 말고 관련 개념(스택, 큐, 덱)과 비교·차이를 함께 쓰면 가점을 받기 쉽다."
CS-495,위상 정렬,위상 정렬,자료구조·알고리즘,#,ㅇ,위상 정렬(위상 정렬)은/는 데이터를 저장·탐색·갱신하거나 문제를 효율적으로 해결하기 위한 구조 또는 절차이다.,"위상 정렬(위상 정렬)은/는 데이터를 저장·탐색·갱신하거나 문제를 효율적으로 해결하기 위한 구조 또는 절차이다. 구현 아이디어, 평균/최악 시간복잡도, 안정성·제자리성 같은 성질을 함께 정리하면 코딩형과 서술형 모두에 대응된다. 연계 개념은 [[DFS]], [[BFS]], [[최단 경로]], [[다익스트라 알고리즘]], [[시간 복잡도]]이며, 학습 시 ""정의 → 동작 원리 → 장단점 → 적용 사례"" 순서로 정리하면 좋다.","[[DFS]], [[BFS]], [[최단 경로]], [[다익스트라 알고리즘]], [[시간 복잡도]]",보강 개념(페이지 직접 언급 없음),"자료구조·알고리즘 문제에서는 위상 정렬의 정의만 쓰지 말고 관련 개념(DFS, BFS, 최단 경로)과 비교·차이를 함께 쓰면 가점을 받기 쉽다."
CS-496,은행가 알고리즘,은행가 알고리즘,운영체제,#,ㅇ,"은행가 알고리즘(은행가 알고리즘)은/는 운영체제 영역의 핵심 개념으로, CPU, 메모리, 파일, 입출력 자원을 공정하고 효율적으로 배분하는 기반 지식이다.","은행가 알고리즘(은행가 알고리즘)은/는 운영체제 영역의 핵심 개념으로, CPU, 메모리, 파일, 입출력 자원을 공정하고 효율적으로 배분하는 기반 지식이다. 답안에서는 상태 전이, 자료구조(큐·테이블), 오버헤드와 처리량/응답시간의 트레이드오프를 함께 적으면 완성도가 높다. 연계 개념은 [[비선점 조건]], [[환형대기 조건]], [[메모리 관리]], [[주소 바인딩]], [[프로세스]]이며, 학습 시 ""정의 → 동작 원리 → 장단점 → 적용 사례"" 순서로 정리하면 좋다.","[[비선점 조건]], [[환형대기 조건]], [[메모리 관리]], [[주소 바인딩]], [[프로세스]]",보강 개념(페이지 직접 언급 없음),"운영체제 문제에서는 은행가 알고리즘의 정의만 쓰지 말고 관련 개념(비선점 조건, 환형대기 조건, 메모리 관리)과 비교·차이를 함께 쓰면 가점을 받기 쉽다."
CS-497,응용 계층,응용 계층,네트워크,#,ㅇ,"응용 계층(응용 계층)은/는 네트워크 통신에서 주소 지정, 경로 선택, 신뢰성, 이름 해석 또는 보안 채널을 구성하는 핵심 요소이다.","응용 계층(응용 계층)은/는 네트워크 통신에서 주소 지정, 경로 선택, 신뢰성, 이름 해석 또는 보안 채널을 구성하는 핵심 요소이다. 프로토콜의 위치 계층, 헤더에 담기는 식별자, 연결 수립/해제 흐름, 장애 시 진단 명령을 연결해 이해해야 한다. 연계 개념은 [[세션 계층]], [[표현 계층]], [[이더넷]], [[MAC 주소]], [[TCP]]이며, 학습 시 ""정의 → 동작 원리 → 장단점 → 적용 사례"" 순서로 정리하면 좋다.","[[세션 계층]], [[표현 계층]], [[이더넷]], [[MAC 주소]], [[TCP]]",08-01-OSI와-TCP-IP.md,"네트워크 문제에서는 응용 계층의 정의만 쓰지 말고 관련 개념(세션 계층, 표현 계층, 이더넷)과 비교·차이를 함께 쓰면 가점을 받기 쉽다."
CS-498,의존성 역전 원칙,의존성 역전 원칙,소프트웨어공학,#,ㅇ,"의존성 역전 원칙(의존성 역전 원칙)은/는 소프트웨어공학 영역의 핵심 개념으로, 요구사항을 안정적인 소프트웨어로 전환하고 변경 비용을 낮추는 방법론이다.","의존성 역전 원칙(의존성 역전 원칙)은/는 소프트웨어공학 영역의 핵심 개념으로, 요구사항을 안정적인 소프트웨어로 전환하고 변경 비용을 낮추는 방법론이다. 산출물, 장단점, 적용 상황, 품질 속성에 미치는 영향을 함께 설명하면 면접·논술 답안으로 확장하기 쉽다. 연계 개념은 [[리스코프 치환 원칙]], [[인터페이스 분리 원칙]], [[디자인 패턴]], [[싱글턴 패턴]], [[테스트]]이며, 학습 시 ""정의 → 동작 원리 → 장단점 → 적용 사례"" 순서로 정리하면 좋다.","[[리스코프 치환 원칙]], [[인터페이스 분리 원칙]], [[디자인 패턴]], [[싱글턴 패턴]], [[테스트]]",05-05-SGI서울보증-기출.md,"소프트웨어공학 문제에서는 의존성 역전 원칙의 정의만 쓰지 말고 관련 개념(리스코프 치환 원칙, 인터페이스 분리 원칙, 디자인 패턴)과 비교·차이를 함께 쓰면 가점을 받기 쉽다."
CS-499,이더넷,이더넷,네트워크,#,ㅇ,"이더넷(이더넷)은/는 네트워크 통신에서 주소 지정, 경로 선택, 신뢰성, 이름 해석 또는 보안 채널을 구성하는 핵심 요소이다.","이더넷(이더넷)은/는 네트워크 통신에서 주소 지정, 경로 선택, 신뢰성, 이름 해석 또는 보안 채널을 구성하는 핵심 요소이다. 프로토콜의 위치 계층, 헤더에 담기는 식별자, 연결 수립/해제 흐름, 장애 시 진단 명령을 연결해 이해해야 한다. 연계 개념은 [[표현 계층]], [[응용 계층]], [[MAC 주소]], [[ARP]], [[TCP]]이며, 학습 시 ""정의 → 동작 원리 → 장단점 → 적용 사례"" 순서로 정리하면 좋다.","[[표현 계층]], [[응용 계층]], [[MAC 주소]], [[ARP]], [[TCP]]",04-04-네트워크-프로토콜-보안.md,"네트워크 문제에서는 이더넷의 정의만 쓰지 말고 관련 개념(표현 계층, 응용 계층, MAC 주소)과 비교·차이를 함께 쓰면 가점을 받기 쉽다."
CS-500,이벤트 기반 아키텍처,이벤트 기반 아키텍처,클라우드·분산시스템,#,ㅇ,"이벤트 기반 아키텍처(이벤트 기반 아키텍처)은/는 클라우드·분산시스템 영역의 핵심 개념으로, 확장성, 장애 허용, 일관성, 운영 자동화를 다루는 현대 인프라 핵심이다.","이벤트 기반 아키텍처(이벤트 기반 아키텍처)은/는 클라우드·분산시스템 영역의 핵심 개념으로, 확장성, 장애 허용, 일관성, 운영 자동화를 다루는 현대 인프라 핵심이다. 단일 노드 설계와 달리 네트워크 분할, 장애 전파, 재시도, 중복 처리, 관측 가능성을 전제로 설계해야 한다. 연계 개념은 [[Kafka]], [[RabbitMQ]], [[분산 트랜잭션]], [[2PC]], [[분산 시스템]]이며, 학습 시 ""정의 → 동작 원리 → 장단점 → 적용 사례"" 순서로 정리하면 좋다.","[[Kafka]], [[RabbitMQ]], [[분산 트랜잭션]], [[2PC]], [[분산 시스템]]",보강 개념(페이지 직접 언급 없음),"클라우드·분산시스템 문제에서는 이벤트 기반 아키텍처의 정의만 쓰지 말고 관련 개념(Kafka, RabbitMQ, 분산 트랜잭션)과 비교·차이를 함께 쓰면 가점을 받기 쉽다."
CS-501,이상 현상,이상 현상,데이터베이스,#,ㅇ,이상 현상(이상 현상)은/는 데이터 중복과 갱신 이상을 줄이기 위해 릴레이션 구조와 속성 의존 관계를 분석하는 개념이다.,"이상 현상(이상 현상)은/는 데이터 중복과 갱신 이상을 줄이기 위해 릴레이션 구조와 속성 의존 관계를 분석하는 개념이다. 시험에서는 정의만이 아니라 이상현상, 정규화, 인덱스 성능, 트랜잭션 격리 수준과 함께 묶어 서술하는 것이 좋다. 연계 개념은 [[부분 함수 종속]], [[이행 함수 종속]], [[무손실 분해]], [[종속성 보존]], [[SQL]]이며, 학습 시 ""정의 → 동작 원리 → 장단점 → 적용 사례"" 순서로 정리하면 좋다.","[[부분 함수 종속]], [[이행 함수 종속]], [[무손실 분해]], [[종속성 보존]], [[SQL]]",05-14-11-한국은행-2025-컴퓨터공학-학술-1-데이터베이스.md; 05-14-한국은행-기출.md; 05-06-예탁결제원-기출.md,"데이터베이스 문제에서는 이상 현상의 정의만 쓰지 말고 관련 개념(부분 함수 종속, 이행 함수 종속, 무손실 분해)과 비교·차이를 함께 쓰면 가점을 받기 쉽다."
CS-502,이중 연결 리스트,이중 연결 리스트,자료구조·알고리즘,#,ㅇ,이중 연결 리스트(이중 연결 리스트)은/는 데이터를 저장·탐색·갱신하거나 문제를 효율적으로 해결하기 위한 구조 또는 절차이다.,"이중 연결 리스트(이중 연결 리스트)은/는 데이터를 저장·탐색·갱신하거나 문제를 효율적으로 해결하기 위한 구조 또는 절차이다. 구현 아이디어, 평균/최악 시간복잡도, 안정성·제자리성 같은 성질을 함께 정리하면 코딩형과 서술형 모두에 대응된다. 연계 개념은 [[연결 리스트]], [[단일 연결 리스트]], [[원형 연결 리스트]], [[스택]], [[시간 복잡도]]이며, 학습 시 ""정의 → 동작 원리 → 장단점 → 적용 사례"" 순서로 정리하면 좋다.","[[연결 리스트]], [[단일 연결 리스트]], [[원형 연결 리스트]], [[스택]], [[시간 복잡도]]",보강 개념(페이지 직접 언급 없음),"자료구조·알고리즘 문제에서는 이중 연결 리스트의 정의만 쓰지 말고 관련 개념(연결 리스트, 단일 연결 리스트, 원형 연결 리스트)과 비교·차이를 함께 쓰면 가점을 받기 쉽다."
CS-503,이진 탐색,이진 탐색,자료구조·알고리즘,#,ㅇ,이진 탐색(이진 탐색)은/는 데이터를 저장·탐색·갱신하거나 문제를 효율적으로 해결하기 위한 구조 또는 절차이다.,"이진 탐색(이진 탐색)은/는 데이터를 저장·탐색·갱신하거나 문제를 효율적으로 해결하기 위한 구조 또는 절차이다. 구현 아이디어, 평균/최악 시간복잡도, 안정성·제자리성 같은 성질을 함께 정리하면 코딩형과 서술형 모두에 대응된다. 연계 개념은 [[계수 정렬]], [[기수 정렬]], [[해시 탐색]], [[분할 정복]], [[시간 복잡도]]이며, 학습 시 ""정의 → 동작 원리 → 장단점 → 적용 사례"" 순서로 정리하면 좋다.","[[계수 정렬]], [[기수 정렬]], [[해시 탐색]], [[분할 정복]], [[시간 복잡도]]",09-03-정렬과-탐색.md; 05-13-알고리즘-기출-모음.md; 05-06-예탁결제원-기출.md,"자료구조·알고리즘 문제에서는 이진 탐색의 정의만 쓰지 말고 관련 개념(계수 정렬, 기수 정렬, 해시 탐색)과 비교·차이를 함께 쓰면 가점을 받기 쉽다."
CS-504,이진 탐색 트리,이진 탐색 트리,자료구조·알고리즘,#,ㅇ,이진 탐색 트리(이진 탐색 트리)은/는 데이터를 저장·탐색·갱신하거나 문제를 효율적으로 해결하기 위한 구조 또는 절차이다.,"이진 탐색 트리(이진 탐색 트리)은/는 데이터를 저장·탐색·갱신하거나 문제를 효율적으로 해결하기 위한 구조 또는 절차이다. 구현 아이디어, 평균/최악 시간복잡도, 안정성·제자리성 같은 성질을 함께 정리하면 코딩형과 서술형 모두에 대응된다. 연계 개념은 [[트리]], [[이진 트리]], [[AVL 트리]], [[레드블랙 트리]], [[시간 복잡도]]이며, 학습 시 ""정의 → 동작 원리 → 장단점 → 적용 사례"" 순서로 정리하면 좋다.","[[트리]], [[이진 트리]], [[AVL 트리]], [[레드블랙 트리]], [[시간 복잡도]]",05-13-알고리즘-기출-모음.md; 05-06-예탁결제원-기출.md,"자료구조·알고리즘 문제에서는 이진 탐색 트리의 정의만 쓰지 말고 관련 개념(트리, 이진 트리, AVL 트리)과 비교·차이를 함께 쓰면 가점을 받기 쉽다."
CS-505,이진 트리,이진 트리,자료구조·알고리즘,#,ㅇ,이진 트리(이진 트리)은/는 데이터를 저장·탐색·갱신하거나 문제를 효율적으로 해결하기 위한 구조 또는 절차이다.,"이진 트리(이진 트리)은/는 데이터를 저장·탐색·갱신하거나 문제를 효율적으로 해결하기 위한 구조 또는 절차이다. 구현 아이디어, 평균/최악 시간복잡도, 안정성·제자리성 같은 성질을 함께 정리하면 코딩형과 서술형 모두에 대응된다. 연계 개념은 [[개방 주소법]], [[트리]], [[이진 탐색 트리]], [[AVL 트리]], [[시간 복잡도]]이며, 학습 시 ""정의 → 동작 원리 → 장단점 → 적용 사례"" 순서로 정리하면 좋다.","[[개방 주소법]], [[트리]], [[이진 탐색 트리]], [[AVL 트리]], [[시간 복잡도]]",04-05-자료구조-알고리즘-DB-금융IT.md,"자료구조·알고리즘 문제에서는 이진 트리의 정의만 쓰지 말고 관련 개념(개방 주소법, 트리, 이진 탐색 트리)과 비교·차이를 함께 쓰면 가점을 받기 쉽다."
CS-506,이행 함수 종속,이행 함수 종속,데이터베이스,#,ㅇ,이행 함수 종속(이행 함수 종속)은/는 데이터 중복과 갱신 이상을 줄이기 위해 릴레이션 구조와 속성 의존 관계를 분석하는 개념이다.,"이행 함수 종속(이행 함수 종속)은/는 데이터 중복과 갱신 이상을 줄이기 위해 릴레이션 구조와 속성 의존 관계를 분석하는 개념이다. 시험에서는 정의만이 아니라 이상현상, 정규화, 인덱스 성능, 트랜잭션 격리 수준과 함께 묶어 서술하는 것이 좋다. 연계 개념은 [[완전 함수 종속]], [[부분 함수 종속]], [[이상 현상]], [[무손실 분해]], [[SQL]]이며, 학습 시 ""정의 → 동작 원리 → 장단점 → 적용 사례"" 순서로 정리하면 좋다.","[[완전 함수 종속]], [[부분 함수 종속]], [[이상 현상]], [[무손실 분해]], [[SQL]]",07-02-00-정규화.md; 07-02-01-1NF-2NF-3NF.md; 07-02-02-이상현상과-함수종속.md,"데이터베이스 문제에서는 이행 함수 종속의 정의만 쓰지 말고 관련 개념(완전 함수 종속, 부분 함수 종속, 이상 현상)과 비교·차이를 함께 쓰면 가점을 받기 쉽다."
CS-507,인공지능,인공지능,인공지능·데이터,#,ㅇ,"인공지능(인공지능)은/는 데이터 기반 예측·분류·분석 과정에서 모델, 학습 방법, 평가 또는 전처리를 설명하는 개념이다.","인공지능(인공지능)은/는 데이터 기반 예측·분류·분석 과정에서 모델, 학습 방법, 평가 또는 전처리를 설명하는 개념이다. 데이터 누수, 편향, 평가 지표 선택, 운영 중 성능 저하를 함께 고려해야 실제 금융 AI 적용에 적합하다. 연계 개념은 [[머신러닝]], [[지도학습]], [[훈련 데이터]], [[평가 지표]]이며, 학습 시 ""정의 → 동작 원리 → 장단점 → 적용 사례"" 순서로 정리하면 좋다.","[[머신러닝]], [[지도학습]], [[훈련 데이터]], [[평가 지표]]",04-IT-필기-핵심정리.md; 05-01-우리은행-기출.md; 02-01-기본-전제와-일정.md,"인공지능·데이터 문제에서는 인공지능의 정의만 쓰지 말고 관련 개념(머신러닝, 지도학습, 훈련 데이터)과 비교·차이를 함께 쓰면 가점을 받기 쉽다."
CS-508,인스턴스,인스턴스,데이터베이스,#,ㅇ,"인스턴스(인스턴스)은/는 데이터베이스 영역의 핵심 개념으로, 데이터 저장·검색·무결성·동시성의 관점에서 금융권 거래 원장과 고객 데이터 품질을 좌우한다.","인스턴스(인스턴스)은/는 데이터베이스 영역의 핵심 개념으로, 데이터 저장·검색·무결성·동시성의 관점에서 금융권 거래 원장과 고객 데이터 품질을 좌우한다. 시험에서는 정의만이 아니라 이상현상, 정규화, 인덱스 성능, 트랜잭션 격리 수준과 함께 묶어 서술하는 것이 좋다. 연계 개념은 [[DBMS]], [[스키마]], [[릴레이션]], [[튜플]], [[SQL]]이며, 학습 시 ""정의 → 동작 원리 → 장단점 → 적용 사례"" 순서로 정리하면 좋다.","[[DBMS]], [[스키마]], [[릴레이션]], [[튜플]], [[SQL]]",17-2-컨테이너.md; 07-01-00-관계형-데이터베이스-기본.md; 11-03-설계-결합도-응집도.md,"데이터베이스 문제에서는 인스턴스의 정의만 쓰지 말고 관련 개념(DBMS, 스키마, 릴레이션)과 비교·차이를 함께 쓰면 가점을 받기 쉽다."
CS-509,인접 리스트,인접 리스트,자료구조·알고리즘,#,ㅇ,인접 리스트(인접 리스트)은/는 데이터를 저장·탐색·갱신하거나 문제를 효율적으로 해결하기 위한 구조 또는 절차이다.,"인접 리스트(인접 리스트)은/는 데이터를 저장·탐색·갱신하거나 문제를 효율적으로 해결하기 위한 구조 또는 절차이다. 구현 아이디어, 평균/최악 시간복잡도, 안정성·제자리성 같은 성질을 함께 정리하면 코딩형과 서술형 모두에 대응된다. 연계 개념은 [[간선]], [[인접 행렬]], [[DFS]], [[BFS]], [[시간 복잡도]]이며, 학습 시 ""정의 → 동작 원리 → 장단점 → 적용 사례"" 순서로 정리하면 좋다.","[[간선]], [[인접 행렬]], [[DFS]], [[BFS]], [[시간 복잡도]]",09-02-02-DFS-BFS-최단경로.md,"자료구조·알고리즘 문제에서는 인접 리스트의 정의만 쓰지 말고 관련 개념(간선, 인접 행렬, DFS)과 비교·차이를 함께 쓰면 가점을 받기 쉽다."
CS-510,인접 행렬,인접 행렬,자료구조·알고리즘,#,ㅇ,인접 행렬(인접 행렬)은/는 데이터를 저장·탐색·갱신하거나 문제를 효율적으로 해결하기 위한 구조 또는 절차이다.,"인접 행렬(인접 행렬)은/는 데이터를 저장·탐색·갱신하거나 문제를 효율적으로 해결하기 위한 구조 또는 절차이다. 구현 아이디어, 평균/최악 시간복잡도, 안정성·제자리성 같은 성질을 함께 정리하면 코딩형과 서술형 모두에 대응된다. 연계 개념은 [[정점]], [[간선]], [[인접 리스트]], [[DFS]], [[시간 복잡도]]이며, 학습 시 ""정의 → 동작 원리 → 장단점 → 적용 사례"" 순서로 정리하면 좋다.","[[정점]], [[간선]], [[인접 리스트]], [[DFS]], [[시간 복잡도]]",09-02-02-DFS-BFS-최단경로.md,"자료구조·알고리즘 문제에서는 인접 행렬의 정의만 쓰지 말고 관련 개념(정점, 간선, 인접 리스트)과 비교·차이를 함께 쓰면 가점을 받기 쉽다."
CS-511,인증서,인증서,네트워크,#,ㅇ,"인증서(인증서)은/는 네트워크 통신에서 주소 지정, 경로 선택, 신뢰성, 이름 해석 또는 보안 채널을 구성하는 핵심 요소이다.","인증서(인증서)은/는 네트워크 통신에서 주소 지정, 경로 선택, 신뢰성, 이름 해석 또는 보안 채널을 구성하는 핵심 요소이다. 프로토콜의 위치 계층, 헤더에 담기는 식별자, 연결 수립/해제 흐름, 장애 시 진단 명령을 연결해 이해해야 한다. 연계 개념은 [[대칭키 암호]], [[공개키 암호]], [[CA]], [[쿠키]], [[TCP]]이며, 학습 시 ""정의 → 동작 원리 → 장단점 → 적용 사례"" 순서로 정리하면 좋다.","[[대칭키 암호]], [[공개키 암호]], [[CA]], [[쿠키]], [[TCP]]",05-01-우리은행-기출.md; 08-03-HTTP-DNS-TLS.md; 04-04-네트워크-프로토콜-보안.md,"네트워크 문제에서는 인증서의 정의만 쓰지 말고 관련 개념(대칭키 암호, 공개키 암호, CA)과 비교·차이를 함께 쓰면 가점을 받기 쉽다."
CS-512,인출,인출,컴퓨터구조,#,ㅇ,"인출(인출)은/는 컴퓨터구조 영역의 핵심 개념으로, 명령어 실행, 캐시, 병렬성, 입출력 병목을 하드웨어 관점에서 설명한다.","인출(인출)은/는 컴퓨터구조 영역의 핵심 개념으로, 명령어 실행, 캐시, 병렬성, 입출력 병목을 하드웨어 관점에서 설명한다. 성능 계산에서는 CPI, 히트율, 병렬화 가능 비율처럼 수치화 가능한 요소와 병목 지점을 함께 본다. 연계 개념은 [[명령어 레지스터]], [[명령어 사이클]], [[해독]], [[실행]], [[CPU]]이며, 학습 시 ""정의 → 동작 원리 → 장단점 → 적용 사례"" 순서로 정리하면 좋다.","[[명령어 레지스터]], [[명령어 사이클]], [[해독]], [[실행]], [[CPU]]",14-1-CPU-설계.md,"컴퓨터구조 문제에서는 인출의 정의만 쓰지 말고 관련 개념(명령어 레지스터, 명령어 사이클, 해독)과 비교·차이를 함께 쓰면 가점을 받기 쉽다."
CS-513,인터럽트,인터럽트,운영체제,#,ㅇ,"인터럽트(인터럽트)은/는 운영체제 영역의 핵심 개념으로, CPU, 메모리, 파일, 입출력 자원을 공정하고 효율적으로 배분하는 기반 지식이다.","인터럽트(인터럽트)은/는 운영체제 영역의 핵심 개념으로, CPU, 메모리, 파일, 입출력 자원을 공정하고 효율적으로 배분하는 기반 지식이다. 답안에서는 상태 전이, 자료구조(큐·테이블), 오버헤드와 처리량/응답시간의 트레이드오프를 함께 적으면 완성도가 높다. 연계 개념은 [[RAID 5]], [[DMA]], [[캐시 일관성]], [[프로세스]], [[스레드]]이며, 학습 시 ""정의 → 동작 원리 → 장단점 → 적용 사례"" 순서로 정리하면 좋다.","[[RAID 5]], [[DMA]], [[캐시 일관성]], [[프로세스]], [[스레드]]",14-컴퓨터구조-심화.md; 05-08-산업은행-기출.md; 06-02-02-선점형과-비선점형.md,"운영체제 문제에서는 인터럽트의 정의만 쓰지 말고 관련 개념(RAID 5, DMA, 캐시 일관성)과 비교·차이를 함께 쓰면 가점을 받기 쉽다."
CS-514,인터페이스,인터페이스,프로그래밍 언어,#,ㅇ,"인터페이스(인터페이스)은/는 프로그래밍 언어 영역의 핵심 개념으로, 코드 실행 방식, 메모리 모델, 객체지향·함수형 추상화를 이해하는 데 필요하다.","인터페이스(인터페이스)은/는 프로그래밍 언어 영역의 핵심 개념으로, 코드 실행 방식, 메모리 모델, 객체지향·함수형 추상화를 이해하는 데 필요하다. 컴파일/실행 시점, 메모리 할당 위치, 타입 검사 방식, 다형성의 바인딩 시점을 비교해 설명하는 문제가 자주 나온다. 연계 개념은 [[오버로딩]], [[오버라이딩]], [[추상 클래스]], [[생성자]], [[컴파일러]]이며, 학습 시 ""정의 → 동작 원리 → 장단점 → 적용 사례"" 순서로 정리하면 좋다.","[[오버로딩]], [[오버라이딩]], [[추상 클래스]], [[생성자]], [[컴파일러]]",10-03-01-XSS-SQL-Injection.md; 19-3-금융결제원-자소서.md; 19-4-예탁결제원-자소서.md,"프로그래밍 언어 문제에서는 인터페이스의 정의만 쓰지 말고 관련 개념(오버로딩, 오버라이딩, 추상 클래스)과 비교·차이를 함께 쓰면 가점을 받기 쉽다."
CS-515,인터페이스 분리 원칙,인터페이스 분리 원칙,소프트웨어공학,#,ㅇ,"인터페이스 분리 원칙(인터페이스 분리 원칙)은/는 소프트웨어공학 영역의 핵심 개념으로, 요구사항을 안정적인 소프트웨어로 전환하고 변경 비용을 낮추는 방법론이다.","인터페이스 분리 원칙(인터페이스 분리 원칙)은/는 소프트웨어공학 영역의 핵심 개념으로, 요구사항을 안정적인 소프트웨어로 전환하고 변경 비용을 낮추는 방법론이다. 산출물, 장단점, 적용 상황, 품질 속성에 미치는 영향을 함께 설명하면 면접·논술 답안으로 확장하기 쉽다. 연계 개념은 [[개방-폐쇄 원칙]], [[리스코프 치환 원칙]], [[의존성 역전 원칙]], [[디자인 패턴]], [[테스트]]이며, 학습 시 ""정의 → 동작 원리 → 장단점 → 적용 사례"" 순서로 정리하면 좋다.","[[개방-폐쇄 원칙]], [[리스코프 치환 원칙]], [[의존성 역전 원칙]], [[디자인 패턴]], [[테스트]]",보강 개념(페이지 직접 언급 없음),"소프트웨어공학 문제에서는 인터페이스 분리 원칙의 정의만 쓰지 말고 관련 개념(개방-폐쇄 원칙, 리스코프 치환 원칙, 의존성 역전 원칙)과 비교·차이를 함께 쓰면 가점을 받기 쉽다."
CS-516,일관성,일관성,데이터베이스,#,ㅇ,일관성(일관성)은/는 여러 사용자가 동시에 데이터를 변경해도 결과가 정확하고 장애 후 복구 가능하도록 보장하는 거래 처리 개념이다.,"일관성(일관성)은/는 여러 사용자가 동시에 데이터를 변경해도 결과가 정확하고 장애 후 복구 가능하도록 보장하는 거래 처리 개념이다. 시험에서는 정의만이 아니라 이상현상, 정규화, 인덱스 성능, 트랜잭션 격리 수준과 함께 묶어 서술하는 것이 좋다. 연계 개념은 [[ACID]], [[원자성]], [[고립성]], [[지속성]], [[SQL]]이며, 학습 시 ""정의 → 동작 원리 → 장단점 → 적용 사례"" 순서로 정리하면 좋다.","[[ACID]], [[원자성]], [[고립성]], [[지속성]], [[SQL]]",14-컴퓨터구조-심화.md; 04-02-프로그래밍-SQL-분산-클라우드.md; 17-2-컨테이너.md,"데이터베이스 문제에서는 일관성의 정의만 쓰지 말고 관련 개념(ACID, 원자성, 고립성)과 비교·차이를 함께 쓰면 가점을 받기 쉽다."
CS-517,임계구역,임계구역,운영체제,#,ㅇ,임계구역(임계구역)은/는 공유 자원에 여러 실행 흐름이 동시에 접근할 때 경쟁 조건을 막는 동기화 개념이다.,"임계구역(임계구역)은/는 공유 자원에 여러 실행 흐름이 동시에 접근할 때 경쟁 조건을 막는 동기화 개념이다. 답안에서는 상태 전이, 자료구조(큐·테이블), 오버헤드와 처리량/응답시간의 트레이드오프를 함께 적으면 완성도가 높다. 연계 개념은 [[기아]], [[에이징]], [[상호배제]], [[세마포어]], [[프로세스]]이며, 학습 시 ""정의 → 동작 원리 → 장단점 → 적용 사례"" 순서로 정리하면 좋다.","[[기아]], [[에이징]], [[상호배제]], [[세마포어]], [[프로세스]]",05-14-10-한국은행-2024-컴퓨터공학-학술-파트-I.md; 06-03-동기화와-교착상태.md,"운영체제 문제에서는 임계구역의 정의만 쓰지 말고 관련 개념(기아, 에이징, 상호배제)과 비교·차이를 함께 쓰면 가점을 받기 쉽다."
CS-518,입출력,입출력,컴퓨터구조,#,ㅇ,"입출력(입출력)은/는 컴퓨터구조 영역의 핵심 개념으로, 명령어 실행, 캐시, 병렬성, 입출력 병목을 하드웨어 관점에서 설명한다.","입출력(입출력)은/는 컴퓨터구조 영역의 핵심 개념으로, 명령어 실행, 캐시, 병렬성, 입출력 병목을 하드웨어 관점에서 설명한다. 성능 계산에서는 CPI, 히트율, 병렬화 가능 비율처럼 수치화 가능한 요소와 병목 지점을 함께 본다. 연계 개념은 [[플래시 메모리]], [[버스]], [[폴링]], [[인터럽트]], [[CPU]]이며, 학습 시 ""정의 → 동작 원리 → 장단점 → 적용 사례"" 순서로 정리하면 좋다.","[[플래시 메모리]], [[버스]], [[폴링]], [[인터럽트]], [[CPU]]",05-09-운영체제-기출-모음.md; 14-컴퓨터구조-심화.md; 06-02-02-선점형과-비선점형.md,"컴퓨터구조 문제에서는 입출력의 정의만 쓰지 말고 관련 개념(플래시 메모리, 버스, 폴링)과 비교·차이를 함께 쓰면 가점을 받기 쉽다."
CS-519,자료형,자료형,프로그래밍 언어,#,ㅈ,"자료형(자료형)은/는 프로그래밍 언어 영역의 핵심 개념으로, 코드 실행 방식, 메모리 모델, 객체지향·함수형 추상화를 이해하는 데 필요하다.","자료형(자료형)은/는 프로그래밍 언어 영역의 핵심 개념으로, 코드 실행 방식, 메모리 모델, 객체지향·함수형 추상화를 이해하는 데 필요하다. 컴파일/실행 시점, 메모리 할당 위치, 타입 검사 방식, 다형성의 바인딩 시점을 비교해 설명하는 문제가 자주 나온다. 연계 개념은 [[정적 바인딩]], [[동적 바인딩]], [[정적 타입]], [[동적 타입]], [[컴파일러]]이며, 학습 시 ""정의 → 동작 원리 → 장단점 → 적용 사례"" 순서로 정리하면 좋다.","[[정적 바인딩]], [[동적 바인딩]], [[정적 타입]], [[동적 타입]], [[컴파일러]]",보강 개념(페이지 직접 언급 없음),"프로그래밍 언어 문제에서는 자료형의 정의만 쓰지 말고 관련 개념(정적 바인딩, 동적 바인딩, 정적 타입)과 비교·차이를 함께 쓰면 가점을 받기 쉽다."
CS-520,자연 조인,자연 조인,데이터베이스,#,ㅈ,"자연 조인(자연 조인)은/는 데이터베이스 영역의 핵심 개념으로, 데이터 저장·검색·무결성·동시성의 관점에서 금융권 거래 원장과 고객 데이터 품질을 좌우한다.","자연 조인(자연 조인)은/는 데이터베이스 영역의 핵심 개념으로, 데이터 저장·검색·무결성·동시성의 관점에서 금융권 거래 원장과 고객 데이터 품질을 좌우한다. 시험에서는 정의만이 아니라 이상현상, 정규화, 인덱스 성능, 트랜잭션 격리 수준과 함께 묶어 서술하는 것이 좋다. 연계 개념은 [[조인]], [[세타 조인]], [[외부 조인]], [[정규화]], [[SQL]]이며, 학습 시 ""정의 → 동작 원리 → 장단점 → 적용 사례"" 순서로 정리하면 좋다.","[[조인]], [[세타 조인]], [[외부 조인]], [[정규화]], [[SQL]]",보강 개념(페이지 직접 언급 없음),"데이터베이스 문제에서는 자연 조인의 정의만 쓰지 말고 관련 개념(조인, 세타 조인, 외부 조인)과 비교·차이를 함께 쓰면 가점을 받기 쉽다."
CS-521,자연어 처리,자연어 처리,인공지능·데이터,#,ㅈ,"자연어 처리(자연어 처리)은/는 데이터 기반 예측·분류·분석 과정에서 모델, 학습 방법, 평가 또는 전처리를 설명하는 개념이다.","자연어 처리(자연어 처리)은/는 데이터 기반 예측·분류·분석 과정에서 모델, 학습 방법, 평가 또는 전처리를 설명하는 개념이다. 데이터 누수, 편향, 평가 지표 선택, 운영 중 성능 저하를 함께 고려해야 실제 금융 AI 적용에 적합하다. 연계 개념은 [[어텐션]], [[임베딩]], [[토큰화]], [[정규화]], [[머신러닝]]이며, 학습 시 ""정의 → 동작 원리 → 장단점 → 적용 사례"" 순서로 정리하면 좋다.","[[어텐션]], [[임베딩]], [[토큰화]], [[정규화]], [[머신러닝]]",04-01-빅데이터-블록체인-머신러닝.md,"인공지능·데이터 문제에서는 자연어 처리의 정의만 쓰지 말고 관련 개념(어텐션, 임베딩, 토큰화)과 비교·차이를 함께 쓰면 가점을 받기 쉽다."
CS-522,장기 스케줄러,장기 스케줄러,운영체제,#,ㅈ,장기 스케줄러(장기 스케줄러)은/는 준비 상태의 작업에 CPU를 어떤 순서와 기준으로 배정할지 결정하는 운영체제 정책이다.,"장기 스케줄러(장기 스케줄러)은/는 준비 상태의 작업에 CPU를 어떤 순서와 기준으로 배정할지 결정하는 운영체제 정책이다. 답안에서는 상태 전이, 자료구조(큐·테이블), 오버헤드와 처리량/응답시간의 트레이드오프를 함께 적으면 완성도가 높다. 연계 개념은 [[준비 큐]], [[스케줄링]], [[단기 스케줄러]], [[중기 스케줄러]], [[프로세스]]이며, 학습 시 ""정의 → 동작 원리 → 장단점 → 적용 사례"" 순서로 정리하면 좋다.","[[준비 큐]], [[스케줄링]], [[단기 스케줄러]], [[중기 스케줄러]], [[프로세스]]",보강 개념(페이지 직접 언급 없음),"운영체제 문제에서는 장기 스케줄러의 정의만 쓰지 말고 관련 개념(준비 큐, 스케줄링, 단기 스케줄러)과 비교·차이를 함께 쓰면 가점을 받기 쉽다."
CS-523,재귀,재귀,자료구조·알고리즘,#,ㅈ,재귀(재귀)은/는 데이터를 저장·탐색·갱신하거나 문제를 효율적으로 해결하기 위한 구조 또는 절차이다.,"재귀(재귀)은/는 데이터를 저장·탐색·갱신하거나 문제를 효율적으로 해결하기 위한 구조 또는 절차이다. 구현 아이디어, 평균/최악 시간복잡도, 안정성·제자리성 같은 성질을 함께 정리하면 코딩형과 서술형 모두에 대응된다. 연계 개념은 [[탐욕 알고리즘]], [[백트래킹]], [[메모이제이션]], [[탭ULATION]], [[시간 복잡도]]이며, 학습 시 ""정의 → 동작 원리 → 장단점 → 적용 사례"" 순서로 정리하면 좋다.","[[탐욕 알고리즘]], [[백트래킹]], [[메모이제이션]], [[탭ULATION]], [[시간 복잡도]]",05-08-산업은행-기출.md; 05-14-02-한국은행-2019-컴퓨터공학-학술-파트-II.md; 05-13-알고리즘-기출-모음.md,"자료구조·알고리즘 문제에서는 재귀의 정의만 쓰지 말고 관련 개념(탐욕 알고리즘, 백트래킹, 메모이제이션)과 비교·차이를 함께 쓰면 가점을 받기 쉽다."
CS-524,재귀 질의,재귀 질의,네트워크,#,ㅈ,"재귀 질의(재귀 질의)은/는 네트워크 통신에서 주소 지정, 경로 선택, 신뢰성, 이름 해석 또는 보안 채널을 구성하는 핵심 요소이다.","재귀 질의(재귀 질의)은/는 네트워크 통신에서 주소 지정, 경로 선택, 신뢰성, 이름 해석 또는 보안 채널을 구성하는 핵심 요소이다. 프로토콜의 위치 계층, 헤더에 담기는 식별자, 연결 수립/해제 흐름, 장애 시 진단 명령을 연결해 이해해야 한다. 연계 개념은 [[HTTPS]], [[DNS]], [[반복 질의]], [[TLS]], [[TCP]]이며, 학습 시 ""정의 → 동작 원리 → 장단점 → 적용 사례"" 순서로 정리하면 좋다.","[[HTTPS]], [[DNS]], [[반복 질의]], [[TLS]], [[TCP]]",보강 개념(페이지 직접 언급 없음),"네트워크 문제에서는 재귀 질의의 정의만 쓰지 말고 관련 개념(HTTPS, DNS, 반복 질의)과 비교·차이를 함께 쓰면 가점을 받기 쉽다."
CS-525,재귀 함수,재귀 함수,프로그래밍 언어,#,ㅈ,"재귀 함수(재귀 함수)은/는 프로그래밍 언어 영역의 핵심 개념으로, 코드 실행 방식, 메모리 모델, 객체지향·함수형 추상화를 이해하는 데 필요하다.","재귀 함수(재귀 함수)은/는 프로그래밍 언어 영역의 핵심 개념으로, 코드 실행 방식, 메모리 모델, 객체지향·함수형 추상화를 이해하는 데 필요하다. 컴파일/실행 시점, 메모리 할당 위치, 타입 검사 방식, 다형성의 바인딩 시점을 비교해 설명하는 문제가 자주 나온다. 연계 개념은 [[static 변수]], [[전역 변수]], [[정규 표현식]], [[컴파일러]], [[객체]]이며, 학습 시 ""정의 → 동작 원리 → 장단점 → 적용 사례"" 순서로 정리하면 좋다.","[[static 변수]], [[전역 변수]], [[정규 표현식]], [[컴파일러]], [[객체]]",보강 개념(페이지 직접 언급 없음),"프로그래밍 언어 문제에서는 재귀 함수의 정의만 쓰지 말고 관련 개념(static 변수, 전역 변수, 정규 표현식)과 비교·차이를 함께 쓰면 가점을 받기 쉽다."
CS-526,저널링 파일 시스템,저널링 파일 시스템,운영체제,#,ㅈ,"저널링 파일 시스템(저널링 파일 시스템)은/는 운영체제 영역의 핵심 개념으로, CPU, 메모리, 파일, 입출력 자원을 공정하고 효율적으로 배분하는 기반 지식이다.","저널링 파일 시스템(저널링 파일 시스템)은/는 운영체제 영역의 핵심 개념으로, CPU, 메모리, 파일, 입출력 자원을 공정하고 효율적으로 배분하는 기반 지식이다. 답안에서는 상태 전이, 자료구조(큐·테이블), 오버헤드와 처리량/응답시간의 트레이드오프를 함께 적으면 완성도가 높다. 연계 개념은 [[디렉터리]], [[아이노드]], [[RAID]], [[RAID 0]], [[프로세스]]이며, 학습 시 ""정의 → 동작 원리 → 장단점 → 적용 사례"" 순서로 정리하면 좋다.","[[디렉터리]], [[아이노드]], [[RAID]], [[RAID 0]], [[프로세스]]",보강 개념(페이지 직접 언급 없음),"운영체제 문제에서는 저널링 파일 시스템의 정의만 쓰지 말고 관련 개념(디렉터리, 아이노드, RAID)과 비교·차이를 함께 쓰면 가점을 받기 쉽다."
CS-527,저장 프로시저,저장 프로시저,데이터베이스,#,ㅈ,"저장 프로시저(저장 프로시저)은/는 데이터베이스 영역의 핵심 개념으로, 데이터 저장·검색·무결성·동시성의 관점에서 금융권 거래 원장과 고객 데이터 품질을 좌우한다.","저장 프로시저(저장 프로시저)은/는 데이터베이스 영역의 핵심 개념으로, 데이터 저장·검색·무결성·동시성의 관점에서 금융권 거래 원장과 고객 데이터 품질을 좌우한다. 시험에서는 정의만이 아니라 이상현상, 정규화, 인덱스 성능, 트랜잭션 격리 수준과 함께 묶어 서술하는 것이 좋다. 연계 개념은 [[서브쿼리]], [[뷰]], [[트리거]], [[SQL]], [[트랜잭션]]이며, 학습 시 ""정의 → 동작 원리 → 장단점 → 적용 사례"" 순서로 정리하면 좋다.","[[서브쿼리]], [[뷰]], [[트리거]], [[SQL]], [[트랜잭션]]",10-03-01-XSS-SQL-Injection.md,"데이터베이스 문제에서는 저장 프로시저의 정의만 쓰지 말고 관련 개념(서브쿼리, 뷰, 트리거)과 비교·차이를 함께 쓰면 가점을 받기 쉽다."
CS-528,전송 계층,전송 계층,네트워크,#,ㅈ,"전송 계층(전송 계층)은/는 네트워크 통신에서 주소 지정, 경로 선택, 신뢰성, 이름 해석 또는 보안 채널을 구성하는 핵심 요소이다.","전송 계층(전송 계층)은/는 네트워크 통신에서 주소 지정, 경로 선택, 신뢰성, 이름 해석 또는 보안 채널을 구성하는 핵심 요소이다. 프로토콜의 위치 계층, 헤더에 담기는 식별자, 연결 수립/해제 흐름, 장애 시 진단 명령을 연결해 이해해야 한다. 연계 개념은 [[데이터링크 계층]], [[네트워크 계층]], [[세션 계층]], [[표현 계층]], [[TCP]]이며, 학습 시 ""정의 → 동작 원리 → 장단점 → 적용 사례"" 순서로 정리하면 좋다.","[[데이터링크 계층]], [[네트워크 계층]], [[세션 계층]], [[표현 계층]], [[TCP]]",08-03-HTTP-DNS-TLS.md; 02-01-기본-전제와-일정.md; 05-03-대구은행-기출.md,"네트워크 문제에서는 전송 계층의 정의만 쓰지 말고 관련 개념(데이터링크 계층, 네트워크 계층, 세션 계층)과 비교·차이를 함께 쓰면 가점을 받기 쉽다."
CS-529,전역 변수,전역 변수,프로그래밍 언어,#,ㅈ,"전역 변수(전역 변수)은/는 프로그래밍 언어 영역의 핵심 개념으로, 코드 실행 방식, 메모리 모델, 객체지향·함수형 추상화를 이해하는 데 필요하다.","전역 변수(전역 변수)은/는 프로그래밍 언어 영역의 핵심 개념으로, 코드 실행 방식, 메모리 모델, 객체지향·함수형 추상화를 이해하는 데 필요하다. 컴파일/실행 시점, 메모리 할당 위치, 타입 검사 방식, 다형성의 바인딩 시점을 비교해 설명하는 문제가 자주 나온다. 연계 개념은 [[C 언어]], [[static 변수]], [[재귀 함수]], [[정규 표현식]], [[컴파일러]]이며, 학습 시 ""정의 → 동작 원리 → 장단점 → 적용 사례"" 순서로 정리하면 좋다.","[[C 언어]], [[static 변수]], [[재귀 함수]], [[정규 표현식]], [[컴파일러]]",09-04-동적계획법과-재귀.md; 13-04-빈출-코드-출력-문제.md,"프로그래밍 언어 문제에서는 전역 변수의 정의만 쓰지 말고 관련 개념(C 언어, static 변수, 재귀 함수)과 비교·차이를 함께 쓰면 가점을 받기 쉽다."
CS-530,점유대기 조건,점유대기 조건,운영체제,#,ㅈ,"점유대기 조건(점유대기 조건)은/는 운영체제 영역의 핵심 개념으로, CPU, 메모리, 파일, 입출력 자원을 공정하고 효율적으로 배분하는 기반 지식이다.","점유대기 조건(점유대기 조건)은/는 운영체제 영역의 핵심 개념으로, CPU, 메모리, 파일, 입출력 자원을 공정하고 효율적으로 배분하는 기반 지식이다. 답안에서는 상태 전이, 자료구조(큐·테이블), 오버헤드와 처리량/응답시간의 트레이드오프를 함께 적으면 완성도가 높다. 연계 개념은 [[교착상태]], [[상호배제 조건]], [[비선점 조건]], [[환형대기 조건]], [[프로세스]]이며, 학습 시 ""정의 → 동작 원리 → 장단점 → 적용 사례"" 순서로 정리하면 좋다.","[[교착상태]], [[상호배제 조건]], [[비선점 조건]], [[환형대기 조건]], [[프로세스]]",보강 개념(페이지 직접 언급 없음),"운영체제 문제에서는 점유대기 조건의 정의만 쓰지 말고 관련 개념(교착상태, 상호배제 조건, 비선점 조건)과 비교·차이를 함께 쓰면 가점을 받기 쉽다."
CS-531,정규 표현식,정규 표현식,프로그래밍 언어,#,ㅈ,정규 표현식(정규 표현식)은/는 데이터 중복과 갱신 이상을 줄이기 위해 릴레이션 구조와 속성 의존 관계를 분석하는 개념이다.,"정규 표현식(정규 표현식)은/는 데이터 중복과 갱신 이상을 줄이기 위해 릴레이션 구조와 속성 의존 관계를 분석하는 개념이다. 컴파일/실행 시점, 메모리 할당 위치, 타입 검사 방식, 다형성의 바인딩 시점을 비교해 설명하는 문제가 자주 나온다. 연계 개념은 [[전역 변수]], [[재귀 함수]], [[컴파일러]], [[객체]], [[메모리 관리]]이며, 학습 시 ""정의 → 동작 원리 → 장단점 → 적용 사례"" 순서로 정리하면 좋다.","[[전역 변수]], [[재귀 함수]], [[컴파일러]], [[객체]], [[메모리 관리]]",05-14-한국은행-기출.md; 05-14-34-한국은행-2026-컴퓨터공학-학술-9-정규-표현식-및-텍스트-마이닝.md,"프로그래밍 언어 문제에서는 정규 표현식의 정의만 쓰지 말고 관련 개념(전역 변수, 재귀 함수, 컴파일러)과 비교·차이를 함께 쓰면 가점을 받기 쉽다."
CS-532,정규화 기법,정규화 기법,인공지능·데이터,#,ㅈ,정규화 기법(정규화 기법)은/는 데이터 중복과 갱신 이상을 줄이기 위해 릴레이션 구조와 속성 의존 관계를 분석하는 개념이다.,"정규화 기법(정규화 기법)은/는 데이터 중복과 갱신 이상을 줄이기 위해 릴레이션 구조와 속성 의존 관계를 분석하는 개념이다. 데이터 누수, 편향, 평가 지표 선택, 운영 중 성능 저하를 함께 고려해야 실제 금융 AI 적용에 적합하다. 연계 개념은 [[과적합]], [[과소적합]], [[교차 검증]], [[훈련 데이터]], [[머신러닝]]이며, 학습 시 ""정의 → 동작 원리 → 장단점 → 적용 사례"" 순서로 정리하면 좋다.","[[과적합]], [[과소적합]], [[교차 검증]], [[훈련 데이터]], [[머신러닝]]",보강 개념(페이지 직접 언급 없음),"인공지능·데이터 문제에서는 정규화 기법의 정의만 쓰지 말고 관련 개념(과적합, 과소적합, 교차 검증)과 비교·차이를 함께 쓰면 가점을 받기 쉽다."
CS-533,정보 은닉,정보 은닉,소프트웨어공학,#,ㅈ,"정보 은닉(정보 은닉)은/는 소프트웨어공학 영역의 핵심 개념으로, 요구사항을 안정적인 소프트웨어로 전환하고 변경 비용을 낮추는 방법론이다.","정보 은닉(정보 은닉)은/는 소프트웨어공학 영역의 핵심 개념으로, 요구사항을 안정적인 소프트웨어로 전환하고 변경 비용을 낮추는 방법론이다. 산출물, 장단점, 적용 상황, 품질 속성에 미치는 영향을 함께 설명하면 면접·논술 답안으로 확장하기 쉽다. 연계 개념은 [[결합도]], [[응집도]], [[SOLID]], [[단일 책임 원칙]], [[테스트]]이며, 학습 시 ""정의 → 동작 원리 → 장단점 → 적용 사례"" 순서로 정리하면 좋다.","[[결합도]], [[응집도]], [[SOLID]], [[단일 책임 원칙]], [[테스트]]",보강 개념(페이지 직접 언급 없음),"소프트웨어공학 문제에서는 정보 은닉의 정의만 쓰지 말고 관련 개념(결합도, 응집도, SOLID)과 비교·차이를 함께 쓰면 가점을 받기 쉽다."
CS-534,정적 라우팅,정적 라우팅,네트워크,#,ㅈ,"정적 라우팅(정적 라우팅)은/는 네트워크 통신에서 주소 지정, 경로 선택, 신뢰성, 이름 해석 또는 보안 채널을 구성하는 핵심 요소이다.","정적 라우팅(정적 라우팅)은/는 네트워크 통신에서 주소 지정, 경로 선택, 신뢰성, 이름 해석 또는 보안 채널을 구성하는 핵심 요소이다. 프로토콜의 위치 계층, 헤더에 담기는 식별자, 연결 수립/해제 흐름, 장애 시 진단 명령을 연결해 이해해야 한다. 연계 개념은 [[CIDR]], [[라우팅]], [[동적 라우팅]], [[RIP]], [[TCP]]이며, 학습 시 ""정의 → 동작 원리 → 장단점 → 적용 사례"" 순서로 정리하면 좋다.","[[CIDR]], [[라우팅]], [[동적 라우팅]], [[RIP]], [[TCP]]",05-14-06-한국은행-2022-컴퓨터공학-학술-파트-I.md,"네트워크 문제에서는 정적 라우팅의 정의만 쓰지 말고 관련 개념(CIDR, 라우팅, 동적 라우팅)과 비교·차이를 함께 쓰면 가점을 받기 쉽다."
CS-535,정적 바인딩,정적 바인딩,프로그래밍 언어,#,ㅈ,"정적 바인딩(정적 바인딩)은/는 프로그래밍 언어 영역의 핵심 개념으로, 코드 실행 방식, 메모리 모델, 객체지향·함수형 추상화를 이해하는 데 필요하다.","정적 바인딩(정적 바인딩)은/는 프로그래밍 언어 영역의 핵심 개념으로, 코드 실행 방식, 메모리 모델, 객체지향·함수형 추상화를 이해하는 데 필요하다. 컴파일/실행 시점, 메모리 할당 위치, 타입 검사 방식, 다형성의 바인딩 시점을 비교해 설명하는 문제가 자주 나온다. 연계 개념은 [[링커]], [[로더]], [[동적 바인딩]], [[자료형]], [[컴파일러]]이며, 학습 시 ""정의 → 동작 원리 → 장단점 → 적용 사례"" 순서로 정리하면 좋다.","[[링커]], [[로더]], [[동적 바인딩]], [[자료형]], [[컴파일러]]",보강 개념(페이지 직접 언급 없음),"프로그래밍 언어 문제에서는 정적 바인딩의 정의만 쓰지 말고 관련 개념(링커, 로더, 동적 바인딩)과 비교·차이를 함께 쓰면 가점을 받기 쉽다."
CS-536,정적 타입,정적 타입,프로그래밍 언어,#,ㅈ,"정적 타입(정적 타입)은/는 프로그래밍 언어 영역의 핵심 개념으로, 코드 실행 방식, 메모리 모델, 객체지향·함수형 추상화를 이해하는 데 필요하다.","정적 타입(정적 타입)은/는 프로그래밍 언어 영역의 핵심 개념으로, 코드 실행 방식, 메모리 모델, 객체지향·함수형 추상화를 이해하는 데 필요하다. 컴파일/실행 시점, 메모리 할당 위치, 타입 검사 방식, 다형성의 바인딩 시점을 비교해 설명하는 문제가 자주 나온다. 연계 개념은 [[동적 바인딩]], [[자료형]], [[동적 타입]], [[강한 타입]], [[컴파일러]]이며, 학습 시 ""정의 → 동작 원리 → 장단점 → 적용 사례"" 순서로 정리하면 좋다.","[[동적 바인딩]], [[자료형]], [[동적 타입]], [[강한 타입]], [[컴파일러]]",보강 개념(페이지 직접 언급 없음),"프로그래밍 언어 문제에서는 정적 타입의 정의만 쓰지 말고 관련 개념(동적 바인딩, 자료형, 동적 타입)과 비교·차이를 함께 쓰면 가점을 받기 쉽다."
CS-537,정점,정점,자료구조·알고리즘,#,ㅈ,정점(정점)은/는 데이터를 저장·탐색·갱신하거나 문제를 효율적으로 해결하기 위한 구조 또는 절차이다.,"정점(정점)은/는 데이터를 저장·탐색·갱신하거나 문제를 효율적으로 해결하기 위한 구조 또는 절차이다. 구현 아이디어, 평균/최악 시간복잡도, 안정성·제자리성 같은 성질을 함께 정리하면 코딩형과 서술형 모두에 대응된다. 연계 개념은 [[B+트리]], [[그래프]], [[간선]], [[인접 행렬]], [[시간 복잡도]]이며, 학습 시 ""정의 → 동작 원리 → 장단점 → 적용 사례"" 순서로 정리하면 좋다.","[[B+트리]], [[그래프]], [[간선]], [[인접 행렬]], [[시간 복잡도]]",05-14-06-한국은행-2022-컴퓨터공학-학술-파트-I.md; 05-04-금융결제원-기출.md; 05-06-예탁결제원-기출.md,"자료구조·알고리즘 문제에서는 정점의 정의만 쓰지 말고 관련 개념(B+트리, 그래프, 간선)과 비교·차이를 함께 쓰면 가점을 받기 쉽다."
CS-538,제1정규형,제1정규형,데이터베이스,#,ㅈ,제1정규형(제1정규형)은/는 데이터 중복과 갱신 이상을 줄이기 위해 릴레이션 구조와 속성 의존 관계를 분석하는 개념이다.,"제1정규형(제1정규형)은/는 데이터 중복과 갱신 이상을 줄이기 위해 릴레이션 구조와 속성 의존 관계를 분석하는 개념이다. 시험에서는 정의만이 아니라 이상현상, 정규화, 인덱스 성능, 트랜잭션 격리 수준과 함께 묶어 서술하는 것이 좋다. 연계 개념은 [[외부 조인]], [[정규화]], [[제2정규형]], [[제3정규형]], [[SQL]]이며, 학습 시 ""정의 → 동작 원리 → 장단점 → 적용 사례"" 순서로 정리하면 좋다.","[[외부 조인]], [[정규화]], [[제2정규형]], [[제3정규형]], [[SQL]]",07-02-00-정규화.md; 07-02-01-1NF-2NF-3NF.md; 04-05-자료구조-알고리즘-DB-금융IT.md,"데이터베이스 문제에서는 제1정규형의 정의만 쓰지 말고 관련 개념(외부 조인, 정규화, 제2정규형)과 비교·차이를 함께 쓰면 가점을 받기 쉽다."
CS-539,제2정규형,제2정규형,데이터베이스,#,ㅈ,제2정규형(제2정규형)은/는 데이터 중복과 갱신 이상을 줄이기 위해 릴레이션 구조와 속성 의존 관계를 분석하는 개념이다.,"제2정규형(제2정규형)은/는 데이터 중복과 갱신 이상을 줄이기 위해 릴레이션 구조와 속성 의존 관계를 분석하는 개념이다. 시험에서는 정의만이 아니라 이상현상, 정규화, 인덱스 성능, 트랜잭션 격리 수준과 함께 묶어 서술하는 것이 좋다. 연계 개념은 [[정규화]], [[제1정규형]], [[제3정규형]], [[BCNF]], [[SQL]]이며, 학습 시 ""정의 → 동작 원리 → 장단점 → 적용 사례"" 순서로 정리하면 좋다.","[[정규화]], [[제1정규형]], [[제3정규형]], [[BCNF]], [[SQL]]",07-02-00-정규화.md; 07-02-01-1NF-2NF-3NF.md; 04-05-자료구조-알고리즘-DB-금융IT.md,"데이터베이스 문제에서는 제2정규형의 정의만 쓰지 말고 관련 개념(정규화, 제1정규형, 제3정규형)과 비교·차이를 함께 쓰면 가점을 받기 쉽다."
CS-540,제3정규형,제3정규형,데이터베이스,#,ㅈ,제3정규형(제3정규형)은/는 데이터 중복과 갱신 이상을 줄이기 위해 릴레이션 구조와 속성 의존 관계를 분석하는 개념이다.,"제3정규형(제3정규형)은/는 데이터 중복과 갱신 이상을 줄이기 위해 릴레이션 구조와 속성 의존 관계를 분석하는 개념이다. 시험에서는 정의만이 아니라 이상현상, 정규화, 인덱스 성능, 트랜잭션 격리 수준과 함께 묶어 서술하는 것이 좋다. 연계 개념은 [[제1정규형]], [[제2정규형]], [[BCNF]], [[함수 종속]], [[SQL]]이며, 학습 시 ""정의 → 동작 원리 → 장단점 → 적용 사례"" 순서로 정리하면 좋다.","[[제1정규형]], [[제2정규형]], [[BCNF]], [[함수 종속]], [[SQL]]",05-08-산업은행-기출.md; 07-02-00-정규화.md; 07-02-01-1NF-2NF-3NF.md,"데이터베이스 문제에서는 제3정규형의 정의만 쓰지 말고 관련 개념(제1정규형, 제2정규형, BCNF)과 비교·차이를 함께 쓰면 가점을 받기 쉽다."
CS-541,제네릭,제네릭,프로그래밍 언어,#,ㅈ,"제네릭(제네릭)은/는 프로그래밍 언어 영역의 핵심 개념으로, 코드 실행 방식, 메모리 모델, 객체지향·함수형 추상화를 이해하는 데 필요하다.","제네릭(제네릭)은/는 프로그래밍 언어 영역의 핵심 개념으로, 코드 실행 방식, 메모리 모델, 객체지향·함수형 추상화를 이해하는 데 필요하다. 컴파일/실행 시점, 메모리 할당 위치, 타입 검사 방식, 다형성의 바인딩 시점을 비교해 설명하는 문제가 자주 나온다. 연계 개념은 [[소멸자]], [[예외 처리]], [[템플릿]], [[람다식]], [[컴파일러]]이며, 학습 시 ""정의 → 동작 원리 → 장단점 → 적용 사례"" 순서로 정리하면 좋다.","[[소멸자]], [[예외 처리]], [[템플릿]], [[람다식]], [[컴파일러]]",보강 개념(페이지 직접 언급 없음),"프로그래밍 언어 문제에서는 제네릭의 정의만 쓰지 말고 관련 개념(소멸자, 예외 처리, 템플릿)과 비교·차이를 함께 쓰면 가점을 받기 쉽다."
CS-542,제어 해저드,제어 해저드,컴퓨터구조,#,ㅈ,"제어 해저드(제어 해저드)은/는 컴퓨터구조 영역의 핵심 개념으로, 명령어 실행, 캐시, 병렬성, 입출력 병목을 하드웨어 관점에서 설명한다.","제어 해저드(제어 해저드)은/는 컴퓨터구조 영역의 핵심 개념으로, 명령어 실행, 캐시, 병렬성, 입출력 병목을 하드웨어 관점에서 설명한다. 성능 계산에서는 CPI, 히트율, 병렬화 가능 비율처럼 수치화 가능한 요소와 병목 지점을 함께 본다. 연계 개념은 [[파이프라인 해저드]], [[데이터 해저드]], [[구조적 해저드]], [[슈퍼스칼라]], [[CPU]]이며, 학습 시 ""정의 → 동작 원리 → 장단점 → 적용 사례"" 순서로 정리하면 좋다.","[[파이프라인 해저드]], [[데이터 해저드]], [[구조적 해저드]], [[슈퍼스칼라]], [[CPU]]",14-1-CPU-설계.md,"컴퓨터구조 문제에서는 제어 해저드의 정의만 쓰지 말고 관련 개념(파이프라인 해저드, 데이터 해저드, 구조적 해저드)과 비교·차이를 함께 쓰면 가점을 받기 쉽다."
CS-543,제어장치,제어장치,컴퓨터구조,#,ㅈ,"제어장치(제어장치)은/는 컴퓨터구조 영역의 핵심 개념으로, 명령어 실행, 캐시, 병렬성, 입출력 병목을 하드웨어 관점에서 설명한다.","제어장치(제어장치)은/는 컴퓨터구조 영역의 핵심 개념으로, 명령어 실행, 캐시, 병렬성, 입출력 병목을 하드웨어 관점에서 설명한다. 성능 계산에서는 CPI, 히트율, 병렬화 가능 비율처럼 수치화 가능한 요소와 병목 지점을 함께 본다. 연계 개념은 [[CPU]], [[ALU]], [[레지스터]], [[프로그램 카운터]], [[캐시]]이며, 학습 시 ""정의 → 동작 원리 → 장단점 → 적용 사례"" 순서로 정리하면 좋다.","[[CPU]], [[ALU]], [[레지스터]], [[프로그램 카운터]], [[캐시]]",14-1-CPU-설계.md,"컴퓨터구조 문제에서는 제어장치의 정의만 쓰지 말고 관련 개념(CPU, ALU, 레지스터)과 비교·차이를 함께 쓰면 가점을 받기 쉽다."
CS-544,조인,조인,데이터베이스,#,ㅈ,"조인(조인)은/는 데이터베이스 영역의 핵심 개념으로, 데이터 저장·검색·무결성·동시성의 관점에서 금융권 거래 원장과 고객 데이터 품질을 좌우한다.","조인(조인)은/는 데이터베이스 영역의 핵심 개념으로, 데이터 저장·검색·무결성·동시성의 관점에서 금융권 거래 원장과 고객 데이터 품질을 좌우한다. 시험에서는 정의만이 아니라 이상현상, 정규화, 인덱스 성능, 트랜잭션 격리 수준과 함께 묶어 서술하는 것이 좋다. 연계 개념은 [[셀렉션]], [[프로젝션]], [[세타 조인]], [[자연 조인]], [[SQL]]이며, 학습 시 ""정의 → 동작 원리 → 장단점 → 적용 사례"" 순서로 정리하면 좋다.","[[셀렉션]], [[프로젝션]], [[세타 조인]], [[자연 조인]], [[SQL]]",07-02-00-정규화.md; 13-01-00-SQL-기본.md; 07-02-01-1NF-2NF-3NF.md,"데이터베이스 문제에서는 조인의 정의만 쓰지 말고 관련 개념(셀렉션, 프로젝션, 세타 조인)과 비교·차이를 함께 쓰면 가점을 받기 쉽다."
CS-545,종속성 보존,종속성 보존,데이터베이스,#,ㅈ,종속성 보존(종속성 보존)은/는 데이터 중복과 갱신 이상을 줄이기 위해 릴레이션 구조와 속성 의존 관계를 분석하는 개념이다.,"종속성 보존(종속성 보존)은/는 데이터 중복과 갱신 이상을 줄이기 위해 릴레이션 구조와 속성 의존 관계를 분석하는 개념이다. 시험에서는 정의만이 아니라 이상현상, 정규화, 인덱스 성능, 트랜잭션 격리 수준과 함께 묶어 서술하는 것이 좋다. 연계 개념은 [[이상 현상]], [[무손실 분해]], [[트랜잭션]], [[ACID]], [[SQL]]이며, 학습 시 ""정의 → 동작 원리 → 장단점 → 적용 사례"" 순서로 정리하면 좋다.","[[이상 현상]], [[무손실 분해]], [[트랜잭션]], [[ACID]], [[SQL]]",07-02-00-정규화.md; 07-02-01-1NF-2NF-3NF.md,"데이터베이스 문제에서는 종속성 보존의 정의만 쓰지 말고 관련 개념(이상 현상, 무손실 분해, 트랜잭션)과 비교·차이를 함께 쓰면 가점을 받기 쉽다."
CS-546,주소 바인딩,주소 바인딩,운영체제,#,ㅈ,"주소 바인딩(주소 바인딩)은/는 운영체제 영역의 핵심 개념으로, CPU, 메모리, 파일, 입출력 자원을 공정하고 효율적으로 배분하는 기반 지식이다.","주소 바인딩(주소 바인딩)은/는 운영체제 영역의 핵심 개념으로, CPU, 메모리, 파일, 입출력 자원을 공정하고 효율적으로 배분하는 기반 지식이다. 답안에서는 상태 전이, 자료구조(큐·테이블), 오버헤드와 처리량/응답시간의 트레이드오프를 함께 적으면 완성도가 높다. 연계 개념은 [[은행가 알고리즘]], [[메모리 관리]], [[논리 주소]], [[물리 주소]], [[프로세스]]이며, 학습 시 ""정의 → 동작 원리 → 장단점 → 적용 사례"" 순서로 정리하면 좋다.","[[은행가 알고리즘]], [[메모리 관리]], [[논리 주소]], [[물리 주소]], [[프로세스]]",보강 개념(페이지 직접 언급 없음),"운영체제 문제에서는 주소 바인딩의 정의만 쓰지 말고 관련 개념(은행가 알고리즘, 메모리 관리, 논리 주소)과 비교·차이를 함께 쓰면 가점을 받기 쉽다."
CS-547,주소 지정 방식,주소 지정 방식,컴퓨터구조,#,ㅈ,"주소 지정 방식(주소 지정 방식)은/는 컴퓨터구조 영역의 핵심 개념으로, 명령어 실행, 캐시, 병렬성, 입출력 병목을 하드웨어 관점에서 설명한다.","주소 지정 방식(주소 지정 방식)은/는 컴퓨터구조 영역의 핵심 개념으로, 명령어 실행, 캐시, 병렬성, 입출력 병목을 하드웨어 관점에서 설명한다. 성능 계산에서는 CPI, 히트율, 병렬화 가능 비율처럼 수치화 가능한 요소와 병목 지점을 함께 본다. 연계 개념은 [[RISC]], [[ISA]], [[즉시 주소 지정]], [[직접 주소 지정]], [[CPU]]이며, 학습 시 ""정의 → 동작 원리 → 장단점 → 적용 사례"" 순서로 정리하면 좋다.","[[RISC]], [[ISA]], [[즉시 주소 지정]], [[직접 주소 지정]], [[CPU]]",14-3-명령어-세트.md,"컴퓨터구조 문제에서는 주소 지정 방식의 정의만 쓰지 말고 관련 개념(RISC, ISA, 즉시 주소 지정)과 비교·차이를 함께 쓰면 가점을 받기 쉽다."
CS-548,준비 큐,준비 큐,운영체제,#,ㅈ,"준비 큐(준비 큐)은/는 운영체제 영역의 핵심 개념으로, CPU, 메모리, 파일, 입출력 자원을 공정하고 효율적으로 배분하는 기반 지식이다.","준비 큐(준비 큐)은/는 운영체제 영역의 핵심 개념으로, CPU, 메모리, 파일, 입출력 자원을 공정하고 효율적으로 배분하는 기반 지식이다. 답안에서는 상태 전이, 자료구조(큐·테이블), 오버헤드와 처리량/응답시간의 트레이드오프를 함께 적으면 완성도가 높다. 연계 개념은 [[문맥 교환]], [[프로세스 상태]], [[스케줄링]], [[장기 스케줄러]], [[프로세스]]이며, 학습 시 ""정의 → 동작 원리 → 장단점 → 적용 사례"" 순서로 정리하면 좋다.","[[문맥 교환]], [[프로세스 상태]], [[스케줄링]], [[장기 스케줄러]], [[프로세스]]",보강 개념(페이지 직접 언급 없음),"운영체제 문제에서는 준비 큐의 정의만 쓰지 말고 관련 개념(문맥 교환, 프로세스 상태, 스케줄링)과 비교·차이를 함께 쓰면 가점을 받기 쉽다."
CS-549,중기 스케줄러,중기 스케줄러,운영체제,#,ㅈ,중기 스케줄러(중기 스케줄러)은/는 준비 상태의 작업에 CPU를 어떤 순서와 기준으로 배정할지 결정하는 운영체제 정책이다.,"중기 스케줄러(중기 스케줄러)은/는 준비 상태의 작업에 CPU를 어떤 순서와 기준으로 배정할지 결정하는 운영체제 정책이다. 답안에서는 상태 전이, 자료구조(큐·테이블), 오버헤드와 처리량/응답시간의 트레이드오프를 함께 적으면 완성도가 높다. 연계 개념은 [[장기 스케줄러]], [[단기 스케줄러]], [[선점형 스케줄링]], [[비선점형 스케줄링]], [[프로세스]]이며, 학습 시 ""정의 → 동작 원리 → 장단점 → 적용 사례"" 순서로 정리하면 좋다.","[[장기 스케줄러]], [[단기 스케줄러]], [[선점형 스케줄링]], [[비선점형 스케줄링]], [[프로세스]]",보강 개념(페이지 직접 언급 없음),"운영체제 문제에서는 중기 스케줄러의 정의만 쓰지 말고 관련 개념(장기 스케줄러, 단기 스케줄러, 선점형 스케줄링)과 비교·차이를 함께 쓰면 가점을 받기 쉽다."
CS-550,즉시 주소 지정,즉시 주소 지정,컴퓨터구조,#,ㅈ,"즉시 주소 지정(즉시 주소 지정)은/는 컴퓨터구조 영역의 핵심 개념으로, 명령어 실행, 캐시, 병렬성, 입출력 병목을 하드웨어 관점에서 설명한다.","즉시 주소 지정(즉시 주소 지정)은/는 컴퓨터구조 영역의 핵심 개념으로, 명령어 실행, 캐시, 병렬성, 입출력 병목을 하드웨어 관점에서 설명한다. 성능 계산에서는 CPI, 히트율, 병렬화 가능 비율처럼 수치화 가능한 요소와 병목 지점을 함께 본다. 연계 개념은 [[ISA]], [[주소 지정 방식]], [[직접 주소 지정]], [[간접 주소 지정]], [[CPU]]이며, 학습 시 ""정의 → 동작 원리 → 장단점 → 적용 사례"" 순서로 정리하면 좋다.","[[ISA]], [[주소 지정 방식]], [[직접 주소 지정]], [[간접 주소 지정]], [[CPU]]",14-3-명령어-세트.md,"컴퓨터구조 문제에서는 즉시 주소 지정의 정의만 쓰지 말고 관련 개념(ISA, 주소 지정 방식, 직접 주소 지정)과 비교·차이를 함께 쓰면 가점을 받기 쉽다."
CS-551,지속성,지속성,데이터베이스,#,ㅈ,지속성(지속성)은/는 여러 사용자가 동시에 데이터를 변경해도 결과가 정확하고 장애 후 복구 가능하도록 보장하는 거래 처리 개념이다.,"지속성(지속성)은/는 여러 사용자가 동시에 데이터를 변경해도 결과가 정확하고 장애 후 복구 가능하도록 보장하는 거래 처리 개념이다. 시험에서는 정의만이 아니라 이상현상, 정규화, 인덱스 성능, 트랜잭션 격리 수준과 함께 묶어 서술하는 것이 좋다. 연계 개념은 [[일관성]], [[고립성]], [[동시성 제어]], [[락]], [[SQL]]이며, 학습 시 ""정의 → 동작 원리 → 장단점 → 적용 사례"" 순서로 정리하면 좋다.","[[일관성]], [[고립성]], [[동시성 제어]], [[락]], [[SQL]]",05-08-산업은행-기출.md; 02-01-기본-전제와-일정.md; 07-04-트랜잭션과-회복.md,"데이터베이스 문제에서는 지속성의 정의만 쓰지 말고 관련 개념(일관성, 고립성, 동시성 제어)과 비교·차이를 함께 쓰면 가점을 받기 쉽다."
CS-552,지역성,지역성,컴퓨터구조,#,ㅈ,"지역성(지역성)은/는 컴퓨터구조 영역의 핵심 개념으로, 명령어 실행, 캐시, 병렬성, 입출력 병목을 하드웨어 관점에서 설명한다.","지역성(지역성)은/는 컴퓨터구조 영역의 핵심 개념으로, 명령어 실행, 캐시, 병렬성, 입출력 병목을 하드웨어 관점에서 설명한다. 성능 계산에서는 CPI, 히트율, 병렬화 가능 비율처럼 수치화 가능한 요소와 병목 지점을 함께 본다. 연계 개념은 [[캐시 히트]], [[캐시 미스]], [[시간 지역성]], [[공간 지역성]], [[CPU]]이며, 학습 시 ""정의 → 동작 원리 → 장단점 → 적용 사례"" 순서로 정리하면 좋다.","[[캐시 히트]], [[캐시 미스]], [[시간 지역성]], [[공간 지역성]], [[CPU]]",05-09-운영체제-기출-모음.md; 06-04-메모리와-가상메모리.md; 05-07-금융감독원-기출.md,"컴퓨터구조 문제에서는 지역성의 정의만 쓰지 말고 관련 개념(캐시 히트, 캐시 미스, 시간 지역성)과 비교·차이를 함께 쓰면 가점을 받기 쉽다."
CS-553,직접 매핑,직접 매핑,컴퓨터구조,#,ㅈ,"직접 매핑(직접 매핑)은/는 컴퓨터구조 영역의 핵심 개념으로, 명령어 실행, 캐시, 병렬성, 입출력 병목을 하드웨어 관점에서 설명한다.","직접 매핑(직접 매핑)은/는 컴퓨터구조 영역의 핵심 개념으로, 명령어 실행, 캐시, 병렬성, 입출력 병목을 하드웨어 관점에서 설명한다. 성능 계산에서는 CPI, 히트율, 병렬화 가능 비율처럼 수치화 가능한 요소와 병목 지점을 함께 본다. 연계 개념은 [[공간 지역성]], [[캐시 매핑]], [[완전 연관 매핑]], [[세트 연관 매핑]], [[CPU]]이며, 학습 시 ""정의 → 동작 원리 → 장단점 → 적용 사례"" 순서로 정리하면 좋다.","[[공간 지역성]], [[캐시 매핑]], [[완전 연관 매핑]], [[세트 연관 매핑]], [[CPU]]",보강 개념(페이지 직접 언급 없음),"컴퓨터구조 문제에서는 직접 매핑의 정의만 쓰지 말고 관련 개념(공간 지역성, 캐시 매핑, 완전 연관 매핑)과 비교·차이를 함께 쓰면 가점을 받기 쉽다."
CS-554,직접 주소 지정,직접 주소 지정,컴퓨터구조,#,ㅈ,"직접 주소 지정(직접 주소 지정)은/는 컴퓨터구조 영역의 핵심 개념으로, 명령어 실행, 캐시, 병렬성, 입출력 병목을 하드웨어 관점에서 설명한다.","직접 주소 지정(직접 주소 지정)은/는 컴퓨터구조 영역의 핵심 개념으로, 명령어 실행, 캐시, 병렬성, 입출력 병목을 하드웨어 관점에서 설명한다. 성능 계산에서는 CPI, 히트율, 병렬화 가능 비율처럼 수치화 가능한 요소와 병목 지점을 함께 본다. 연계 개념은 [[주소 지정 방식]], [[즉시 주소 지정]], [[간접 주소 지정]], [[상대 주소 지정]], [[CPU]]이며, 학습 시 ""정의 → 동작 원리 → 장단점 → 적용 사례"" 순서로 정리하면 좋다.","[[주소 지정 방식]], [[즉시 주소 지정]], [[간접 주소 지정]], [[상대 주소 지정]], [[CPU]]",14-3-명령어-세트.md,"컴퓨터구조 문제에서는 직접 주소 지정의 정의만 쓰지 말고 관련 개념(주소 지정 방식, 즉시 주소 지정, 간접 주소 지정)과 비교·차이를 함께 쓰면 가점을 받기 쉽다."
CS-555,참조,참조,프로그래밍 언어,#,ㅊ,"참조(참조)은/는 프로그래밍 언어 영역의 핵심 개념으로, 코드 실행 방식, 메모리 모델, 객체지향·함수형 추상화를 이해하는 데 필요하다.","참조(참조)은/는 프로그래밍 언어 영역의 핵심 개념으로, 코드 실행 방식, 메모리 모델, 객체지향·함수형 추상화를 이해하는 데 필요하다. 컴파일/실행 시점, 메모리 할당 위치, 타입 검사 방식, 다형성의 바인딩 시점을 비교해 설명하는 문제가 자주 나온다. 연계 개념은 [[상수]], [[포인터]], [[스코프]], [[수명]], [[컴파일러]]이며, 학습 시 ""정의 → 동작 원리 → 장단점 → 적용 사례"" 순서로 정리하면 좋다.","[[상수]], [[포인터]], [[스코프]], [[수명]], [[컴파일러]]",07-01-02-키와-무결성.md; 05-08-산업은행-기출.md; 03-07-2026-한국은행-G5-채용-FAQ.md,"프로그래밍 언어 문제에서는 참조의 정의만 쓰지 말고 관련 개념(상수, 포인터, 스코프)과 비교·차이를 함께 쓰면 가점을 받기 쉽다."
CS-556,참조 무결성,참조 무결성,데이터베이스,#,ㅊ,"참조 무결성(참조 무결성)은/는 데이터베이스 영역의 핵심 개념으로, 데이터 저장·검색·무결성·동시성의 관점에서 금융권 거래 원장과 고객 데이터 품질을 좌우한다.","참조 무결성(참조 무결성)은/는 데이터베이스 영역의 핵심 개념으로, 데이터 저장·검색·무결성·동시성의 관점에서 금융권 거래 원장과 고객 데이터 품질을 좌우한다. 시험에서는 정의만이 아니라 이상현상, 정규화, 인덱스 성능, 트랜잭션 격리 수준과 함께 묶어 서술하는 것이 좋다. 연계 개념은 [[무결성]], [[개체 무결성]], [[관계 대수]], [[셀렉션]], [[SQL]]이며, 학습 시 ""정의 → 동작 원리 → 장단점 → 적용 사례"" 순서로 정리하면 좋다.","[[무결성]], [[개체 무결성]], [[관계 대수]], [[셀렉션]], [[SQL]]",07-01-02-키와-무결성.md; 05-02-기업은행-기출.md,"데이터베이스 문제에서는 참조 무결성의 정의만 쓰지 말고 관련 개념(무결성, 개체 무결성, 관계 대수)과 비교·차이를 함께 쓰면 가점을 받기 쉽다."
CS-557,체이닝,체이닝,자료구조·알고리즘,#,ㅊ,체이닝(체이닝)은/는 데이터를 저장·탐색·갱신하거나 문제를 효율적으로 해결하기 위한 구조 또는 절차이다.,"체이닝(체이닝)은/는 데이터를 저장·탐색·갱신하거나 문제를 효율적으로 해결하기 위한 구조 또는 절차이다. 구현 아이디어, 평균/최악 시간복잡도, 안정성·제자리성 같은 성질을 함께 정리하면 코딩형과 서술형 모두에 대응된다. 연계 개념은 [[해시 함수]], [[충돌]], [[개방 주소법]], [[트리]], [[시간 복잡도]]이며, 학습 시 ""정의 → 동작 원리 → 장단점 → 적용 사례"" 순서로 정리하면 좋다.","[[해시 함수]], [[충돌]], [[개방 주소법]], [[트리]], [[시간 복잡도]]",05-06-예탁결제원-기출.md; 05-14-20-한국은행-2025-컴퓨터공학-학술-10-자료구조-해시.md,"자료구조·알고리즘 문제에서는 체이닝의 정의만 쓰지 말고 관련 개념(해시 함수, 충돌, 개방 주소법)과 비교·차이를 함께 쓰면 가점을 받기 쉽다."
CS-558,체크포인트,체크포인트,데이터베이스,#,ㅊ,체크포인트(체크포인트)은/는 여러 사용자가 동시에 데이터를 변경해도 결과가 정확하고 장애 후 복구 가능하도록 보장하는 거래 처리 개념이다.,"체크포인트(체크포인트)은/는 여러 사용자가 동시에 데이터를 변경해도 결과가 정확하고 장애 후 복구 가능하도록 보장하는 거래 처리 개념이다. 시험에서는 정의만이 아니라 이상현상, 정규화, 인덱스 성능, 트랜잭션 격리 수준과 함께 묶어 서술하는 것이 좋다. 연계 개념은 [[UNDO]], [[REDO]], [[인덱스]], [[B-트리]], [[SQL]]이며, 학습 시 ""정의 → 동작 원리 → 장단점 → 적용 사례"" 순서로 정리하면 좋다.","[[UNDO]], [[REDO]], [[인덱스]], [[B-트리]], [[SQL]]",보강 개념(페이지 직접 언급 없음),"데이터베이스 문제에서는 체크포인트의 정의만 쓰지 말고 관련 개념(UNDO, REDO, 인덱스)과 비교·차이를 함께 쓰면 가점을 받기 쉽다."
CS-559,최단 경로,최단 경로,자료구조·알고리즘,#,ㅊ,최단 경로(최단 경로)은/는 데이터를 저장·탐색·갱신하거나 문제를 효율적으로 해결하기 위한 구조 또는 절차이다.,"최단 경로(최단 경로)은/는 데이터를 저장·탐색·갱신하거나 문제를 효율적으로 해결하기 위한 구조 또는 절차이다. 구현 아이디어, 평균/최악 시간복잡도, 안정성·제자리성 같은 성질을 함께 정리하면 코딩형과 서술형 모두에 대응된다. 연계 개념은 [[BFS]], [[위상 정렬]], [[다익스트라 알고리즘]], [[벨만-포드 알고리즘]], [[시간 복잡도]]이며, 학습 시 ""정의 → 동작 원리 → 장단점 → 적용 사례"" 순서로 정리하면 좋다.","[[BFS]], [[위상 정렬]], [[다익스트라 알고리즘]], [[벨만-포드 알고리즘]], [[시간 복잡도]]",05-14-06-한국은행-2022-컴퓨터공학-학술-파트-I.md; 08-04-라우팅과-서브넷.md; 05-14-30-한국은행-2026-컴퓨터공학-학술-5-그래프-알고리즘-및-정렬.md,"자료구조·알고리즘 문제에서는 최단 경로의 정의만 쓰지 말고 관련 개념(BFS, 위상 정렬, 다익스트라 알고리즘)과 비교·차이를 함께 쓰면 가점을 받기 쉽다."
CS-560,최대 힙,최대 힙,자료구조·알고리즘,#,ㅊ,최대 힙(최대 힙)은/는 데이터를 저장·탐색·갱신하거나 문제를 효율적으로 해결하기 위한 구조 또는 절차이다.,"최대 힙(최대 힙)은/는 데이터를 저장·탐색·갱신하거나 문제를 효율적으로 해결하기 위한 구조 또는 절차이다. 구현 아이디어, 평균/최악 시간복잡도, 안정성·제자리성 같은 성질을 함께 정리하면 코딩형과 서술형 모두에 대응된다. 연계 개념은 [[우선순위 큐]], [[힙]], [[최소 힙]], [[해시 테이블]], [[시간 복잡도]]이며, 학습 시 ""정의 → 동작 원리 → 장단점 → 적용 사례"" 순서로 정리하면 좋다.","[[우선순위 큐]], [[힙]], [[최소 힙]], [[해시 테이블]], [[시간 복잡도]]",04-05-자료구조-알고리즘-DB-금융IT.md,"자료구조·알고리즘 문제에서는 최대 힙의 정의만 쓰지 말고 관련 개념(우선순위 큐, 힙, 최소 힙)과 비교·차이를 함께 쓰면 가점을 받기 쉽다."
CS-561,최소 신장 트리,최소 신장 트리,자료구조·알고리즘,#,ㅊ,최소 신장 트리(최소 신장 트리)은/는 데이터를 저장·탐색·갱신하거나 문제를 효율적으로 해결하기 위한 구조 또는 절차이다.,"최소 신장 트리(최소 신장 트리)은/는 데이터를 저장·탐색·갱신하거나 문제를 효율적으로 해결하기 위한 구조 또는 절차이다. 구현 아이디어, 평균/최악 시간복잡도, 안정성·제자리성 같은 성질을 함께 정리하면 코딩형과 서술형 모두에 대응된다. 연계 개념은 [[벨만-포드 알고리즘]], [[플로이드-워셜 알고리즘]], [[크루스칼 알고리즘]], [[프림 알고리즘]], [[시간 복잡도]]이며, 학습 시 ""정의 → 동작 원리 → 장단점 → 적용 사례"" 순서로 정리하면 좋다.","[[벨만-포드 알고리즘]], [[플로이드-워셜 알고리즘]], [[크루스칼 알고리즘]], [[프림 알고리즘]], [[시간 복잡도]]",보강 개념(페이지 직접 언급 없음),"자료구조·알고리즘 문제에서는 최소 신장 트리의 정의만 쓰지 말고 관련 개념(벨만-포드 알고리즘, 플로이드-워셜 알고리즘, 크루스칼 알고리즘)과 비교·차이를 함께 쓰면 가점을 받기 쉽다."
CS-562,최소 힙,최소 힙,자료구조·알고리즘,#,ㅊ,최소 힙(최소 힙)은/는 데이터를 저장·탐색·갱신하거나 문제를 효율적으로 해결하기 위한 구조 또는 절차이다.,"최소 힙(최소 힙)은/는 데이터를 저장·탐색·갱신하거나 문제를 효율적으로 해결하기 위한 구조 또는 절차이다. 구현 아이디어, 평균/최악 시간복잡도, 안정성·제자리성 같은 성질을 함께 정리하면 코딩형과 서술형 모두에 대응된다. 연계 개념은 [[힙]], [[최대 힙]], [[해시 테이블]], [[해시 함수]], [[시간 복잡도]]이며, 학습 시 ""정의 → 동작 원리 → 장단점 → 적용 사례"" 순서로 정리하면 좋다.","[[힙]], [[최대 힙]], [[해시 테이블]], [[해시 함수]], [[시간 복잡도]]",04-05-자료구조-알고리즘-DB-금융IT.md,"자료구조·알고리즘 문제에서는 최소 힙의 정의만 쓰지 말고 관련 개념(힙, 최대 힙, 해시 테이블)과 비교·차이를 함께 쓰면 가점을 받기 쉽다."
CS-563,최종 일관성,최종 일관성,클라우드·분산시스템,#,ㅊ,"최종 일관성(최종 일관성)은/는 클라우드·분산시스템 영역의 핵심 개념으로, 확장성, 장애 허용, 일관성, 운영 자동화를 다루는 현대 인프라 핵심이다.","최종 일관성(최종 일관성)은/는 클라우드·분산시스템 영역의 핵심 개념으로, 확장성, 장애 허용, 일관성, 운영 자동화를 다루는 현대 인프라 핵심이다. 단일 노드 설계와 달리 네트워크 분할, 장애 전파, 재시도, 중복 처리, 관측 가능성을 전제로 설계해야 한다. 연계 개념은 [[분할 허용성]], [[BASE]], [[복제]], [[샤딩]], [[분산 시스템]]이며, 학습 시 ""정의 → 동작 원리 → 장단점 → 적용 사례"" 순서로 정리하면 좋다.","[[분할 허용성]], [[BASE]], [[복제]], [[샤딩]], [[분산 시스템]]",17-3-분산-시스템-이론.md,"클라우드·분산시스템 문제에서는 최종 일관성의 정의만 쓰지 말고 관련 개념(분할 허용성, BASE, 복제)과 비교·차이를 함께 쓰면 가점을 받기 쉽다."
CS-564,추상 클래스,추상 클래스,프로그래밍 언어,#,ㅊ,"추상 클래스(추상 클래스)은/는 프로그래밍 언어 영역의 핵심 개념으로, 코드 실행 방식, 메모리 모델, 객체지향·함수형 추상화를 이해하는 데 필요하다.","추상 클래스(추상 클래스)은/는 프로그래밍 언어 영역의 핵심 개념으로, 코드 실행 방식, 메모리 모델, 객체지향·함수형 추상화를 이해하는 데 필요하다. 컴파일/실행 시점, 메모리 할당 위치, 타입 검사 방식, 다형성의 바인딩 시점을 비교해 설명하는 문제가 자주 나온다. 연계 개념은 [[오버라이딩]], [[인터페이스]], [[생성자]], [[소멸자]], [[컴파일러]]이며, 학습 시 ""정의 → 동작 원리 → 장단점 → 적용 사례"" 순서로 정리하면 좋다.","[[오버라이딩]], [[인터페이스]], [[생성자]], [[소멸자]], [[컴파일러]]",보강 개념(페이지 직접 언급 없음),"프로그래밍 언어 문제에서는 추상 클래스의 정의만 쓰지 말고 관련 개념(오버라이딩, 인터페이스, 생성자)과 비교·차이를 함께 쓰면 가점을 받기 쉽다."
CS-565,추상화,추상화,프로그래밍 언어,#,ㅊ,"추상화(추상화)은/는 프로그래밍 언어 영역의 핵심 개념으로, 코드 실행 방식, 메모리 모델, 객체지향·함수형 추상화를 이해하는 데 필요하다.","추상화(추상화)은/는 프로그래밍 언어 영역의 핵심 개념으로, 코드 실행 방식, 메모리 모델, 객체지향·함수형 추상화를 이해하는 데 필요하다. 컴파일/실행 시점, 메모리 할당 위치, 타입 검사 방식, 다형성의 바인딩 시점을 비교해 설명하는 문제가 자주 나온다. 연계 개념은 [[상속]], [[다형성]], [[오버로딩]], [[오버라이딩]], [[컴파일러]]이며, 학습 시 ""정의 → 동작 원리 → 장단점 → 적용 사례"" 순서로 정리하면 좋다.","[[상속]], [[다형성]], [[오버로딩]], [[오버라이딩]], [[컴파일러]]",05-05-SGI서울보증-기출.md; 11-03-설계-결합도-응집도.md,"프로그래밍 언어 문제에서는 추상화의 정의만 쓰지 말고 관련 개념(상속, 다형성, 오버로딩)과 비교·차이를 함께 쓰면 가점을 받기 쉽다."
CS-566,충돌,충돌,자료구조·알고리즘,#,ㅊ,충돌(충돌)은/는 데이터를 저장·탐색·갱신하거나 문제를 효율적으로 해결하기 위한 구조 또는 절차이다.,"충돌(충돌)은/는 데이터를 저장·탐색·갱신하거나 문제를 효율적으로 해결하기 위한 구조 또는 절차이다. 구현 아이디어, 평균/최악 시간복잡도, 안정성·제자리성 같은 성질을 함께 정리하면 코딩형과 서술형 모두에 대응된다. 연계 개념은 [[해시 테이블]], [[해시 함수]], [[체이닝]], [[개방 주소법]], [[시간 복잡도]]이며, 학습 시 ""정의 → 동작 원리 → 장단점 → 적용 사례"" 순서로 정리하면 좋다.","[[해시 테이블]], [[해시 함수]], [[체이닝]], [[개방 주소법]], [[시간 복잡도]]",05-05-SGI서울보증-기출.md; 03-04-협업-갈등-사례.md; 02-01-기본-전제와-일정.md,"자료구조·알고리즘 문제에서는 충돌의 정의만 쓰지 말고 관련 개념(해시 테이블, 해시 함수, 체이닝)과 비교·차이를 함께 쓰면 가점을 받기 쉽다."
CS-567,캐시 매핑,캐시 매핑,컴퓨터구조,#,ㅋ,"캐시 매핑(캐시 매핑)은/는 컴퓨터구조 영역의 핵심 개념으로, 명령어 실행, 캐시, 병렬성, 입출력 병목을 하드웨어 관점에서 설명한다.","캐시 매핑(캐시 매핑)은/는 컴퓨터구조 영역의 핵심 개념으로, 명령어 실행, 캐시, 병렬성, 입출력 병목을 하드웨어 관점에서 설명한다. 성능 계산에서는 CPI, 히트율, 병렬화 가능 비율처럼 수치화 가능한 요소와 병목 지점을 함께 본다. 연계 개념은 [[시간 지역성]], [[공간 지역성]], [[직접 매핑]], [[완전 연관 매핑]], [[CPU]]이며, 학습 시 ""정의 → 동작 원리 → 장단점 → 적용 사례"" 순서로 정리하면 좋다.","[[시간 지역성]], [[공간 지역성]], [[직접 매핑]], [[완전 연관 매핑]], [[CPU]]",보강 개념(페이지 직접 언급 없음),"컴퓨터구조 문제에서는 캐시 매핑의 정의만 쓰지 말고 관련 개념(시간 지역성, 공간 지역성, 직접 매핑)과 비교·차이를 함께 쓰면 가점을 받기 쉽다."
CS-568,캐시 미스,캐시 미스,컴퓨터구조,#,ㅋ,"캐시 미스(캐시 미스)은/는 컴퓨터구조 영역의 핵심 개념으로, 명령어 실행, 캐시, 병렬성, 입출력 병목을 하드웨어 관점에서 설명한다.","캐시 미스(캐시 미스)은/는 컴퓨터구조 영역의 핵심 개념으로, 명령어 실행, 캐시, 병렬성, 입출력 병목을 하드웨어 관점에서 설명한다. 성능 계산에서는 CPI, 히트율, 병렬화 가능 비율처럼 수치화 가능한 요소와 병목 지점을 함께 본다. 연계 개념은 [[캐시]], [[캐시 히트]], [[지역성]], [[시간 지역성]], [[CPU]]이며, 학습 시 ""정의 → 동작 원리 → 장단점 → 적용 사례"" 순서로 정리하면 좋다.","[[캐시]], [[캐시 히트]], [[지역성]], [[시간 지역성]], [[CPU]]",보강 개념(페이지 직접 언급 없음),"컴퓨터구조 문제에서는 캐시 미스의 정의만 쓰지 말고 관련 개념(캐시, 캐시 히트, 지역성)과 비교·차이를 함께 쓰면 가점을 받기 쉽다."
CS-569,캐시 서버,캐시 서버,네트워크,#,ㅋ,"캐시 서버(캐시 서버)은/는 네트워크 통신에서 주소 지정, 경로 선택, 신뢰성, 이름 해석 또는 보안 채널을 구성하는 핵심 요소이다.","캐시 서버(캐시 서버)은/는 네트워크 통신에서 주소 지정, 경로 선택, 신뢰성, 이름 해석 또는 보안 채널을 구성하는 핵심 요소이다. 프로토콜의 위치 계층, 헤더에 담기는 식별자, 연결 수립/해제 흐름, 장애 시 진단 명령을 연결해 이해해야 한다. 연계 개념은 [[WebSocket]], [[프록시]], [[CDN]], [[VPN]], [[TCP]]이며, 학습 시 ""정의 → 동작 원리 → 장단점 → 적용 사례"" 순서로 정리하면 좋다.","[[WebSocket]], [[프록시]], [[CDN]], [[VPN]], [[TCP]]",보강 개념(페이지 직접 언급 없음),"네트워크 문제에서는 캐시 서버의 정의만 쓰지 말고 관련 개념(WebSocket, 프록시, CDN)과 비교·차이를 함께 쓰면 가점을 받기 쉽다."
CS-570,캐시 일관성,캐시 일관성,운영체제,#,ㅋ,"캐시 일관성(캐시 일관성)은/는 운영체제 영역의 핵심 개념으로, CPU, 메모리, 파일, 입출력 자원을 공정하고 효율적으로 배분하는 기반 지식이다.","캐시 일관성(캐시 일관성)은/는 운영체제 영역의 핵심 개념으로, CPU, 메모리, 파일, 입출력 자원을 공정하고 효율적으로 배분하는 기반 지식이다. 답안에서는 상태 전이, 자료구조(큐·테이블), 오버헤드와 처리량/응답시간의 트레이드오프를 함께 적으면 완성도가 높다. 연계 개념은 [[DMA]], [[인터럽트]], [[프로세스]], [[스레드]], [[메모리 관리]]이며, 학습 시 ""정의 → 동작 원리 → 장단점 → 적용 사례"" 순서로 정리하면 좋다.","[[DMA]], [[인터럽트]], [[프로세스]], [[스레드]], [[메모리 관리]]",14-컴퓨터구조-심화.md,"운영체제 문제에서는 캐시 일관성의 정의만 쓰지 말고 관련 개념(DMA, 인터럽트, 프로세스)과 비교·차이를 함께 쓰면 가점을 받기 쉽다."
CS-571,캐시 히트,캐시 히트,컴퓨터구조,#,ㅋ,"캐시 히트(캐시 히트)은/는 컴퓨터구조 영역의 핵심 개념으로, 명령어 실행, 캐시, 병렬성, 입출력 병목을 하드웨어 관점에서 설명한다.","캐시 히트(캐시 히트)은/는 컴퓨터구조 영역의 핵심 개념으로, 명령어 실행, 캐시, 병렬성, 입출력 병목을 하드웨어 관점에서 설명한다. 성능 계산에서는 CPI, 히트율, 병렬화 가능 비율처럼 수치화 가능한 요소와 병목 지점을 함께 본다. 연계 개념은 [[상대 주소 지정]], [[캐시]], [[캐시 미스]], [[지역성]], [[CPU]]이며, 학습 시 ""정의 → 동작 원리 → 장단점 → 적용 사례"" 순서로 정리하면 좋다.","[[상대 주소 지정]], [[캐시]], [[캐시 미스]], [[지역성]], [[CPU]]",05-14-19-한국은행-2025-컴퓨터공학-학술-9-컴퓨터구조-캐시-메모리.md,"컴퓨터구조 문제에서는 캐시 히트의 정의만 쓰지 말고 관련 개념(상대 주소 지정, 캐시, 캐시 미스)과 비교·차이를 함께 쓰면 가점을 받기 쉽다."
CS-572,캡슐화,캡슐화,프로그래밍 언어,#,ㅋ,"캡슐화(캡슐화)은/는 프로그래밍 언어 영역의 핵심 개념으로, 코드 실행 방식, 메모리 모델, 객체지향·함수형 추상화를 이해하는 데 필요하다.","캡슐화(캡슐화)은/는 프로그래밍 언어 영역의 핵심 개념으로, 코드 실행 방식, 메모리 모델, 객체지향·함수형 추상화를 이해하는 데 필요하다. 컴파일/실행 시점, 메모리 할당 위치, 타입 검사 방식, 다형성의 바인딩 시점을 비교해 설명하는 문제가 자주 나온다. 연계 개념은 [[클래스]], [[객체]], [[상속]], [[다형성]], [[컴파일러]]이며, 학습 시 ""정의 → 동작 원리 → 장단점 → 적용 사례"" 순서로 정리하면 좋다.","[[클래스]], [[객체]], [[상속]], [[다형성]], [[컴파일러]]",05-14-12-한국은행-2025-컴퓨터공학-학술-2-프로그래밍-언어-객체지향-개념.md; 04-04-네트워크-프로토콜-보안.md; 11-03-설계-결합도-응집도.md,"프로그래밍 언어 문제에서는 캡슐화의 정의만 쓰지 말고 관련 개념(클래스, 객체, 상속)과 비교·차이를 함께 쓰면 가점을 받기 쉽다."
CS-573,쿠키,쿠키,네트워크,#,ㅋ,"쿠키(쿠키)은/는 네트워크 통신에서 주소 지정, 경로 선택, 신뢰성, 이름 해석 또는 보안 채널을 구성하는 핵심 요소이다.","쿠키(쿠키)은/는 네트워크 통신에서 주소 지정, 경로 선택, 신뢰성, 이름 해석 또는 보안 채널을 구성하는 핵심 요소이다. 프로토콜의 위치 계층, 헤더에 담기는 식별자, 연결 수립/해제 흐름, 장애 시 진단 명령을 연결해 이해해야 한다. 연계 개념은 [[인증서]], [[CA]], [[세션]], [[REST]], [[TCP]]이며, 학습 시 ""정의 → 동작 원리 → 장단점 → 적용 사례"" 순서로 정리하면 좋다.","[[인증서]], [[CA]], [[세션]], [[REST]], [[TCP]]",10-03-01-XSS-SQL-Injection.md; 04-04-네트워크-프로토콜-보안.md,"네트워크 문제에서는 쿠키의 정의만 쓰지 말고 관련 개념(인증서, CA, 세션)과 비교·차이를 함께 쓰면 가점을 받기 쉽다."
CS-574,퀵 정렬,퀵 정렬,자료구조·알고리즘,#,ㅋ,퀵 정렬(퀵 정렬)은/는 데이터를 저장·탐색·갱신하거나 문제를 효율적으로 해결하기 위한 구조 또는 절차이다.,"퀵 정렬(퀵 정렬)은/는 데이터를 저장·탐색·갱신하거나 문제를 효율적으로 해결하기 위한 구조 또는 절차이다. 구현 아이디어, 평균/최악 시간복잡도, 안정성·제자리성 같은 성질을 함께 정리하면 코딩형과 서술형 모두에 대응된다. 연계 개념은 [[삽입 정렬]], [[병합 정렬]], [[힙 정렬]], [[계수 정렬]], [[시간 복잡도]]이며, 학습 시 ""정의 → 동작 원리 → 장단점 → 적용 사례"" 순서로 정리하면 좋다.","[[삽입 정렬]], [[병합 정렬]], [[힙 정렬]], [[계수 정렬]], [[시간 복잡도]]",09-03-정렬과-탐색.md; 04-05-자료구조-알고리즘-DB-금융IT.md,"자료구조·알고리즘 문제에서는 퀵 정렬의 정의만 쓰지 말고 관련 개념(삽입 정렬, 병합 정렬, 힙 정렬)과 비교·차이를 함께 쓰면 가점을 받기 쉽다."
CS-575,크루스칼 알고리즘,크루스칼 알고리즘,자료구조·알고리즘,#,ㅋ,크루스칼 알고리즘(크루스칼 알고리즘)은/는 데이터를 저장·탐색·갱신하거나 문제를 효율적으로 해결하기 위한 구조 또는 절차이다.,"크루스칼 알고리즘(크루스칼 알고리즘)은/는 데이터를 저장·탐색·갱신하거나 문제를 효율적으로 해결하기 위한 구조 또는 절차이다. 구현 아이디어, 평균/최악 시간복잡도, 안정성·제자리성 같은 성질을 함께 정리하면 코딩형과 서술형 모두에 대응된다. 연계 개념은 [[플로이드-워셜 알고리즘]], [[최소 신장 트리]], [[프림 알고리즘]], [[정렬]], [[시간 복잡도]]이며, 학습 시 ""정의 → 동작 원리 → 장단점 → 적용 사례"" 순서로 정리하면 좋다.","[[플로이드-워셜 알고리즘]], [[최소 신장 트리]], [[프림 알고리즘]], [[정렬]], [[시간 복잡도]]",05-14-04-한국은행-2021-컴퓨터공학-학술-파트-I.md,"자료구조·알고리즘 문제에서는 크루스칼 알고리즘의 정의만 쓰지 말고 관련 개념(플로이드-워셜 알고리즘, 최소 신장 트리, 프림 알고리즘)과 비교·차이를 함께 쓰면 가점을 받기 쉽다."
CS-576,클러스터드 인덱스,클러스터드 인덱스,데이터베이스,#,ㅋ,"클러스터드 인덱스(클러스터드 인덱스)은/는 데이터베이스 영역의 핵심 개념으로, 데이터 저장·검색·무결성·동시성의 관점에서 금융권 거래 원장과 고객 데이터 품질을 좌우한다.","클러스터드 인덱스(클러스터드 인덱스)은/는 데이터베이스 영역의 핵심 개념으로, 데이터 저장·검색·무결성·동시성의 관점에서 금융권 거래 원장과 고객 데이터 품질을 좌우한다. 시험에서는 정의만이 아니라 이상현상, 정규화, 인덱스 성능, 트랜잭션 격리 수준과 함께 묶어 서술하는 것이 좋다. 연계 개념은 [[B+트리]], [[해시 인덱스]], [[비클러스터드 인덱스]], [[SQL]], [[트랜잭션]]이며, 학습 시 ""정의 → 동작 원리 → 장단점 → 적용 사례"" 순서로 정리하면 좋다.","[[B+트리]], [[해시 인덱스]], [[비클러스터드 인덱스]], [[SQL]], [[트랜잭션]]",07-05-인덱스와-동시성.md,"데이터베이스 문제에서는 클러스터드 인덱스의 정의만 쓰지 말고 관련 개념(B+트리, 해시 인덱스, 비클러스터드 인덱스)과 비교·차이를 함께 쓰면 가점을 받기 쉽다."
CS-577,클로저,클로저,프로그래밍 언어,#,ㅋ,"클로저(클로저)은/는 프로그래밍 언어 영역의 핵심 개념으로, 코드 실행 방식, 메모리 모델, 객체지향·함수형 추상화를 이해하는 데 필요하다.","클로저(클로저)은/는 프로그래밍 언어 영역의 핵심 개념으로, 코드 실행 방식, 메모리 모델, 객체지향·함수형 추상화를 이해하는 데 필요하다. 컴파일/실행 시점, 메모리 할당 위치, 타입 검사 방식, 다형성의 바인딩 시점을 비교해 설명하는 문제가 자주 나온다. 연계 개념은 [[템플릿]], [[람다식]], [[함수형 프로그래밍]], [[순수 함수]], [[컴파일러]]이며, 학습 시 ""정의 → 동작 원리 → 장단점 → 적용 사례"" 순서로 정리하면 좋다.","[[템플릿]], [[람다식]], [[함수형 프로그래밍]], [[순수 함수]], [[컴파일러]]",보강 개념(페이지 직접 언급 없음),"프로그래밍 언어 문제에서는 클로저의 정의만 쓰지 말고 관련 개념(템플릿, 람다식, 함수형 프로그래밍)과 비교·차이를 함께 쓰면 가점을 받기 쉽다."
CS-578,타임스탬프 기법,타임스탬프 기법,데이터베이스,#,ㅌ,"타임스탬프 기법(타임스탬프 기법)은/는 데이터베이스 영역의 핵심 개념으로, 데이터 저장·검색·무결성·동시성의 관점에서 금융권 거래 원장과 고객 데이터 품질을 좌우한다.","타임스탬프 기법(타임스탬프 기법)은/는 데이터베이스 영역의 핵심 개념으로, 데이터 저장·검색·무결성·동시성의 관점에서 금융권 거래 원장과 고객 데이터 품질을 좌우한다. 시험에서는 정의만이 아니라 이상현상, 정규화, 인덱스 성능, 트랜잭션 격리 수준과 함께 묶어 서술하는 것이 좋다. 연계 개념은 [[2단계 락킹]], [[교착상태]], [[낙관적 병행제어]], [[MVCC]], [[SQL]]이며, 학습 시 ""정의 → 동작 원리 → 장단점 → 적용 사례"" 순서로 정리하면 좋다.","[[2단계 락킹]], [[교착상태]], [[낙관적 병행제어]], [[MVCC]], [[SQL]]",05-05-SGI서울보증-기출.md; 07-05-인덱스와-동시성.md,"데이터베이스 문제에서는 타임스탬프 기법의 정의만 쓰지 말고 관련 개념(2단계 락킹, 교착상태, 낙관적 병행제어)과 비교·차이를 함께 쓰면 가점을 받기 쉽다."
CS-579,탐욕 알고리즘,탐욕 알고리즘,자료구조·알고리즘,#,ㅌ,탐욕 알고리즘(탐욕 알고리즘)은/는 데이터를 저장·탐색·갱신하거나 문제를 효율적으로 해결하기 위한 구조 또는 절차이다.,"탐욕 알고리즘(탐욕 알고리즘)은/는 데이터를 저장·탐색·갱신하거나 문제를 효율적으로 해결하기 위한 구조 또는 절차이다. 구현 아이디어, 평균/최악 시간복잡도, 안정성·제자리성 같은 성질을 함께 정리하면 코딩형과 서술형 모두에 대응된다. 연계 개념은 [[분할 정복]], [[동적 계획법]], [[백트래킹]], [[재귀]], [[시간 복잡도]]이며, 학습 시 ""정의 → 동작 원리 → 장단점 → 적용 사례"" 순서로 정리하면 좋다.","[[분할 정복]], [[동적 계획법]], [[백트래킹]], [[재귀]], [[시간 복잡도]]",보강 개념(페이지 직접 언급 없음),"자료구조·알고리즘 문제에서는 탐욕 알고리즘의 정의만 쓰지 말고 관련 개념(분할 정복, 동적 계획법, 백트래킹)과 비교·차이를 함께 쓰면 가점을 받기 쉽다."
CS-580,터널링,터널링,네트워크,#,ㅌ,"터널링(터널링)은/는 네트워크 통신에서 주소 지정, 경로 선택, 신뢰성, 이름 해석 또는 보안 채널을 구성하는 핵심 요소이다.","터널링(터널링)은/는 네트워크 통신에서 주소 지정, 경로 선택, 신뢰성, 이름 해석 또는 보안 채널을 구성하는 핵심 요소이다. 프로토콜의 위치 계층, 헤더에 담기는 식별자, 연결 수립/해제 흐름, 장애 시 진단 명령을 연결해 이해해야 한다. 연계 개념은 [[CDN]], [[VPN]], [[QoS]], [[로드 밸런서]], [[TCP]]이며, 학습 시 ""정의 → 동작 원리 → 장단점 → 적용 사례"" 순서로 정리하면 좋다.","[[CDN]], [[VPN]], [[QoS]], [[로드 밸런서]], [[TCP]]",05-08-산업은행-기출.md; 05-14-04-한국은행-2021-컴퓨터공학-학술-파트-I.md; 05-11-네트워크-기출-모음.md,"네트워크 문제에서는 터널링의 정의만 쓰지 말고 관련 개념(CDN, VPN, QoS)과 비교·차이를 함께 쓰면 가점을 받기 쉽다."
CS-581,텍스트 마이닝,텍스트 마이닝,인공지능·데이터,#,ㅌ,"텍스트 마이닝(텍스트 마이닝)은/는 데이터 기반 예측·분류·분석 과정에서 모델, 학습 방법, 평가 또는 전처리를 설명하는 개념이다.","텍스트 마이닝(텍스트 마이닝)은/는 데이터 기반 예측·분류·분석 과정에서 모델, 학습 방법, 평가 또는 전처리를 설명하는 개념이다. 데이터 누수, 편향, 평가 지표 선택, 운영 중 성능 저하를 함께 고려해야 실제 금융 AI 적용에 적합하다. 연계 개념은 [[토큰화]], [[정규화]], [[추천 시스템]], [[과적합]], [[머신러닝]]이며, 학습 시 ""정의 → 동작 원리 → 장단점 → 적용 사례"" 순서로 정리하면 좋다.","[[토큰화]], [[정규화]], [[추천 시스템]], [[과적합]], [[머신러닝]]",05-14-한국은행-기출.md; 05-14-34-한국은행-2026-컴퓨터공학-학술-9-정규-표현식-및-텍스트-마이닝.md,"인공지능·데이터 문제에서는 텍스트 마이닝의 정의만 쓰지 말고 관련 개념(토큰화, 정규화, 추천 시스템)과 비교·차이를 함께 쓰면 가점을 받기 쉽다."
CS-582,템플릿,템플릿,프로그래밍 언어,#,ㅌ,"템플릿(템플릿)은/는 프로그래밍 언어 영역의 핵심 개념으로, 코드 실행 방식, 메모리 모델, 객체지향·함수형 추상화를 이해하는 데 필요하다.","템플릿(템플릿)은/는 프로그래밍 언어 영역의 핵심 개념으로, 코드 실행 방식, 메모리 모델, 객체지향·함수형 추상화를 이해하는 데 필요하다. 컴파일/실행 시점, 메모리 할당 위치, 타입 검사 방식, 다형성의 바인딩 시점을 비교해 설명하는 문제가 자주 나온다. 연계 개념은 [[예외 처리]], [[제네릭]], [[람다식]], [[클로저]], [[컴파일러]]이며, 학습 시 ""정의 → 동작 원리 → 장단점 → 적용 사례"" 순서로 정리하면 좋다.","[[예외 처리]], [[제네릭]], [[람다식]], [[클로저]], [[컴파일러]]",19-1-코스콤-자소서.md; 19-3-금융결제원-자소서.md; 19-4-예탁결제원-자소서.md,"프로그래밍 언어 문제에서는 템플릿의 정의만 쓰지 말고 관련 개념(예외 처리, 제네릭, 람다식)과 비교·차이를 함께 쓰면 가점을 받기 쉽다."
CS-583,트리,트리,자료구조·알고리즘,#,ㅌ,트리(트리)은/는 데이터를 저장·탐색·갱신하거나 문제를 효율적으로 해결하기 위한 구조 또는 절차이다.,"트리(트리)은/는 데이터를 저장·탐색·갱신하거나 문제를 효율적으로 해결하기 위한 구조 또는 절차이다. 구현 아이디어, 평균/최악 시간복잡도, 안정성·제자리성 같은 성질을 함께 정리하면 코딩형과 서술형 모두에 대응된다. 연계 개념은 [[체이닝]], [[개방 주소법]], [[이진 트리]], [[이진 탐색 트리]], [[시간 복잡도]]이며, 학습 시 ""정의 → 동작 원리 → 장단점 → 적용 사례"" 순서로 정리하면 좋다.","[[체이닝]], [[개방 주소법]], [[이진 트리]], [[이진 탐색 트리]], [[시간 복잡도]]",05-08-산업은행-기출.md; 04-IT-필기-핵심정리.md; 02-01-기본-전제와-일정.md,"자료구조·알고리즘 문제에서는 트리의 정의만 쓰지 말고 관련 개념(체이닝, 개방 주소법, 이진 트리)과 비교·차이를 함께 쓰면 가점을 받기 쉽다."
CS-584,트리거,트리거,데이터베이스,#,ㅌ,"트리거(트리거)은/는 데이터베이스 영역의 핵심 개념으로, 데이터 저장·검색·무결성·동시성의 관점에서 금융권 거래 원장과 고객 데이터 품질을 좌우한다.","트리거(트리거)은/는 데이터베이스 영역의 핵심 개념으로, 데이터 저장·검색·무결성·동시성의 관점에서 금융권 거래 원장과 고객 데이터 품질을 좌우한다. 시험에서는 정의만이 아니라 이상현상, 정규화, 인덱스 성능, 트랜잭션 격리 수준과 함께 묶어 서술하는 것이 좋다. 연계 개념은 [[뷰]], [[저장 프로시저]], [[SQL]], [[트랜잭션]], [[정규화]]이며, 학습 시 ""정의 → 동작 원리 → 장단점 → 적용 사례"" 순서로 정리하면 좋다.","[[뷰]], [[저장 프로시저]], [[SQL]], [[트랜잭션]], [[정규화]]",05-14-27-한국은행-2026-컴퓨터공학-학술-2-데이터베이스.md,"데이터베이스 문제에서는 트리거의 정의만 쓰지 말고 관련 개념(뷰, 저장 프로시저, SQL)과 비교·차이를 함께 쓰면 가점을 받기 쉽다."
CS-585,특성 공학,특성 공학,인공지능·데이터,#,ㅌ,"특성 공학(특성 공학)은/는 데이터 기반 예측·분류·분석 과정에서 모델, 학습 방법, 평가 또는 전처리를 설명하는 개념이다.","특성 공학(특성 공학)은/는 데이터 기반 예측·분류·분석 과정에서 모델, 학습 방법, 평가 또는 전처리를 설명하는 개념이다. 데이터 누수, 편향, 평가 지표 선택, 운영 중 성능 저하를 함께 고려해야 실제 금융 AI 적용에 적합하다. 연계 개념은 [[손실 함수]], [[역전파]], [[데이터 전처리]], [[이상치]], [[머신러닝]]이며, 학습 시 ""정의 → 동작 원리 → 장단점 → 적용 사례"" 순서로 정리하면 좋다.","[[손실 함수]], [[역전파]], [[데이터 전처리]], [[이상치]], [[머신러닝]]",보강 개념(페이지 직접 언급 없음),"인공지능·데이터 문제에서는 특성 공학의 정의만 쓰지 말고 관련 개념(손실 함수, 역전파, 데이터 전처리)과 비교·차이를 함께 쓰면 가점을 받기 쉽다."
CS-586,파이프라이닝,파이프라이닝,컴퓨터구조,#,ㅍ,"파이프라이닝(파이프라이닝)은/는 컴퓨터구조 영역의 핵심 개념으로, 명령어 실행, 캐시, 병렬성, 입출력 병목을 하드웨어 관점에서 설명한다.","파이프라이닝(파이프라이닝)은/는 컴퓨터구조 영역의 핵심 개념으로, 명령어 실행, 캐시, 병렬성, 입출력 병목을 하드웨어 관점에서 설명한다. 성능 계산에서는 CPI, 히트율, 병렬화 가능 비율처럼 수치화 가능한 요소와 병목 지점을 함께 본다. 연계 개념은 [[해독]], [[실행]], [[파이프라인 해저드]], [[데이터 해저드]], [[CPU]]이며, 학습 시 ""정의 → 동작 원리 → 장단점 → 적용 사례"" 순서로 정리하면 좋다.","[[해독]], [[실행]], [[파이프라인 해저드]], [[데이터 해저드]], [[CPU]]",14-3-명령어-세트.md; 14-1-CPU-설계.md; 04-03-소프트웨어공학-운영체제-컴퓨터구조.md,"컴퓨터구조 문제에서는 파이프라이닝의 정의만 쓰지 말고 관련 개념(해독, 실행, 파이프라인 해저드)과 비교·차이를 함께 쓰면 가점을 받기 쉽다."
CS-587,파이프라인 해저드,파이프라인 해저드,컴퓨터구조,#,ㅍ,"파이프라인 해저드(파이프라인 해저드)은/는 컴퓨터구조 영역의 핵심 개념으로, 명령어 실행, 캐시, 병렬성, 입출력 병목을 하드웨어 관점에서 설명한다.","파이프라인 해저드(파이프라인 해저드)은/는 컴퓨터구조 영역의 핵심 개념으로, 명령어 실행, 캐시, 병렬성, 입출력 병목을 하드웨어 관점에서 설명한다. 성능 계산에서는 CPI, 히트율, 병렬화 가능 비율처럼 수치화 가능한 요소와 병목 지점을 함께 본다. 연계 개념은 [[실행]], [[파이프라이닝]], [[데이터 해저드]], [[제어 해저드]], [[CPU]]이며, 학습 시 ""정의 → 동작 원리 → 장단점 → 적용 사례"" 순서로 정리하면 좋다.","[[실행]], [[파이프라이닝]], [[데이터 해저드]], [[제어 해저드]], [[CPU]]",보강 개념(페이지 직접 언급 없음),"컴퓨터구조 문제에서는 파이프라인 해저드의 정의만 쓰지 말고 관련 개념(실행, 파이프라이닝, 데이터 해저드)과 비교·차이를 함께 쓰면 가점을 받기 쉽다."
CS-588,파일 시스템,파일 시스템,운영체제,#,ㅍ,"파일 시스템(파일 시스템)은/는 운영체제 영역의 핵심 개념으로, CPU, 메모리, 파일, 입출력 자원을 공정하고 효율적으로 배분하는 기반 지식이다.","파일 시스템(파일 시스템)은/는 운영체제 영역의 핵심 개념으로, CPU, 메모리, 파일, 입출력 자원을 공정하고 효율적으로 배분하는 기반 지식이다. 답안에서는 상태 전이, 자료구조(큐·테이블), 오버헤드와 처리량/응답시간의 트레이드오프를 함께 적으면 완성도가 높다. 연계 개념은 [[스래싱]], [[워킹 세트]], [[디렉터리]], [[아이노드]], [[프로세스]]이며, 학습 시 ""정의 → 동작 원리 → 장단점 → 적용 사례"" 순서로 정리하면 좋다.","[[스래싱]], [[워킹 세트]], [[디렉터리]], [[아이노드]], [[프로세스]]",09-02-01-이진트리-힙-B트리.md; 06-운영체제.md,"운영체제 문제에서는 파일 시스템의 정의만 쓰지 말고 관련 개념(스래싱, 워킹 세트, 디렉터리)과 비교·차이를 함께 쓰면 가점을 받기 쉽다."
CS-589,페이지,페이지,운영체제,#,ㅍ,페이지(페이지)은/는 물리 메모리보다 큰 주소 공간을 효율적으로 제공하고 주소 변환 비용을 관리하는 메모리 관리 개념이다.,"페이지(페이지)은/는 물리 메모리보다 큰 주소 공간을 효율적으로 제공하고 주소 변환 비용을 관리하는 메모리 관리 개념이다. 답안에서는 상태 전이, 자료구조(큐·테이블), 오버헤드와 처리량/응답시간의 트레이드오프를 함께 적으면 완성도가 높다. 연계 개념은 [[물리 주소]], [[페이징]], [[프레임]], [[페이지 테이블]], [[프로세스]]이며, 학습 시 ""정의 → 동작 원리 → 장단점 → 적용 사례"" 순서로 정리하면 좋다.","[[물리 주소]], [[페이징]], [[프레임]], [[페이지 테이블]], [[프로세스]]",05-14-06-한국은행-2022-컴퓨터공학-학술-파트-I.md; 05-14-11-한국은행-2025-컴퓨터공학-학술-1-데이터베이스.md; 05-09-운영체제-기출-모음.md,"운영체제 문제에서는 페이지의 정의만 쓰지 말고 관련 개념(물리 주소, 페이징, 프레임)과 비교·차이를 함께 쓰면 가점을 받기 쉽다."
CS-590,페이지 교체,페이지 교체,운영체제,#,ㅍ,"페이지 교체(페이지 교체)은/는 운영체제 영역의 핵심 개념으로, CPU, 메모리, 파일, 입출력 자원을 공정하고 효율적으로 배분하는 기반 지식이다.","페이지 교체(페이지 교체)은/는 운영체제 영역의 핵심 개념으로, CPU, 메모리, 파일, 입출력 자원을 공정하고 효율적으로 배분하는 기반 지식이다. 답안에서는 상태 전이, 자료구조(큐·테이블), 오버헤드와 처리량/응답시간의 트레이드오프를 함께 적으면 완성도가 높다. 연계 개념은 [[요구 페이징]], [[페이지 폴트]], [[FIFO 페이지 교체]], [[LRU]], [[프로세스]]이며, 학습 시 ""정의 → 동작 원리 → 장단점 → 적용 사례"" 순서로 정리하면 좋다.","[[요구 페이징]], [[페이지 폴트]], [[FIFO 페이지 교체]], [[LRU]], [[프로세스]]",05-09-운영체제-기출-모음.md; 06-04-메모리와-가상메모리.md; 05-14-08-한국은행-2023-컴퓨터공학-학술-파트-I.md,"운영체제 문제에서는 페이지 교체의 정의만 쓰지 말고 관련 개념(요구 페이징, 페이지 폴트, FIFO 페이지 교체)과 비교·차이를 함께 쓰면 가점을 받기 쉽다."
CS-591,페이지 테이블,페이지 테이블,운영체제,#,ㅍ,페이지 테이블(페이지 테이블)은/는 물리 메모리보다 큰 주소 공간을 효율적으로 제공하고 주소 변환 비용을 관리하는 메모리 관리 개념이다.,"페이지 테이블(페이지 테이블)은/는 물리 메모리보다 큰 주소 공간을 효율적으로 제공하고 주소 변환 비용을 관리하는 메모리 관리 개념이다. 답안에서는 상태 전이, 자료구조(큐·테이블), 오버헤드와 처리량/응답시간의 트레이드오프를 함께 적으면 완성도가 높다. 연계 개념은 [[페이지]], [[프레임]], [[TLB]], [[다단계 페이지 테이블]], [[프로세스]]이며, 학습 시 ""정의 → 동작 원리 → 장단점 → 적용 사례"" 순서로 정리하면 좋다.","[[페이지]], [[프레임]], [[TLB]], [[다단계 페이지 테이블]], [[프로세스]]",05-14-06-한국은행-2022-컴퓨터공학-학술-파트-I.md; 05-08-산업은행-기출.md; 06-04-메모리와-가상메모리.md,"운영체제 문제에서는 페이지 테이블의 정의만 쓰지 말고 관련 개념(페이지, 프레임, TLB)과 비교·차이를 함께 쓰면 가점을 받기 쉽다."
CS-592,포인터,포인터,프로그래밍 언어,#,ㅍ,"포인터(포인터)은/는 프로그래밍 언어 영역의 핵심 개념으로, 코드 실행 방식, 메모리 모델, 객체지향·함수형 추상화를 이해하는 데 필요하다.","포인터(포인터)은/는 프로그래밍 언어 영역의 핵심 개념으로, 코드 실행 방식, 메모리 모델, 객체지향·함수형 추상화를 이해하는 데 필요하다. 컴파일/실행 시점, 메모리 할당 위치, 타입 검사 방식, 다형성의 바인딩 시점을 비교해 설명하는 문제가 자주 나온다. 연계 개념은 [[변수]], [[상수]], [[참조]], [[스코프]], [[컴파일러]]이며, 학습 시 ""정의 → 동작 원리 → 장단점 → 적용 사례"" 순서로 정리하면 좋다.","[[변수]], [[상수]], [[참조]], [[스코프]], [[컴파일러]]",05-08-산업은행-기출.md; 06-02-02-선점형과-비선점형.md; 05-04-금융결제원-기출.md,"프로그래밍 언어 문제에서는 포인터의 정의만 쓰지 말고 관련 개념(변수, 상수, 참조)과 비교·차이를 함께 쓰면 가점을 받기 쉽다."
CS-593,폴링,폴링,컴퓨터구조,#,ㅍ,"폴링(폴링)은/는 컴퓨터구조 영역의 핵심 개념으로, 명령어 실행, 캐시, 병렬성, 입출력 병목을 하드웨어 관점에서 설명한다.","폴링(폴링)은/는 컴퓨터구조 영역의 핵심 개념으로, 명령어 실행, 캐시, 병렬성, 입출력 병목을 하드웨어 관점에서 설명한다. 성능 계산에서는 CPI, 히트율, 병렬화 가능 비율처럼 수치화 가능한 요소와 병목 지점을 함께 본다. 연계 개념은 [[버스]], [[입출력]], [[인터럽트]], [[DMA]], [[CPU]]이며, 학습 시 ""정의 → 동작 원리 → 장단점 → 적용 사례"" 순서로 정리하면 좋다.","[[버스]], [[입출력]], [[인터럽트]], [[DMA]], [[CPU]]",14-4-입출력-시스템.md,"컴퓨터구조 문제에서는 폴링의 정의만 쓰지 말고 관련 개념(버스, 입출력, 인터럽트)과 비교·차이를 함께 쓰면 가점을 받기 쉽다."
CS-594,표현 계층,표현 계층,네트워크,#,ㅍ,"표현 계층(표현 계층)은/는 네트워크 통신에서 주소 지정, 경로 선택, 신뢰성, 이름 해석 또는 보안 채널을 구성하는 핵심 요소이다.","표현 계층(표현 계층)은/는 네트워크 통신에서 주소 지정, 경로 선택, 신뢰성, 이름 해석 또는 보안 채널을 구성하는 핵심 요소이다. 프로토콜의 위치 계층, 헤더에 담기는 식별자, 연결 수립/해제 흐름, 장애 시 진단 명령을 연결해 이해해야 한다. 연계 개념은 [[전송 계층]], [[세션 계층]], [[응용 계층]], [[이더넷]], [[TCP]]이며, 학습 시 ""정의 → 동작 원리 → 장단점 → 적용 사례"" 순서로 정리하면 좋다.","[[전송 계층]], [[세션 계층]], [[응용 계층]], [[이더넷]], [[TCP]]",보강 개념(페이지 직접 언급 없음),"네트워크 문제에서는 표현 계층의 정의만 쓰지 말고 관련 개념(전송 계층, 세션 계층, 응용 계층)과 비교·차이를 함께 쓰면 가점을 받기 쉽다."
CS-595,프레임,프레임,운영체제,#,ㅍ,프레임(프레임)은/는 물리 메모리보다 큰 주소 공간을 효율적으로 제공하고 주소 변환 비용을 관리하는 메모리 관리 개념이다.,"프레임(프레임)은/는 물리 메모리보다 큰 주소 공간을 효율적으로 제공하고 주소 변환 비용을 관리하는 메모리 관리 개념이다. 답안에서는 상태 전이, 자료구조(큐·테이블), 오버헤드와 처리량/응답시간의 트레이드오프를 함께 적으면 완성도가 높다. 연계 개념은 [[페이징]], [[페이지]], [[페이지 테이블]], [[TLB]], [[프로세스]]이며, 학습 시 ""정의 → 동작 원리 → 장단점 → 적용 사례"" 순서로 정리하면 좋다.","[[페이징]], [[페이지]], [[페이지 테이블]], [[TLB]], [[프로세스]]",05-14-06-한국은행-2022-컴퓨터공학-학술-파트-I.md; 05-08-산업은행-기출.md; 08-04-라우팅과-서브넷.md,"운영체제 문제에서는 프레임의 정의만 쓰지 말고 관련 개념(페이징, 페이지, 페이지 테이블)과 비교·차이를 함께 쓰면 가점을 받기 쉽다."
CS-596,프로그램 카운터,프로그램 카운터,컴퓨터구조,#,ㅍ,"프로그램 카운터(프로그램 카운터)은/는 컴퓨터구조 영역의 핵심 개념으로, 명령어 실행, 캐시, 병렬성, 입출력 병목을 하드웨어 관점에서 설명한다.","프로그램 카운터(프로그램 카운터)은/는 컴퓨터구조 영역의 핵심 개념으로, 명령어 실행, 캐시, 병렬성, 입출력 병목을 하드웨어 관점에서 설명한다. 성능 계산에서는 CPI, 히트율, 병렬화 가능 비율처럼 수치화 가능한 요소와 병목 지점을 함께 본다. 연계 개념은 [[제어장치]], [[레지스터]], [[명령어 레지스터]], [[명령어 사이클]], [[CPU]]이며, 학습 시 ""정의 → 동작 원리 → 장단점 → 적용 사례"" 순서로 정리하면 좋다.","[[제어장치]], [[레지스터]], [[명령어 레지스터]], [[명령어 사이클]], [[CPU]]",06-02-02-선점형과-비선점형.md; 06-01-01-프로세스-상태와-PCB.md,"컴퓨터구조 문제에서는 프로그램 카운터의 정의만 쓰지 말고 관련 개념(제어장치, 레지스터, 명령어 레지스터)과 비교·차이를 함께 쓰면 가점을 받기 쉽다."
CS-597,프로세스 상태,프로세스 상태,운영체제,#,ㅍ,"프로세스 상태(프로세스 상태)은/는 운영체제 영역의 핵심 개념으로, CPU, 메모리, 파일, 입출력 자원을 공정하고 효율적으로 배분하는 기반 지식이다.","프로세스 상태(프로세스 상태)은/는 운영체제 영역의 핵심 개념으로, CPU, 메모리, 파일, 입출력 자원을 공정하고 효율적으로 배분하는 기반 지식이다. 답안에서는 상태 전이, 자료구조(큐·테이블), 오버헤드와 처리량/응답시간의 트레이드오프를 함께 적으면 완성도가 높다. 연계 개념은 [[PCB]], [[문맥 교환]], [[준비 큐]], [[스케줄링]], [[프로세스]]이며, 학습 시 ""정의 → 동작 원리 → 장단점 → 적용 사례"" 순서로 정리하면 좋다.","[[PCB]], [[문맥 교환]], [[준비 큐]], [[스케줄링]], [[프로세스]]",06-01-00-프로세스와-스레드.md; 06-01-01-프로세스-상태와-PCB.md,"운영체제 문제에서는 프로세스 상태의 정의만 쓰지 말고 관련 개념(PCB, 문맥 교환, 준비 큐)과 비교·차이를 함께 쓰면 가점을 받기 쉽다."
CS-598,프로젝션,프로젝션,데이터베이스,#,ㅍ,"프로젝션(프로젝션)은/는 데이터베이스 영역의 핵심 개념으로, 데이터 저장·검색·무결성·동시성의 관점에서 금융권 거래 원장과 고객 데이터 품질을 좌우한다.","프로젝션(프로젝션)은/는 데이터베이스 영역의 핵심 개념으로, 데이터 저장·검색·무결성·동시성의 관점에서 금융권 거래 원장과 고객 데이터 품질을 좌우한다. 시험에서는 정의만이 아니라 이상현상, 정규화, 인덱스 성능, 트랜잭션 격리 수준과 함께 묶어 서술하는 것이 좋다. 연계 개념은 [[관계 대수]], [[셀렉션]], [[조인]], [[세타 조인]], [[SQL]]이며, 학습 시 ""정의 → 동작 원리 → 장단점 → 적용 사례"" 순서로 정리하면 좋다.","[[관계 대수]], [[셀렉션]], [[조인]], [[세타 조인]], [[SQL]]",보강 개념(페이지 직접 언급 없음),"데이터베이스 문제에서는 프로젝션의 정의만 쓰지 말고 관련 개념(관계 대수, 셀렉션, 조인)과 비교·차이를 함께 쓰면 가점을 받기 쉽다."
CS-599,프록시,프록시,네트워크,#,ㅍ,"프록시(프록시)은/는 네트워크 통신에서 주소 지정, 경로 선택, 신뢰성, 이름 해석 또는 보안 채널을 구성하는 핵심 요소이다.","프록시(프록시)은/는 네트워크 통신에서 주소 지정, 경로 선택, 신뢰성, 이름 해석 또는 보안 채널을 구성하는 핵심 요소이다. 프로토콜의 위치 계층, 헤더에 담기는 식별자, 연결 수립/해제 흐름, 장애 시 진단 명령을 연결해 이해해야 한다. 연계 개념은 [[REST]], [[WebSocket]], [[캐시 서버]], [[CDN]], [[TCP]]이며, 학습 시 ""정의 → 동작 원리 → 장단점 → 적용 사례"" 순서로 정리하면 좋다.","[[REST]], [[WebSocket]], [[캐시 서버]], [[CDN]], [[TCP]]",보강 개념(페이지 직접 언급 없음),"네트워크 문제에서는 프록시의 정의만 쓰지 말고 관련 개념(REST, WebSocket, 캐시 서버)과 비교·차이를 함께 쓰면 가점을 받기 쉽다."
CS-600,프림 알고리즘,프림 알고리즘,자료구조·알고리즘,#,ㅍ,프림 알고리즘(프림 알고리즘)은/는 데이터를 저장·탐색·갱신하거나 문제를 효율적으로 해결하기 위한 구조 또는 절차이다.,"프림 알고리즘(프림 알고리즘)은/는 데이터를 저장·탐색·갱신하거나 문제를 효율적으로 해결하기 위한 구조 또는 절차이다. 구현 아이디어, 평균/최악 시간복잡도, 안정성·제자리성 같은 성질을 함께 정리하면 코딩형과 서술형 모두에 대응된다. 연계 개념은 [[최소 신장 트리]], [[크루스칼 알고리즘]], [[정렬]], [[버블 정렬]], [[시간 복잡도]]이며, 학습 시 ""정의 → 동작 원리 → 장단점 → 적용 사례"" 순서로 정리하면 좋다.","[[최소 신장 트리]], [[크루스칼 알고리즘]], [[정렬]], [[버블 정렬]], [[시간 복잡도]]",05-14-10-한국은행-2024-컴퓨터공학-학술-파트-I.md,"자료구조·알고리즘 문제에서는 프림 알고리즘의 정의만 쓰지 말고 관련 개념(최소 신장 트리, 크루스칼 알고리즘, 정렬)과 비교·차이를 함께 쓰면 가점을 받기 쉽다."
CS-601,플래시 메모리,플래시 메모리,컴퓨터구조,#,ㅍ,"플래시 메모리(플래시 메모리)은/는 컴퓨터구조 영역의 핵심 개념으로, 명령어 실행, 캐시, 병렬성, 입출력 병목을 하드웨어 관점에서 설명한다.","플래시 메모리(플래시 메모리)은/는 컴퓨터구조 영역의 핵심 개념으로, 명령어 실행, 캐시, 병렬성, 입출력 병목을 하드웨어 관점에서 설명한다. 성능 계산에서는 CPI, 히트율, 병렬화 가능 비율처럼 수치화 가능한 요소와 병목 지점을 함께 본다. 연계 개념은 [[SRAM]], [[DRAM]], [[버스]], [[입출력]], [[CPU]]이며, 학습 시 ""정의 → 동작 원리 → 장단점 → 적용 사례"" 순서로 정리하면 좋다.","[[SRAM]], [[DRAM]], [[버스]], [[입출력]], [[CPU]]",05-14-10-한국은행-2024-컴퓨터공학-학술-파트-I.md,"컴퓨터구조 문제에서는 플래시 메모리의 정의만 쓰지 말고 관련 개념(SRAM, DRAM, 버스)과 비교·차이를 함께 쓰면 가점을 받기 쉽다."
CS-602,플로이드-워셜 알고리즘,플로이드-워셜 알고리즘,자료구조·알고리즘,#,ㅍ,플로이드-워셜 알고리즘(플로이드-워셜 알고리즘)은/는 데이터를 저장·탐색·갱신하거나 문제를 효율적으로 해결하기 위한 구조 또는 절차이다.,"플로이드-워셜 알고리즘(플로이드-워셜 알고리즘)은/는 데이터를 저장·탐색·갱신하거나 문제를 효율적으로 해결하기 위한 구조 또는 절차이다. 구현 아이디어, 평균/최악 시간복잡도, 안정성·제자리성 같은 성질을 함께 정리하면 코딩형과 서술형 모두에 대응된다. 연계 개념은 [[다익스트라 알고리즘]], [[벨만-포드 알고리즘]], [[최소 신장 트리]], [[크루스칼 알고리즘]], [[시간 복잡도]]이며, 학습 시 ""정의 → 동작 원리 → 장단점 → 적용 사례"" 순서로 정리하면 좋다.","[[다익스트라 알고리즘]], [[벨만-포드 알고리즘]], [[최소 신장 트리]], [[크루스칼 알고리즘]], [[시간 복잡도]]",보강 개념(페이지 직접 언급 없음),"자료구조·알고리즘 문제에서는 플로이드-워셜 알고리즘의 정의만 쓰지 말고 관련 개념(다익스트라 알고리즘, 벨만-포드 알고리즘, 최소 신장 트리)과 비교·차이를 함께 쓰면 가점을 받기 쉽다."
CS-603,학습률,학습률,인공지능·데이터,#,ㅎ,"학습률(학습률)은/는 데이터 기반 예측·분류·분석 과정에서 모델, 학습 방법, 평가 또는 전처리를 설명하는 개념이다.","학습률(학습률)은/는 데이터 기반 예측·분류·분석 과정에서 모델, 학습 방법, 평가 또는 전처리를 설명하는 개념이다. 데이터 누수, 편향, 평가 지표 선택, 운영 중 성능 저하를 함께 고려해야 실제 금융 AI 적용에 적합하다. 연계 개념은 [[ROC-AUC]], [[경사하강법]], [[손실 함수]], [[역전파]], [[머신러닝]]이며, 학습 시 ""정의 → 동작 원리 → 장단점 → 적용 사례"" 순서로 정리하면 좋다.","[[ROC-AUC]], [[경사하강법]], [[손실 함수]], [[역전파]], [[머신러닝]]",05-14-08-한국은행-2023-컴퓨터공학-학술-파트-I.md,"인공지능·데이터 문제에서는 학습률의 정의만 쓰지 말고 관련 개념(ROC-AUC, 경사하강법, 손실 함수)과 비교·차이를 함께 쓰면 가점을 받기 쉽다."
CS-604,함수 종속,함수 종속,데이터베이스,#,ㅎ,함수 종속(함수 종속)은/는 데이터 중복과 갱신 이상을 줄이기 위해 릴레이션 구조와 속성 의존 관계를 분석하는 개념이다.,"함수 종속(함수 종속)은/는 데이터 중복과 갱신 이상을 줄이기 위해 릴레이션 구조와 속성 의존 관계를 분석하는 개념이다. 시험에서는 정의만이 아니라 이상현상, 정규화, 인덱스 성능, 트랜잭션 격리 수준과 함께 묶어 서술하는 것이 좋다. 연계 개념은 [[제3정규형]], [[BCNF]], [[완전 함수 종속]], [[부분 함수 종속]], [[SQL]]이며, 학습 시 ""정의 → 동작 원리 → 장단점 → 적용 사례"" 순서로 정리하면 좋다.","[[제3정규형]], [[BCNF]], [[완전 함수 종속]], [[부분 함수 종속]], [[SQL]]",05-14-06-한국은행-2022-컴퓨터공학-학술-파트-I.md; 05-14-11-한국은행-2025-컴퓨터공학-학술-1-데이터베이스.md; 05-08-산업은행-기출.md,"데이터베이스 문제에서는 함수 종속의 정의만 쓰지 말고 관련 개념(제3정규형, BCNF, 완전 함수 종속)과 비교·차이를 함께 쓰면 가점을 받기 쉽다."
CS-605,함수형 프로그래밍,함수형 프로그래밍,프로그래밍 언어,#,ㅎ,"함수형 프로그래밍(함수형 프로그래밍)은/는 프로그래밍 언어 영역의 핵심 개념으로, 코드 실행 방식, 메모리 모델, 객체지향·함수형 추상화를 이해하는 데 필요하다.","함수형 프로그래밍(함수형 프로그래밍)은/는 프로그래밍 언어 영역의 핵심 개념으로, 코드 실행 방식, 메모리 모델, 객체지향·함수형 추상화를 이해하는 데 필요하다. 컴파일/실행 시점, 메모리 할당 위치, 타입 검사 방식, 다형성의 바인딩 시점을 비교해 설명하는 문제가 자주 나온다. 연계 개념은 [[람다식]], [[클로저]], [[순수 함수]], [[고차 함수]], [[컴파일러]]이며, 학습 시 ""정의 → 동작 원리 → 장단점 → 적용 사례"" 순서로 정리하면 좋다.","[[람다식]], [[클로저]], [[순수 함수]], [[고차 함수]], [[컴파일러]]",보강 개념(페이지 직접 언급 없음),"프로그래밍 언어 문제에서는 함수형 프로그래밍의 정의만 쓰지 말고 관련 개념(람다식, 클로저, 순수 함수)과 비교·차이를 함께 쓰면 가점을 받기 쉽다."
CS-606,해독,해독,컴퓨터구조,#,ㅎ,"해독(해독)은/는 컴퓨터구조 영역의 핵심 개념으로, 명령어 실행, 캐시, 병렬성, 입출력 병목을 하드웨어 관점에서 설명한다.","해독(해독)은/는 컴퓨터구조 영역의 핵심 개념으로, 명령어 실행, 캐시, 병렬성, 입출력 병목을 하드웨어 관점에서 설명한다. 성능 계산에서는 CPI, 히트율, 병렬화 가능 비율처럼 수치화 가능한 요소와 병목 지점을 함께 본다. 연계 개념은 [[명령어 사이클]], [[인출]], [[실행]], [[파이프라이닝]], [[CPU]]이며, 학습 시 ""정의 → 동작 원리 → 장단점 → 적용 사례"" 순서로 정리하면 좋다.","[[명령어 사이클]], [[인출]], [[실행]], [[파이프라이닝]], [[CPU]]",14-1-CPU-설계.md,"컴퓨터구조 문제에서는 해독의 정의만 쓰지 말고 관련 개념(명령어 사이클, 인출, 실행)과 비교·차이를 함께 쓰면 가점을 받기 쉽다."
CS-607,해시 인덱스,해시 인덱스,데이터베이스,#,ㅎ,"해시 인덱스(해시 인덱스)은/는 데이터베이스 영역의 핵심 개념으로, 데이터 저장·검색·무결성·동시성의 관점에서 금융권 거래 원장과 고객 데이터 품질을 좌우한다.","해시 인덱스(해시 인덱스)은/는 데이터베이스 영역의 핵심 개념으로, 데이터 저장·검색·무결성·동시성의 관점에서 금융권 거래 원장과 고객 데이터 품질을 좌우한다. 시험에서는 정의만이 아니라 이상현상, 정규화, 인덱스 성능, 트랜잭션 격리 수준과 함께 묶어 서술하는 것이 좋다. 연계 개념은 [[B-트리]], [[B+트리]], [[클러스터드 인덱스]], [[비클러스터드 인덱스]], [[SQL]]이며, 학습 시 ""정의 → 동작 원리 → 장단점 → 적용 사례"" 순서로 정리하면 좋다.","[[B-트리]], [[B+트리]], [[클러스터드 인덱스]], [[비클러스터드 인덱스]], [[SQL]]",보강 개념(페이지 직접 언급 없음),"데이터베이스 문제에서는 해시 인덱스의 정의만 쓰지 말고 관련 개념(B-트리, B+트리, 클러스터드 인덱스)과 비교·차이를 함께 쓰면 가점을 받기 쉽다."
CS-608,해시 탐색,해시 탐색,자료구조·알고리즘,#,ㅎ,해시 탐색(해시 탐색)은/는 데이터를 저장·탐색·갱신하거나 문제를 효율적으로 해결하기 위한 구조 또는 절차이다.,"해시 탐색(해시 탐색)은/는 데이터를 저장·탐색·갱신하거나 문제를 효율적으로 해결하기 위한 구조 또는 절차이다. 구현 아이디어, 평균/최악 시간복잡도, 안정성·제자리성 같은 성질을 함께 정리하면 코딩형과 서술형 모두에 대응된다. 연계 개념은 [[기수 정렬]], [[이진 탐색]], [[분할 정복]], [[동적 계획법]], [[시간 복잡도]]이며, 학습 시 ""정의 → 동작 원리 → 장단점 → 적용 사례"" 순서로 정리하면 좋다.","[[기수 정렬]], [[이진 탐색]], [[분할 정복]], [[동적 계획법]], [[시간 복잡도]]",보강 개념(페이지 직접 언급 없음),"자료구조·알고리즘 문제에서는 해시 탐색의 정의만 쓰지 말고 관련 개념(기수 정렬, 이진 탐색, 분할 정복)과 비교·차이를 함께 쓰면 가점을 받기 쉽다."
CS-609,해시 테이블,해시 테이블,자료구조·알고리즘,#,ㅎ,해시 테이블(해시 테이블)은/는 데이터를 저장·탐색·갱신하거나 문제를 효율적으로 해결하기 위한 구조 또는 절차이다.,"해시 테이블(해시 테이블)은/는 데이터를 저장·탐색·갱신하거나 문제를 효율적으로 해결하기 위한 구조 또는 절차이다. 구현 아이디어, 평균/최악 시간복잡도, 안정성·제자리성 같은 성질을 함께 정리하면 코딩형과 서술형 모두에 대응된다. 연계 개념은 [[최대 힙]], [[최소 힙]], [[해시 함수]], [[충돌]], [[시간 복잡도]]이며, 학습 시 ""정의 → 동작 원리 → 장단점 → 적용 사례"" 순서로 정리하면 좋다.","[[최대 힙]], [[최소 힙]], [[해시 함수]], [[충돌]], [[시간 복잡도]]",07-05-인덱스와-동시성.md; 13-02-구현.md; 05-14-20-한국은행-2025-컴퓨터공학-학술-10-자료구조-해시.md,"자료구조·알고리즘 문제에서는 해시 테이블의 정의만 쓰지 말고 관련 개념(최대 힙, 최소 힙, 해시 함수)과 비교·차이를 함께 쓰면 가점을 받기 쉽다."
CS-610,해시 함수,해시 함수,자료구조·알고리즘,#,ㅎ,해시 함수(해시 함수)은/는 데이터를 저장·탐색·갱신하거나 문제를 효율적으로 해결하기 위한 구조 또는 절차이다.,"해시 함수(해시 함수)은/는 데이터를 저장·탐색·갱신하거나 문제를 효율적으로 해결하기 위한 구조 또는 절차이다. 구현 아이디어, 평균/최악 시간복잡도, 안정성·제자리성 같은 성질을 함께 정리하면 코딩형과 서술형 모두에 대응된다. 연계 개념은 [[최소 힙]], [[해시 테이블]], [[충돌]], [[체이닝]], [[시간 복잡도]]이며, 학습 시 ""정의 → 동작 원리 → 장단점 → 적용 사례"" 순서로 정리하면 좋다.","[[최소 힙]], [[해시 테이블]], [[충돌]], [[체이닝]], [[시간 복잡도]]",04-04-네트워크-프로토콜-보안.md; 05-12-보안-기출-모음.md; 05-14-20-한국은행-2025-컴퓨터공학-학술-10-자료구조-해시.md,"자료구조·알고리즘 문제에서는 해시 함수의 정의만 쓰지 말고 관련 개념(최소 힙, 해시 테이블, 충돌)과 비교·차이를 함께 쓰면 가점을 받기 쉽다."
CS-611,혼잡 제어,혼잡 제어,네트워크,#,ㅎ,"혼잡 제어(혼잡 제어)은/는 네트워크 통신에서 주소 지정, 경로 선택, 신뢰성, 이름 해석 또는 보안 채널을 구성하는 핵심 요소이다.","혼잡 제어(혼잡 제어)은/는 네트워크 통신에서 주소 지정, 경로 선택, 신뢰성, 이름 해석 또는 보안 채널을 구성하는 핵심 요소이다. 프로토콜의 위치 계층, 헤더에 담기는 식별자, 연결 수립/해제 흐름, 장애 시 진단 명령을 연결해 이해해야 한다. 연계 개념은 [[4-Way Handshake]], [[흐름 제어]], [[슬라이딩 윈도우]], [[Stop-and-Wait]], [[TCP]]이며, 학습 시 ""정의 → 동작 원리 → 장단점 → 적용 사례"" 순서로 정리하면 좋다.","[[4-Way Handshake]], [[흐름 제어]], [[슬라이딩 윈도우]], [[Stop-and-Wait]], [[TCP]]",04-04-네트워크-프로토콜-보안.md; 05-06-예탁결제원-기출.md; 05-11-네트워크-기출-모음.md,"네트워크 문제에서는 혼잡 제어의 정의만 쓰지 말고 관련 개념(4-Way Handshake, 흐름 제어, 슬라이딩 윈도우)과 비교·차이를 함께 쓰면 가점을 받기 쉽다."
CS-612,환형대기 조건,환형대기 조건,운영체제,#,ㅎ,"환형대기 조건(환형대기 조건)은/는 운영체제 영역의 핵심 개념으로, CPU, 메모리, 파일, 입출력 자원을 공정하고 효율적으로 배분하는 기반 지식이다.","환형대기 조건(환형대기 조건)은/는 운영체제 영역의 핵심 개념으로, CPU, 메모리, 파일, 입출력 자원을 공정하고 효율적으로 배분하는 기반 지식이다. 답안에서는 상태 전이, 자료구조(큐·테이블), 오버헤드와 처리량/응답시간의 트레이드오프를 함께 적으면 완성도가 높다. 연계 개념은 [[점유대기 조건]], [[비선점 조건]], [[은행가 알고리즘]], [[메모리 관리]], [[프로세스]]이며, 학습 시 ""정의 → 동작 원리 → 장단점 → 적용 사례"" 순서로 정리하면 좋다.","[[점유대기 조건]], [[비선점 조건]], [[은행가 알고리즘]], [[메모리 관리]], [[프로세스]]",보강 개념(페이지 직접 언급 없음),"운영체제 문제에서는 환형대기 조건의 정의만 쓰지 말고 관련 개념(점유대기 조건, 비선점 조건, 은행가 알고리즘)과 비교·차이를 함께 쓰면 가점을 받기 쉽다."
CS-613,회복,회복,데이터베이스,#,ㅎ,회복(회복)은/는 여러 사용자가 동시에 데이터를 변경해도 결과가 정확하고 장애 후 복구 가능하도록 보장하는 거래 처리 개념이다.,"회복(회복)은/는 여러 사용자가 동시에 데이터를 변경해도 결과가 정확하고 장애 후 복구 가능하도록 보장하는 거래 처리 개념이다. 시험에서는 정의만이 아니라 이상현상, 정규화, 인덱스 성능, 트랜잭션 격리 수준과 함께 묶어 서술하는 것이 좋다. 연계 개념은 [[낙관적 병행제어]], [[MVCC]], [[로그]], [[UNDO]], [[SQL]]이며, 학습 시 ""정의 → 동작 원리 → 장단점 → 적용 사례"" 순서로 정리하면 좋다.","[[낙관적 병행제어]], [[MVCC]], [[로그]], [[UNDO]], [[SQL]]",03-01-지원동기.md; 02-01-기본-전제와-일정.md; 05-14-한국은행-기출.md,"데이터베이스 문제에서는 회복의 정의만 쓰지 말고 관련 개념(낙관적 병행제어, MVCC, 로그)과 비교·차이를 함께 쓰면 가점을 받기 쉽다."
CS-614,흐름 제어,흐름 제어,네트워크,#,ㅎ,"흐름 제어(흐름 제어)은/는 네트워크 통신에서 주소 지정, 경로 선택, 신뢰성, 이름 해석 또는 보안 채널을 구성하는 핵심 요소이다.","흐름 제어(흐름 제어)은/는 네트워크 통신에서 주소 지정, 경로 선택, 신뢰성, 이름 해석 또는 보안 채널을 구성하는 핵심 요소이다. 프로토콜의 위치 계층, 헤더에 담기는 식별자, 연결 수립/해제 흐름, 장애 시 진단 명령을 연결해 이해해야 한다. 연계 개념은 [[3-Way Handshake]], [[4-Way Handshake]], [[혼잡 제어]], [[슬라이딩 윈도우]], [[TCP]]이며, 학습 시 ""정의 → 동작 원리 → 장단점 → 적용 사례"" 순서로 정리하면 좋다.","[[3-Way Handshake]], [[4-Way Handshake]], [[혼잡 제어]], [[슬라이딩 윈도우]], [[TCP]]",04-04-네트워크-프로토콜-보안.md; 05-02-기업은행-기출.md,"네트워크 문제에서는 흐름 제어의 정의만 쓰지 말고 관련 개념(3-Way Handshake, 4-Way Handshake, 혼잡 제어)과 비교·차이를 함께 쓰면 가점을 받기 쉽다."
CS-615,힙 메모리,힙 메모리,프로그래밍 언어,#,ㅎ,"힙 메모리(힙 메모리)은/는 프로그래밍 언어 영역의 핵심 개념으로, 코드 실행 방식, 메모리 모델, 객체지향·함수형 추상화를 이해하는 데 필요하다.","힙 메모리(힙 메모리)은/는 프로그래밍 언어 영역의 핵심 개념으로, 코드 실행 방식, 메모리 모델, 객체지향·함수형 추상화를 이해하는 데 필요하다. 컴파일/실행 시점, 메모리 할당 위치, 타입 검사 방식, 다형성의 바인딩 시점을 비교해 설명하는 문제가 자주 나온다. 연계 개념은 [[수명]], [[스택 메모리]], [[가비지 컬렉션]], [[클래스]], [[컴파일러]]이며, 학습 시 ""정의 → 동작 원리 → 장단점 → 적용 사례"" 순서로 정리하면 좋다.","[[수명]], [[스택 메모리]], [[가비지 컬렉션]], [[클래스]], [[컴파일러]]",보강 개념(페이지 직접 언급 없음),"프로그래밍 언어 문제에서는 힙 메모리의 정의만 쓰지 말고 관련 개념(수명, 스택 메모리, 가비지 컬렉션)과 비교·차이를 함께 쓰면 가점을 받기 쉽다."
CS-616,힙 정렬,힙 정렬,자료구조·알고리즘,#,ㅎ,힙 정렬(힙 정렬)은/는 데이터를 저장·탐색·갱신하거나 문제를 효율적으로 해결하기 위한 구조 또는 절차이다.,"힙 정렬(힙 정렬)은/는 데이터를 저장·탐색·갱신하거나 문제를 효율적으로 해결하기 위한 구조 또는 절차이다. 구현 아이디어, 평균/최악 시간복잡도, 안정성·제자리성 같은 성질을 함께 정리하면 코딩형과 서술형 모두에 대응된다. 연계 개념은 [[병합 정렬]], [[퀵 정렬]], [[계수 정렬]], [[기수 정렬]], [[시간 복잡도]]이며, 학습 시 ""정의 → 동작 원리 → 장단점 → 적용 사례"" 순서로 정리하면 좋다.","[[병합 정렬]], [[퀵 정렬]], [[계수 정렬]], [[기수 정렬]], [[시간 복잡도]]",09-03-정렬과-탐색.md; 04-05-자료구조-알고리즘-DB-금융IT.md,"자료구조·알고리즘 문제에서는 힙 정렬의 정의만 쓰지 말고 관련 개념(병합 정렬, 퀵 정렬, 계수 정렬)과 비교·차이를 함께 쓰면 가점을 받기 쉽다."
